-- phpMyAdmin SQL Dump
-- version 4.5.4.1deb2ubuntu2
-- http://www.phpmyadmin.net
--
-- Host: localhost
-- Generation Time: Sep 23, 2017 at 04:14 PM
-- Server version: 5.7.19-0ubuntu0.16.04.1
-- PHP Version: 7.1.8-2+ubuntu16.04.1+deb.sury.org+4

SET SQL_MODE = "NO_AUTO_VALUE_ON_ZERO";
SET time_zone = "+00:00";


/*!40101 SET @OLD_CHARACTER_SET_CLIENT=@@CHARACTER_SET_CLIENT */;
/*!40101 SET @OLD_CHARACTER_SET_RESULTS=@@CHARACTER_SET_RESULTS */;
/*!40101 SET @OLD_COLLATION_CONNECTION=@@COLLATION_CONNECTION */;
/*!40101 SET NAMES utf8mb4 */;

--
-- Database: `amirul_venus`
--

-- --------------------------------------------------------

--
-- Table structure for table `academices_student_attendances`
--

CREATE TABLE `academices_student_attendances` (
  `id` int(10) UNSIGNED NOT NULL,
  `student_id` int(11) NOT NULL DEFAULT '0',
  `attendacnce_type` int(11) NOT NULL DEFAULT '0',
  `teacher_id` int(11) NOT NULL DEFAULT '0',
  `attendance_date` date NOT NULL,
  `remarks` varchar(255) COLLATE utf8mb4_unicode_ci NOT NULL DEFAULT 'not set',
  `created_at` timestamp NULL DEFAULT NULL,
  `updated_at` timestamp NULL DEFAULT NULL,
  `deleted_at` timestamp NULL DEFAULT NULL
) ENGINE=InnoDB DEFAULT CHARSET=utf8mb4 COLLATE=utf8mb4_unicode_ci;

--
-- Dumping data for table `academices_student_attendances`
--

INSERT INTO `academices_student_attendances` (`id`, `student_id`, `attendacnce_type`, `teacher_id`, `attendance_date`, `remarks`, `created_at`, `updated_at`, `deleted_at`) VALUES
(1, 1, 0, 0, '2017-09-09', 'not set', '2017-07-24 06:07:05', '2017-07-25 10:03:16', NULL),
(2, 1, 1, 0, '2017-09-10', 'not set', '2017-07-24 06:07:05', '2017-07-24 06:22:31', '2017-07-24 06:22:31'),
(3, 1, 1, 0, '2017-09-11', 'not set', '2017-07-24 06:07:05', '2017-07-24 06:22:30', '2017-07-24 06:22:30'),
(4, 1, 1, 0, '2017-09-12', 'not set', '2017-07-24 06:07:05', '2017-07-24 06:22:30', '2017-07-24 06:22:30'),
(5, 1, 1, 0, '2017-09-13', 'not set', '2017-07-24 06:07:05', '2017-07-24 06:22:30', '2017-07-24 06:22:30'),
(6, 1, 1, 0, '2017-09-14', 'not set', '2017-07-24 06:07:05', '2017-07-24 06:22:30', '2017-07-24 06:22:30'),
(7, 1, 1, 0, '2017-09-15', 'not set', '2017-07-24 06:07:06', '2017-07-24 06:22:30', '2017-07-24 06:22:30'),
(8, 2, 1, 0, '2017-09-09', 'not set', '2017-07-24 06:07:06', '2017-07-24 06:14:19', NULL),
(9, 2, 1, 0, '2017-09-10', 'not set', '2017-07-24 06:07:06', '2017-07-24 06:22:31', '2017-07-24 06:22:31'),
(10, 2, 1, 0, '2017-09-11', 'not set', '2017-07-24 06:07:06', '2017-07-24 06:22:30', '2017-07-24 06:22:30'),
(11, 2, 1, 0, '2017-09-12', 'not set', '2017-07-24 06:07:06', '2017-07-24 06:22:30', '2017-07-24 06:22:30'),
(12, 2, 0, 0, '2017-09-13', 'not set', '2017-07-24 06:07:06', '2017-07-24 06:22:30', '2017-07-24 06:22:30'),
(13, 2, 1, 0, '2017-09-14', 'not set', '2017-07-24 06:07:06', '2017-07-24 06:22:30', '2017-07-24 06:22:30'),
(14, 2, 0, 0, '2017-09-15', 'not set', '2017-07-24 06:07:06', '2017-07-24 06:22:30', '2017-07-24 06:22:30'),
(15, 3, 1, 0, '2017-09-09', 'not set', '2017-07-24 06:07:06', '2017-07-24 06:07:06', NULL),
(16, 3, 1, 0, '2017-09-10', 'not set', '2017-07-24 06:07:06', '2017-07-24 06:22:31', '2017-07-24 06:22:31'),
(17, 3, 1, 0, '2017-09-11', 'not set', '2017-07-24 06:07:06', '2017-07-24 06:22:31', '2017-07-24 06:22:31'),
(18, 3, 0, 0, '2017-09-12', 'not set', '2017-07-24 06:07:06', '2017-07-24 06:22:30', '2017-07-24 06:22:30'),
(19, 3, 1, 0, '2017-09-13', 'not set', '2017-07-24 06:07:06', '2017-07-24 06:22:30', '2017-07-24 06:22:30'),
(20, 3, 0, 0, '2017-09-14', 'not set', '2017-07-24 06:07:06', '2017-07-24 06:22:30', '2017-07-24 06:22:30'),
(21, 3, 1, 0, '2017-09-15', 'not set', '2017-07-24 06:07:07', '2017-07-24 06:22:30', '2017-07-24 06:22:30'),
(22, 4, 1, 0, '2017-09-09', 'not set', '2017-07-24 06:07:07', '2017-07-24 06:14:19', NULL),
(23, 4, 1, 0, '2017-09-10', 'not set', '2017-07-24 06:07:07', '2017-07-24 06:22:31', '2017-07-24 06:22:31'),
(24, 4, 0, 0, '2017-09-11', 'not set', '2017-07-24 06:07:07', '2017-07-24 06:22:31', '2017-07-24 06:22:31'),
(25, 4, 1, 0, '2017-09-12', 'not set', '2017-07-24 06:07:07', '2017-07-24 06:22:30', '2017-07-24 06:22:30'),
(26, 4, 0, 0, '2017-09-13', 'not set', '2017-07-24 06:07:07', '2017-07-24 06:22:30', '2017-07-24 06:22:30'),
(27, 4, 1, 0, '2017-09-14', 'not set', '2017-07-24 06:07:07', '2017-07-24 06:22:30', '2017-07-24 06:22:30'),
(28, 4, 0, 0, '2017-09-15', 'not set', '2017-07-24 06:07:07', '2017-07-24 06:22:30', '2017-07-24 06:22:30'),
(29, 5, 1, 0, '2017-09-09', 'not set', '2017-07-24 06:07:07', '2017-07-24 06:07:07', NULL),
(30, 5, 1, 0, '2017-09-10', 'not set', '2017-07-24 06:07:07', '2017-07-24 06:22:31', '2017-07-24 06:22:31'),
(31, 5, 1, 0, '2017-09-11', 'not set', '2017-07-24 06:07:07', '2017-07-24 06:22:31', '2017-07-24 06:22:31'),
(32, 5, 0, 0, '2017-09-12', 'not set', '2017-07-24 06:07:08', '2017-07-24 06:22:30', '2017-07-24 06:22:30'),
(33, 5, 1, 0, '2017-09-13', 'not set', '2017-07-24 06:07:08', '2017-07-24 06:22:30', '2017-07-24 06:22:30'),
(34, 5, 0, 0, '2017-09-14', 'not set', '2017-07-24 06:07:08', '2017-07-24 06:22:30', '2017-07-24 06:22:30'),
(35, 5, 1, 0, '2017-09-15', 'not set', '2017-07-24 06:07:08', '2017-07-24 06:22:30', '2017-07-24 06:22:30'),
(36, 1, 0, 0, '2017-09-10', 'not set', '2017-07-24 06:23:26', '2017-07-25 10:05:39', NULL),
(37, 2, 1, 0, '2017-09-10', 'not set', '2017-07-24 06:23:26', '2017-07-24 06:23:26', NULL),
(38, 3, 1, 0, '2017-09-10', 'not set', '2017-07-24 06:23:27', '2017-07-24 06:23:27', NULL),
(39, 4, 1, 0, '2017-09-10', 'not set', '2017-07-24 06:23:27', '2017-07-24 06:23:27', NULL),
(40, 5, 1, 0, '2017-09-10', 'not set', '2017-07-24 06:23:27', '2017-07-24 06:23:27', NULL),
(41, 1, 0, 0, '2017-09-11', 'not set', '2017-07-24 06:23:27', '2017-07-25 10:03:16', NULL),
(42, 2, 1, 0, '2017-09-11', 'not set', '2017-07-24 06:23:27', '2017-07-24 06:23:27', NULL),
(43, 3, 1, 0, '2017-09-11', 'not set', '2017-07-24 06:23:27', '2017-07-24 06:23:27', NULL),
(44, 4, 0, 0, '2017-09-11', 'not set', '2017-07-24 06:23:27', '2017-07-24 06:24:37', NULL),
(45, 5, 1, 0, '2017-09-11', 'not set', '2017-07-24 06:23:27', '2017-07-24 06:23:27', NULL),
(46, 1, 1, 0, '2017-09-12', 'not set', '2017-07-24 06:23:27', '2017-07-24 06:23:27', NULL),
(47, 2, 1, 0, '2017-09-12', 'not set', '2017-07-24 06:23:27', '2017-07-24 06:23:27', NULL),
(48, 3, 0, 0, '2017-09-12', 'not set', '2017-07-24 06:23:27', '2017-07-24 06:24:37', NULL),
(49, 4, 1, 0, '2017-09-12', 'not set', '2017-07-24 06:23:28', '2017-07-24 06:23:28', NULL),
(50, 5, 1, 0, '2017-09-12', 'not set', '2017-07-24 06:23:28', '2017-07-24 06:23:28', NULL),
(51, 1, 1, 0, '2017-09-13', 'not set', '2017-07-24 06:23:28', '2017-07-24 06:23:28', NULL),
(52, 2, 0, 0, '2017-09-13', 'not set', '2017-07-24 06:23:28', '2017-07-24 06:35:04', NULL),
(53, 3, 1, 0, '2017-09-13', 'not set', '2017-07-24 06:23:28', '2017-07-24 06:23:28', NULL),
(54, 4, 1, 0, '2017-09-13', 'not set', '2017-07-24 06:23:28', '2017-07-24 06:23:28', NULL),
(55, 5, 1, 0, '2017-09-13', 'not set', '2017-07-24 06:23:28', '2017-07-24 06:23:28', NULL),
(56, 1, 1, 0, '2017-09-14', 'not set', '2017-07-24 06:23:28', '2017-07-24 06:23:28', NULL),
(57, 2, 1, 0, '2017-09-14', 'not set', '2017-07-24 06:23:28', '2017-07-24 06:23:28', NULL),
(58, 3, 1, 0, '2017-09-14', 'not set', '2017-07-24 06:23:28', '2017-07-24 06:23:28', NULL),
(59, 4, 1, 0, '2017-09-14', 'not set', '2017-07-24 06:23:28', '2017-07-24 06:23:28', NULL),
(60, 5, 1, 0, '2017-09-14', 'not set', '2017-07-24 06:23:29', '2017-07-24 06:23:29', NULL),
(61, 1, 1, 0, '2017-09-15', 'not set', '2017-07-24 06:23:29', '2017-07-24 06:23:29', NULL),
(62, 2, 1, 0, '2017-09-15', 'not set', '2017-07-24 06:23:29', '2017-07-24 06:23:29', NULL),
(63, 3, 1, 0, '2017-09-15', 'not set', '2017-07-24 06:23:29', '2017-07-24 06:23:29', NULL),
(64, 4, 1, 0, '2017-09-15', 'not set', '2017-07-24 06:23:29', '2017-07-24 06:23:29', NULL),
(65, 5, 1, 0, '2017-09-15', 'not set', '2017-07-24 06:23:29', '2017-07-24 06:23:29', NULL),
(66, 1, 1, 0, '2017-07-26', 'not set', '2017-07-26 01:53:20', '2017-07-26 01:53:20', NULL),
(67, 2, 1, 0, '2017-07-26', 'not set', '2017-07-26 01:53:20', '2017-07-26 01:53:20', NULL),
(68, 3, 1, 0, '2017-07-26', 'not set', '2017-07-26 01:53:20', '2017-07-26 01:53:20', NULL),
(69, 4, 1, 0, '2017-07-26', 'not set', '2017-07-26 01:53:20', '2017-07-26 01:53:20', NULL),
(70, 5, 1, 0, '2017-07-26', 'not set', '2017-07-26 01:53:20', '2017-07-26 01:53:20', NULL),
(71, 1, 1, 0, '2017-09-19', 'not set', '2017-07-27 02:28:23', '2017-07-27 02:28:23', NULL),
(72, 1, 0, 0, '2017-09-20', 'not set', '2017-07-27 02:28:23', '2017-07-27 02:28:23', NULL),
(73, 1, 1, 0, '2017-09-21', 'not set', '2017-07-27 02:28:23', '2017-07-27 02:28:23', NULL),
(74, 1, 0, 0, '2017-09-22', 'not set', '2017-07-27 02:28:23', '2017-07-27 02:28:23', NULL),
(75, 1, 1, 0, '2017-09-23', 'not set', '2017-07-27 02:28:23', '2017-07-27 02:28:23', NULL),
(76, 1, 0, 0, '2017-09-24', 'not set', '2017-07-27 02:28:23', '2017-07-27 02:28:23', NULL),
(77, 1, 1, 0, '2017-09-25', 'not set', '2017-07-27 02:28:24', '2017-07-27 02:28:24', NULL),
(78, 2, 0, 0, '2017-09-19', 'not set', '2017-07-27 02:28:24', '2017-07-27 02:28:24', NULL),
(79, 2, 1, 0, '2017-09-20', 'not set', '2017-07-27 02:28:24', '2017-07-27 02:28:24', NULL),
(80, 2, 0, 0, '2017-09-21', 'not set', '2017-07-27 02:28:24', '2017-07-27 02:28:24', NULL),
(81, 2, 1, 0, '2017-09-22', 'not set', '2017-07-27 02:28:24', '2017-07-27 02:28:24', NULL),
(82, 2, 0, 0, '2017-09-23', 'not set', '2017-07-27 02:28:24', '2017-07-27 02:28:24', NULL),
(83, 2, 1, 0, '2017-09-24', 'not set', '2017-07-27 02:28:24', '2017-07-27 02:28:24', NULL),
(84, 2, 0, 0, '2017-09-25', 'not set', '2017-07-27 02:28:24', '2017-07-27 02:28:24', NULL),
(85, 3, 1, 0, '2017-09-19', 'not set', '2017-07-27 02:28:24', '2017-07-27 02:28:24', NULL),
(86, 3, 0, 0, '2017-09-20', 'not set', '2017-07-27 02:28:24', '2017-07-27 02:28:24', NULL),
(87, 3, 1, 0, '2017-09-21', 'not set', '2017-07-27 02:28:24', '2017-07-27 02:28:24', NULL),
(88, 3, 0, 0, '2017-09-22', 'not set', '2017-07-27 02:28:25', '2017-07-27 02:28:25', NULL),
(89, 3, 1, 0, '2017-09-23', 'not set', '2017-07-27 02:28:25', '2017-07-27 02:28:25', NULL),
(90, 3, 0, 0, '2017-09-24', 'not set', '2017-07-27 02:28:25', '2017-07-27 02:28:25', NULL),
(91, 3, 1, 0, '2017-09-25', 'not set', '2017-07-27 02:28:25', '2017-07-27 02:28:25', NULL),
(92, 4, 0, 0, '2017-09-19', 'not set', '2017-07-27 02:28:25', '2017-07-27 02:28:25', NULL),
(93, 4, 1, 0, '2017-09-20', 'not set', '2017-07-27 02:28:25', '2017-07-27 02:28:25', NULL),
(94, 4, 0, 0, '2017-09-21', 'not set', '2017-07-27 02:28:25', '2017-07-27 02:28:25', NULL),
(95, 4, 1, 0, '2017-09-22', 'not set', '2017-07-27 02:28:25', '2017-07-27 02:28:25', NULL),
(96, 4, 0, 0, '2017-09-23', 'not set', '2017-07-27 02:28:25', '2017-07-27 02:28:25', NULL),
(97, 4, 1, 0, '2017-09-24', 'not set', '2017-07-27 02:28:25', '2017-07-27 02:28:25', NULL),
(98, 4, 0, 0, '2017-09-25', 'not set', '2017-07-27 02:28:26', '2017-07-27 02:28:26', NULL),
(99, 5, 1, 0, '2017-09-19', 'not set', '2017-07-27 02:28:26', '2017-07-27 02:28:26', NULL),
(100, 5, 0, 0, '2017-09-20', 'not set', '2017-07-27 02:28:26', '2017-07-27 02:28:26', NULL),
(101, 5, 1, 0, '2017-09-21', 'not set', '2017-07-27 02:28:26', '2017-07-27 02:28:26', NULL),
(102, 5, 0, 0, '2017-09-22', 'not set', '2017-07-27 02:28:26', '2017-07-27 02:28:26', NULL),
(103, 5, 1, 0, '2017-09-23', 'not set', '2017-07-27 02:28:26', '2017-07-27 02:28:26', NULL),
(104, 5, 0, 0, '2017-09-24', 'not set', '2017-07-27 02:28:26', '2017-07-27 02:28:26', NULL),
(105, 5, 1, 0, '2017-09-25', 'not set', '2017-07-27 02:28:26', '2017-07-27 02:28:26', NULL),
(106, 1, 1, 0, '2017-07-27', 'not set', '2017-07-27 03:23:30', '2017-07-27 03:23:30', NULL),
(107, 2, 1, 0, '2017-07-27', 'not set', '2017-07-27 03:23:30', '2017-07-27 03:23:30', NULL),
(108, 3, 1, 0, '2017-07-27', 'not set', '2017-07-27 03:23:30', '2017-07-27 03:23:30', NULL),
(109, 4, 0, 0, '2017-07-27', 'not set', '2017-07-27 03:23:30', '2017-07-27 03:23:30', NULL),
(110, 5, 1, 0, '2017-07-27', 'not set', '2017-07-27 03:23:30', '2017-07-27 03:23:30', NULL),
(111, 6, 0, 0, '2017-07-27', 'not set', '2017-07-27 03:23:30', '2017-07-27 03:23:30', NULL),
(112, 1, 1, 0, '2017-09-19', 'not set', '2017-07-27 03:29:06', '2017-07-27 03:29:06', NULL),
(113, 1, 1, 0, '2017-09-20', 'not set', '2017-07-27 03:29:06', '2017-07-27 03:29:06', NULL),
(114, 1, 1, 0, '2017-09-21', 'not set', '2017-07-27 03:29:06', '2017-07-27 03:29:06', NULL),
(115, 1, 0, 0, '2017-09-22', 'not set', '2017-07-27 03:29:06', '2017-07-27 03:29:06', NULL),
(116, 1, 1, 0, '2017-09-23', 'not set', '2017-07-27 03:29:06', '2017-07-27 03:29:06', NULL),
(117, 1, 0, 0, '2017-09-24', 'not set', '2017-07-27 03:29:06', '2017-07-27 03:29:06', NULL),
(118, 1, 1, 0, '2017-09-25', 'not set', '2017-07-27 03:29:06', '2017-07-27 03:29:06', NULL),
(119, 2, 1, 0, '2017-09-19', 'not set', '2017-07-27 03:29:07', '2017-07-27 03:29:07', NULL),
(120, 2, 1, 0, '2017-09-20', 'not set', '2017-07-27 03:29:07', '2017-07-27 03:29:07', NULL),
(121, 2, 0, 0, '2017-09-21', 'not set', '2017-07-27 03:29:07', '2017-07-27 03:29:07', NULL),
(122, 2, 1, 0, '2017-09-22', 'not set', '2017-07-27 03:29:07', '2017-07-27 03:29:07', NULL),
(123, 2, 0, 0, '2017-09-23', 'not set', '2017-07-27 03:29:07', '2017-07-27 03:29:07', NULL),
(124, 2, 1, 0, '2017-09-24', 'not set', '2017-07-27 03:29:07', '2017-07-27 03:29:07', NULL),
(125, 2, 0, 0, '2017-09-25', 'not set', '2017-07-27 03:29:07', '2017-07-27 03:29:07', NULL),
(126, 3, 0, 0, '2017-09-19', 'not set', '2017-07-27 03:29:07', '2017-07-27 03:29:07', NULL),
(127, 3, 1, 0, '2017-09-20', 'not set', '2017-07-27 03:29:07', '2017-07-27 03:29:07', NULL),
(128, 3, 0, 0, '2017-09-21', 'not set', '2017-07-27 03:29:07', '2017-07-27 03:29:07', NULL),
(129, 3, 0, 0, '2017-09-22', 'not set', '2017-07-27 03:29:07', '2017-07-27 03:29:07', NULL),
(130, 3, 1, 0, '2017-09-23', 'not set', '2017-07-27 03:29:07', '2017-07-27 03:29:07', NULL),
(131, 3, 0, 0, '2017-09-24', 'not set', '2017-07-27 03:29:07', '2017-07-27 03:29:07', NULL),
(132, 3, 0, 0, '2017-09-25', 'not set', '2017-07-27 03:29:08', '2017-07-27 03:29:08', NULL),
(133, 4, 0, 0, '2017-09-19', 'not set', '2017-07-27 03:29:08', '2017-07-27 03:29:08', NULL),
(134, 4, 1, 0, '2017-09-20', 'not set', '2017-07-27 03:29:08', '2017-07-27 03:29:08', NULL),
(135, 4, 0, 0, '2017-09-21', 'not set', '2017-07-27 03:29:08', '2017-07-27 03:29:08', NULL),
(136, 4, 1, 0, '2017-09-22', 'not set', '2017-07-27 03:29:08', '2017-07-27 03:29:08', NULL),
(137, 4, 0, 0, '2017-09-23', 'not set', '2017-07-27 03:29:08', '2017-07-27 03:29:08', NULL),
(138, 4, 1, 0, '2017-09-24', 'not set', '2017-07-27 03:29:08', '2017-07-27 03:29:08', NULL),
(139, 4, 0, 0, '2017-09-25', 'not set', '2017-07-27 03:29:08', '2017-07-27 03:29:08', NULL),
(140, 5, 1, 0, '2017-09-19', 'not set', '2017-07-27 03:29:08', '2017-07-27 03:29:08', NULL),
(141, 5, 0, 0, '2017-09-20', 'not set', '2017-07-27 03:29:08', '2017-07-27 03:29:08', NULL),
(142, 5, 1, 0, '2017-09-21', 'not set', '2017-07-27 03:29:08', '2017-07-27 03:29:08', NULL),
(143, 5, 0, 0, '2017-09-22', 'not set', '2017-07-27 03:29:08', '2017-07-27 03:29:08', NULL),
(144, 5, 1, 0, '2017-09-23', 'not set', '2017-07-27 03:29:09', '2017-07-27 03:29:09', NULL),
(145, 5, 0, 0, '2017-09-24', 'not set', '2017-07-27 03:29:09', '2017-07-27 03:29:09', NULL),
(146, 5, 0, 0, '2017-09-25', 'not set', '2017-07-27 03:29:09', '2017-07-27 03:29:09', NULL),
(147, 1, 0, 0, '2017-08-28', 'not set', '2017-08-28 02:52:22', '2017-08-28 02:52:57', NULL),
(148, 2, 1, 0, '2017-08-28', 'not set', '2017-08-28 02:52:23', '2017-08-28 02:52:23', NULL),
(149, 1, 1, 0, '2017-09-16', 'not set', '2017-09-10 23:30:26', '2017-09-10 23:30:26', NULL),
(150, 2, 1, 0, '2017-09-16', 'not set', '2017-09-10 23:30:27', '2017-09-10 23:30:27', NULL),
(151, 1, 1, 0, '2017-09-11', 'not set', '2017-09-10 23:30:49', '2017-09-10 23:30:49', NULL),
(152, 2, 1, 0, '2017-09-11', 'not set', '2017-09-10 23:30:49', '2017-09-10 23:30:49', NULL),
(153, 1, 1, 0, '2017-09-16', 'not set', '2017-09-12 23:06:08', '2017-09-12 23:06:08', NULL),
(154, 2, 1, 0, '2017-09-16', 'not set', '2017-09-12 23:06:09', '2017-09-12 23:06:09', NULL),
(155, 3, 1, 0, '2017-09-16', 'not set', '2017-09-12 23:06:09', '2017-09-12 23:06:09', NULL),
(156, 4, 1, 0, '2017-09-16', 'not set', '2017-09-12 23:06:09', '2017-09-12 23:06:09', NULL),
(157, 5, 0, 0, '2017-09-16', 'not set', '2017-09-12 23:06:09', '2017-09-12 23:06:32', NULL),
(158, 1, 1, 0, '2017-09-13', 'not set', '2017-09-12 23:06:32', '2017-09-12 23:18:49', NULL),
(159, 2, 0, 0, '2017-09-13', 'not set', '2017-09-12 23:06:32', '2017-09-12 23:18:36', NULL),
(160, 3, 1, 0, '2017-09-13', 'not set', '2017-09-12 23:06:32', '2017-09-12 23:18:49', NULL),
(161, 4, 0, 0, '2017-09-13', 'not set', '2017-09-12 23:06:32', '2017-09-12 23:18:36', NULL),
(162, 5, 1, 0, '2017-09-13', 'not set', '2017-09-12 23:06:32', '2017-09-12 23:18:49', NULL),
(163, 1, 1, 0, '2017-09-13', 'not set', '2017-09-12 23:06:54', '2017-09-12 23:06:54', NULL),
(164, 2, 1, 0, '2017-09-13', 'not set', '2017-09-12 23:06:54', '2017-09-12 23:06:54', NULL),
(165, 3, 1, 0, '2017-09-13', 'not set', '2017-09-12 23:06:54', '2017-09-12 23:06:54', NULL),
(166, 4, 1, 0, '2017-09-13', 'not set', '2017-09-12 23:06:54', '2017-09-12 23:06:54', NULL),
(167, 5, 1, 0, '2017-09-13', 'not set', '2017-09-12 23:06:54', '2017-09-12 23:06:54', NULL),
(168, 1, 0, 0, '2017-08-11', 'not set', '2017-09-12 23:12:12', '2017-09-12 23:12:12', NULL),
(169, 2, 0, 0, '2017-08-11', 'not set', '2017-09-12 23:12:12', '2017-09-12 23:12:12', NULL),
(170, 3, 0, 0, '2017-08-11', 'not set', '2017-09-12 23:12:12', '2017-09-12 23:12:12', NULL),
(171, 4, 0, 0, '2017-08-11', 'not set', '2017-09-12 23:12:12', '2017-09-12 23:12:12', NULL),
(172, 5, 0, 0, '2017-08-11', 'not set', '2017-09-12 23:12:12', '2017-09-12 23:12:12', NULL),
(173, 1, 1, 0, '2017-08-24', 'not set', '2017-09-12 23:15:49', '2017-09-12 23:15:49', NULL),
(174, 2, 1, 0, '2017-08-24', 'not set', '2017-09-12 23:15:49', '2017-09-12 23:15:49', NULL),
(175, 3, 1, 0, '2017-08-24', 'not set', '2017-09-12 23:15:49', '2017-09-12 23:15:49', NULL),
(176, 4, 1, 0, '2017-08-24', 'not set', '2017-09-12 23:15:49', '2017-09-12 23:15:49', NULL),
(177, 5, 1, 0, '2017-08-24', 'not set', '2017-09-12 23:15:49', '2017-09-12 23:15:49', NULL),
(178, 40, 1, 0, '2017-09-23', 'not set', '2017-09-23 01:06:49', '2017-09-23 02:16:08', NULL);

-- --------------------------------------------------------

--
-- Table structure for table `academices_student_attendances_details`
--

CREATE TABLE `academices_student_attendances_details` (
  `id` int(10) UNSIGNED NOT NULL,
  `student_attendace_id` int(11) NOT NULL DEFAULT '0',
  `class_id` int(10) UNSIGNED NOT NULL DEFAULT '0',
  `section_id` int(10) UNSIGNED NOT NULL DEFAULT '0',
  `subject_id` int(10) UNSIGNED DEFAULT '0',
  `session_id` int(10) UNSIGNED NOT NULL DEFAULT '0',
  `created_at` timestamp NULL DEFAULT NULL,
  `updated_at` timestamp NULL DEFAULT NULL,
  `deleted_at` timestamp NULL DEFAULT NULL
) ENGINE=InnoDB DEFAULT CHARSET=utf8mb4 COLLATE=utf8mb4_unicode_ci;

--
-- Dumping data for table `academices_student_attendances_details`
--

INSERT INTO `academices_student_attendances_details` (`id`, `student_attendace_id`, `class_id`, `section_id`, `subject_id`, `session_id`, `created_at`, `updated_at`, `deleted_at`) VALUES
(1, 1, 4, 9, 3, 7, '2017-07-24 06:07:05', '2017-07-24 06:07:05', NULL),
(2, 2, 4, 9, 3, 7, '2017-07-24 06:07:05', '2017-07-24 06:07:05', NULL),
(3, 3, 4, 9, 3, 7, '2017-07-24 06:07:05', '2017-07-24 06:07:05', NULL),
(4, 4, 4, 9, 3, 7, '2017-07-24 06:07:05', '2017-07-24 06:07:05', NULL),
(5, 5, 4, 9, 3, 7, '2017-07-24 06:07:05', '2017-07-24 06:07:05', NULL),
(6, 6, 4, 9, 3, 7, '2017-07-24 06:07:06', '2017-07-24 06:07:06', NULL),
(7, 7, 4, 9, 3, 7, '2017-07-24 06:07:06', '2017-07-24 06:07:06', NULL),
(8, 8, 4, 9, 3, 7, '2017-07-24 06:07:06', '2017-07-24 06:07:06', NULL),
(9, 9, 4, 9, 3, 7, '2017-07-24 06:07:06', '2017-07-24 06:07:06', NULL),
(10, 10, 4, 9, 3, 7, '2017-07-24 06:07:06', '2017-07-24 06:07:06', NULL),
(11, 11, 4, 9, 3, 7, '2017-07-24 06:07:06', '2017-07-24 06:07:06', NULL),
(12, 12, 4, 9, 3, 7, '2017-07-24 06:07:06', '2017-07-24 06:07:06', NULL),
(13, 13, 4, 9, 3, 7, '2017-07-24 06:07:06', '2017-07-24 06:07:06', NULL),
(14, 14, 4, 9, 3, 7, '2017-07-24 06:07:06', '2017-07-24 06:07:06', NULL),
(15, 15, 4, 9, 3, 7, '2017-07-24 06:07:06', '2017-07-24 06:07:06', NULL),
(16, 16, 4, 9, 3, 7, '2017-07-24 06:07:06', '2017-07-24 06:07:06', NULL),
(17, 17, 4, 9, 3, 7, '2017-07-24 06:07:06', '2017-07-24 06:07:06', NULL),
(18, 18, 4, 9, 3, 7, '2017-07-24 06:07:06', '2017-07-24 06:07:06', NULL),
(19, 19, 4, 9, 3, 7, '2017-07-24 06:07:06', '2017-07-24 06:07:06', NULL),
(20, 20, 4, 9, 3, 7, '2017-07-24 06:07:07', '2017-07-24 06:07:07', NULL),
(21, 21, 4, 9, 3, 7, '2017-07-24 06:07:07', '2017-07-24 06:07:07', NULL),
(22, 22, 4, 9, 3, 7, '2017-07-24 06:07:07', '2017-07-24 06:07:07', NULL),
(23, 23, 4, 9, 3, 7, '2017-07-24 06:07:07', '2017-07-24 06:07:07', NULL),
(24, 24, 4, 9, 3, 7, '2017-07-24 06:07:07', '2017-07-24 06:07:07', NULL),
(25, 25, 4, 9, 3, 7, '2017-07-24 06:07:07', '2017-07-24 06:07:07', NULL),
(26, 26, 4, 9, 3, 7, '2017-07-24 06:07:07', '2017-07-24 06:07:07', NULL),
(27, 27, 4, 9, 3, 7, '2017-07-24 06:07:07', '2017-07-24 06:07:07', NULL),
(28, 28, 4, 9, 3, 7, '2017-07-24 06:07:07', '2017-07-24 06:07:07', NULL),
(29, 29, 4, 9, 3, 7, '2017-07-24 06:07:07', '2017-07-24 06:07:07', NULL),
(30, 30, 4, 9, 3, 7, '2017-07-24 06:07:07', '2017-07-24 06:07:07', NULL),
(31, 31, 4, 9, 3, 7, '2017-07-24 06:07:08', '2017-07-24 06:07:08', NULL),
(32, 32, 4, 9, 3, 7, '2017-07-24 06:07:08', '2017-07-24 06:07:08', NULL),
(33, 33, 4, 9, 3, 7, '2017-07-24 06:07:08', '2017-07-24 06:07:08', NULL),
(34, 34, 4, 9, 3, 7, '2017-07-24 06:07:08', '2017-07-24 06:07:08', NULL),
(35, 35, 4, 9, 3, 7, '2017-07-24 06:07:08', '2017-07-24 06:07:08', NULL),
(36, 36, 4, 9, 3, 7, '2017-07-24 06:23:26', '2017-07-24 06:23:26', NULL),
(37, 37, 4, 9, 3, 7, '2017-07-24 06:23:27', '2017-07-24 06:23:27', NULL),
(38, 38, 4, 9, 3, 7, '2017-07-24 06:23:27', '2017-07-24 06:23:27', NULL),
(39, 39, 4, 9, 3, 7, '2017-07-24 06:23:27', '2017-07-24 06:23:27', NULL),
(40, 40, 4, 9, 3, 7, '2017-07-24 06:23:27', '2017-07-24 06:23:27', NULL),
(41, 41, 4, 9, 3, 7, '2017-07-24 06:23:27', '2017-07-24 06:23:27', NULL),
(42, 42, 4, 9, 3, 7, '2017-07-24 06:23:27', '2017-07-24 06:23:27', NULL),
(43, 43, 4, 9, 3, 7, '2017-07-24 06:23:27', '2017-07-24 06:23:27', NULL),
(44, 44, 4, 9, 3, 7, '2017-07-24 06:23:27', '2017-07-24 06:23:27', NULL),
(45, 45, 4, 9, 3, 7, '2017-07-24 06:23:27', '2017-07-24 06:23:27', NULL),
(46, 46, 4, 9, 3, 7, '2017-07-24 06:23:27', '2017-07-24 06:23:27', NULL),
(47, 47, 4, 9, 3, 7, '2017-07-24 06:23:27', '2017-07-24 06:23:27', NULL),
(48, 48, 4, 9, 3, 7, '2017-07-24 06:23:28', '2017-07-24 06:23:28', NULL),
(49, 49, 4, 9, 3, 7, '2017-07-24 06:23:28', '2017-07-24 06:23:28', NULL),
(50, 50, 4, 9, 3, 7, '2017-07-24 06:23:28', '2017-07-24 06:23:28', NULL),
(51, 51, 4, 9, 3, 7, '2017-07-24 06:23:28', '2017-07-24 06:23:28', NULL),
(52, 52, 4, 9, 3, 7, '2017-07-24 06:23:28', '2017-07-24 06:23:28', NULL),
(53, 53, 4, 9, 3, 7, '2017-07-24 06:23:28', '2017-07-24 06:23:28', NULL),
(54, 54, 4, 9, 3, 7, '2017-07-24 06:23:28', '2017-07-24 06:23:28', NULL),
(55, 55, 4, 9, 3, 7, '2017-07-24 06:23:28', '2017-07-24 06:23:28', NULL),
(56, 56, 4, 9, 3, 7, '2017-07-24 06:23:28', '2017-07-24 06:23:28', NULL),
(57, 57, 4, 9, 3, 7, '2017-07-24 06:23:28', '2017-07-24 06:23:28', NULL),
(58, 58, 4, 9, 3, 7, '2017-07-24 06:23:28', '2017-07-24 06:23:28', NULL),
(59, 59, 4, 9, 3, 7, '2017-07-24 06:23:29', '2017-07-24 06:23:29', NULL),
(60, 60, 4, 9, 3, 7, '2017-07-24 06:23:29', '2017-07-24 06:23:29', NULL),
(61, 61, 4, 9, 3, 7, '2017-07-24 06:23:29', '2017-07-24 06:23:29', NULL),
(62, 62, 4, 9, 3, 7, '2017-07-24 06:23:29', '2017-07-24 06:23:29', NULL),
(63, 63, 4, 9, 3, 7, '2017-07-24 06:23:29', '2017-07-24 06:23:29', NULL),
(64, 64, 4, 9, 3, 7, '2017-07-24 06:23:29', '2017-07-24 06:23:29', NULL),
(65, 65, 4, 9, 3, 7, '2017-07-24 06:23:29', '2017-07-24 06:23:29', NULL),
(66, 66, 4, 9, 3, 7, '2017-07-26 01:53:20', '2017-07-26 01:53:20', NULL),
(67, 67, 4, 9, 3, 7, '2017-07-26 01:53:20', '2017-07-26 01:53:20', NULL),
(68, 68, 4, 9, 3, 7, '2017-07-26 01:53:20', '2017-07-26 01:53:20', NULL),
(69, 69, 4, 9, 3, 7, '2017-07-26 01:53:20', '2017-07-26 01:53:20', NULL),
(70, 70, 4, 9, 3, 7, '2017-07-26 01:53:20', '2017-07-26 01:53:20', NULL),
(71, 71, 4, 9, 4, 7, '2017-07-27 02:28:23', '2017-07-27 02:28:23', NULL),
(72, 72, 4, 9, 4, 7, '2017-07-27 02:28:23', '2017-07-27 02:28:23', NULL),
(73, 73, 4, 9, 4, 7, '2017-07-27 02:28:23', '2017-07-27 02:28:23', NULL),
(74, 74, 4, 9, 4, 7, '2017-07-27 02:28:23', '2017-07-27 02:28:23', NULL),
(75, 75, 4, 9, 4, 7, '2017-07-27 02:28:23', '2017-07-27 02:28:23', NULL),
(76, 76, 4, 9, 4, 7, '2017-07-27 02:28:23', '2017-07-27 02:28:23', NULL),
(77, 77, 4, 9, 4, 7, '2017-07-27 02:28:24', '2017-07-27 02:28:24', NULL),
(78, 78, 4, 9, 4, 7, '2017-07-27 02:28:24', '2017-07-27 02:28:24', NULL),
(79, 79, 4, 9, 4, 7, '2017-07-27 02:28:24', '2017-07-27 02:28:24', NULL),
(80, 80, 4, 9, 4, 7, '2017-07-27 02:28:24', '2017-07-27 02:28:24', NULL),
(81, 81, 4, 9, 4, 7, '2017-07-27 02:28:24', '2017-07-27 02:28:24', NULL),
(82, 82, 4, 9, 4, 7, '2017-07-27 02:28:24', '2017-07-27 02:28:24', NULL),
(83, 83, 4, 9, 4, 7, '2017-07-27 02:28:24', '2017-07-27 02:28:24', NULL),
(84, 84, 4, 9, 4, 7, '2017-07-27 02:28:24', '2017-07-27 02:28:24', NULL),
(85, 85, 4, 9, 4, 7, '2017-07-27 02:28:24', '2017-07-27 02:28:24', NULL),
(86, 86, 4, 9, 4, 7, '2017-07-27 02:28:24', '2017-07-27 02:28:24', NULL),
(87, 87, 4, 9, 4, 7, '2017-07-27 02:28:25', '2017-07-27 02:28:25', NULL),
(88, 88, 4, 9, 4, 7, '2017-07-27 02:28:25', '2017-07-27 02:28:25', NULL),
(89, 89, 4, 9, 4, 7, '2017-07-27 02:28:25', '2017-07-27 02:28:25', NULL),
(90, 90, 4, 9, 4, 7, '2017-07-27 02:28:25', '2017-07-27 02:28:25', NULL),
(91, 91, 4, 9, 4, 7, '2017-07-27 02:28:25', '2017-07-27 02:28:25', NULL),
(92, 92, 4, 9, 4, 7, '2017-07-27 02:28:25', '2017-07-27 02:28:25', NULL),
(93, 93, 4, 9, 4, 7, '2017-07-27 02:28:25', '2017-07-27 02:28:25', NULL),
(94, 94, 4, 9, 4, 7, '2017-07-27 02:28:25', '2017-07-27 02:28:25', NULL),
(95, 95, 4, 9, 4, 7, '2017-07-27 02:28:25', '2017-07-27 02:28:25', NULL),
(96, 96, 4, 9, 4, 7, '2017-07-27 02:28:25', '2017-07-27 02:28:25', NULL),
(97, 97, 4, 9, 4, 7, '2017-07-27 02:28:25', '2017-07-27 02:28:25', NULL),
(98, 98, 4, 9, 4, 7, '2017-07-27 02:28:26', '2017-07-27 02:28:26', NULL),
(99, 99, 4, 9, 4, 7, '2017-07-27 02:28:26', '2017-07-27 02:28:26', NULL),
(100, 100, 4, 9, 4, 7, '2017-07-27 02:28:26', '2017-07-27 02:28:26', NULL),
(101, 101, 4, 9, 4, 7, '2017-07-27 02:28:26', '2017-07-27 02:28:26', NULL),
(102, 102, 4, 9, 4, 7, '2017-07-27 02:28:26', '2017-07-27 02:28:26', NULL),
(103, 103, 4, 9, 4, 7, '2017-07-27 02:28:26', '2017-07-27 02:28:26', NULL),
(104, 104, 4, 9, 4, 7, '2017-07-27 02:28:26', '2017-07-27 02:28:26', NULL),
(105, 105, 4, 9, 4, 7, '2017-07-27 02:28:26', '2017-07-27 02:28:26', NULL),
(106, 106, 4, 9, 4, 6, '2017-07-27 03:23:30', '2017-07-27 03:23:30', NULL),
(107, 107, 4, 9, 4, 6, '2017-07-27 03:23:30', '2017-07-27 03:23:30', NULL),
(108, 108, 4, 9, 4, 6, '2017-07-27 03:23:30', '2017-07-27 03:23:30', NULL),
(109, 109, 4, 9, 4, 6, '2017-07-27 03:23:30', '2017-07-27 03:23:30', NULL),
(110, 110, 4, 9, 4, 6, '2017-07-27 03:23:30', '2017-07-27 03:23:30', NULL),
(111, 111, 4, 9, 4, 6, '2017-07-27 03:23:30', '2017-07-27 03:23:30', NULL),
(112, 112, 4, 9, 6, 7, '2017-07-27 03:29:06', '2017-07-27 03:29:06', NULL),
(113, 113, 4, 9, 6, 7, '2017-07-27 03:29:06', '2017-07-27 03:29:06', NULL),
(114, 114, 4, 9, 6, 7, '2017-07-27 03:29:06', '2017-07-27 03:29:06', NULL),
(115, 115, 4, 9, 6, 7, '2017-07-27 03:29:06', '2017-07-27 03:29:06', NULL),
(116, 116, 4, 9, 6, 7, '2017-07-27 03:29:06', '2017-07-27 03:29:06', NULL),
(117, 117, 4, 9, 6, 7, '2017-07-27 03:29:06', '2017-07-27 03:29:06', NULL),
(118, 118, 4, 9, 6, 7, '2017-07-27 03:29:07', '2017-07-27 03:29:07', NULL),
(119, 119, 4, 9, 6, 7, '2017-07-27 03:29:07', '2017-07-27 03:29:07', NULL),
(120, 120, 4, 9, 6, 7, '2017-07-27 03:29:07', '2017-07-27 03:29:07', NULL),
(121, 121, 4, 9, 6, 7, '2017-07-27 03:29:07', '2017-07-27 03:29:07', NULL),
(122, 122, 4, 9, 6, 7, '2017-07-27 03:29:07', '2017-07-27 03:29:07', NULL),
(123, 123, 4, 9, 6, 7, '2017-07-27 03:29:07', '2017-07-27 03:29:07', NULL),
(124, 124, 4, 9, 6, 7, '2017-07-27 03:29:07', '2017-07-27 03:29:07', NULL),
(125, 125, 4, 9, 6, 7, '2017-07-27 03:29:07', '2017-07-27 03:29:07', NULL),
(126, 126, 4, 9, 6, 7, '2017-07-27 03:29:07', '2017-07-27 03:29:07', NULL),
(127, 127, 4, 9, 6, 7, '2017-07-27 03:29:07', '2017-07-27 03:29:07', NULL),
(128, 128, 4, 9, 6, 7, '2017-07-27 03:29:07', '2017-07-27 03:29:07', NULL),
(129, 129, 4, 9, 6, 7, '2017-07-27 03:29:07', '2017-07-27 03:29:07', NULL),
(130, 130, 4, 9, 6, 7, '2017-07-27 03:29:07', '2017-07-27 03:29:07', NULL),
(131, 131, 4, 9, 6, 7, '2017-07-27 03:29:07', '2017-07-27 03:29:07', NULL),
(132, 132, 4, 9, 6, 7, '2017-07-27 03:29:08', '2017-07-27 03:29:08', NULL),
(133, 133, 4, 9, 6, 7, '2017-07-27 03:29:08', '2017-07-27 03:29:08', NULL),
(134, 134, 4, 9, 6, 7, '2017-07-27 03:29:08', '2017-07-27 03:29:08', NULL),
(135, 135, 4, 9, 6, 7, '2017-07-27 03:29:08', '2017-07-27 03:29:08', NULL),
(136, 136, 4, 9, 6, 7, '2017-07-27 03:29:08', '2017-07-27 03:29:08', NULL),
(137, 137, 4, 9, 6, 7, '2017-07-27 03:29:08', '2017-07-27 03:29:08', NULL),
(138, 138, 4, 9, 6, 7, '2017-07-27 03:29:08', '2017-07-27 03:29:08', NULL),
(139, 139, 4, 9, 6, 7, '2017-07-27 03:29:08', '2017-07-27 03:29:08', NULL),
(140, 140, 4, 9, 6, 7, '2017-07-27 03:29:08', '2017-07-27 03:29:08', NULL),
(141, 141, 4, 9, 6, 7, '2017-07-27 03:29:08', '2017-07-27 03:29:08', NULL),
(142, 142, 4, 9, 6, 7, '2017-07-27 03:29:08', '2017-07-27 03:29:08', NULL),
(143, 143, 4, 9, 6, 7, '2017-07-27 03:29:09', '2017-07-27 03:29:09', NULL),
(144, 144, 4, 9, 6, 7, '2017-07-27 03:29:09', '2017-07-27 03:29:09', NULL),
(145, 145, 4, 9, 6, 7, '2017-07-27 03:29:09', '2017-07-27 03:29:09', NULL),
(146, 146, 4, 9, 6, 7, '2017-07-27 03:29:09', '2017-07-27 03:29:09', NULL),
(147, 147, 4, 9, 3, 7, '2017-08-28 02:52:22', '2017-08-28 02:52:22', NULL),
(148, 148, 4, 9, 3, 7, '2017-08-28 02:52:23', '2017-08-28 02:52:23', NULL),
(149, 149, 4, 9, 3, 7, '2017-09-10 23:30:26', '2017-09-10 23:30:26', NULL),
(150, 150, 4, 9, 3, 7, '2017-09-10 23:30:27', '2017-09-10 23:30:27', NULL),
(151, 151, 4, 9, 4, 7, '2017-09-10 23:30:49', '2017-09-10 23:30:49', NULL),
(152, 152, 4, 9, 4, 7, '2017-09-10 23:30:49', '2017-09-10 23:30:49', NULL),
(153, 153, 4, 9, 0, 0, '2017-09-12 23:06:08', '2017-09-12 23:06:08', NULL),
(154, 154, 4, 9, 0, 0, '2017-09-12 23:06:09', '2017-09-12 23:06:09', NULL),
(155, 155, 4, 9, 0, 0, '2017-09-12 23:06:09', '2017-09-12 23:06:09', NULL),
(156, 156, 4, 9, 0, 0, '2017-09-12 23:06:09', '2017-09-12 23:06:09', NULL),
(157, 157, 4, 9, 0, 0, '2017-09-12 23:06:09', '2017-09-12 23:06:09', NULL),
(158, 158, 4, 9, 0, 0, '2017-09-12 23:06:32', '2017-09-12 23:06:32', NULL),
(159, 159, 4, 9, 0, 0, '2017-09-12 23:06:32', '2017-09-12 23:06:32', NULL),
(160, 160, 4, 9, 0, 0, '2017-09-12 23:06:32', '2017-09-12 23:06:32', NULL),
(161, 161, 4, 9, 0, 0, '2017-09-12 23:06:32', '2017-09-12 23:06:32', NULL),
(162, 162, 4, 9, 0, 0, '2017-09-12 23:06:32', '2017-09-12 23:06:32', NULL),
(163, 163, 4, 9, 0, 7, '2017-09-12 23:06:54', '2017-09-12 23:06:54', NULL),
(164, 164, 4, 9, 0, 7, '2017-09-12 23:06:54', '2017-09-12 23:06:54', NULL),
(165, 165, 4, 9, 0, 7, '2017-09-12 23:06:54', '2017-09-12 23:06:54', NULL),
(166, 166, 4, 9, 0, 7, '2017-09-12 23:06:54', '2017-09-12 23:06:54', NULL),
(167, 167, 4, 9, 0, 7, '2017-09-12 23:06:54', '2017-09-12 23:06:54', NULL),
(168, 168, 4, 9, 0, 7, '2017-09-12 23:12:12', '2017-09-12 23:12:12', NULL),
(169, 169, 4, 9, 0, 7, '2017-09-12 23:12:12', '2017-09-12 23:12:12', NULL),
(170, 170, 4, 9, 0, 7, '2017-09-12 23:12:12', '2017-09-12 23:12:12', NULL),
(171, 171, 4, 9, 0, 7, '2017-09-12 23:12:12', '2017-09-12 23:12:12', NULL),
(172, 172, 4, 9, 0, 7, '2017-09-12 23:12:12', '2017-09-12 23:12:12', NULL),
(173, 173, 4, 9, 0, 7, '2017-09-12 23:15:49', '2017-09-12 23:15:49', NULL),
(174, 174, 4, 9, 0, 7, '2017-09-12 23:15:49', '2017-09-12 23:15:49', NULL),
(175, 175, 4, 9, 0, 7, '2017-09-12 23:15:49', '2017-09-12 23:15:49', NULL),
(176, 176, 4, 9, 0, 7, '2017-09-12 23:15:49', '2017-09-12 23:15:49', NULL),
(177, 177, 4, 9, 0, 7, '2017-09-12 23:15:49', '2017-09-12 23:15:49', NULL),
(178, 178, 4, 13, 8, 7, '2017-09-23 01:06:49', '2017-09-23 01:06:49', NULL);

-- --------------------------------------------------------

--
-- Table structure for table `academics_admissionyear`
--

CREATE TABLE `academics_admissionyear` (
  `id` int(10) UNSIGNED NOT NULL,
  `year_name` varchar(255) COLLATE utf8mb4_unicode_ci NOT NULL,
  `status` int(11) NOT NULL,
  `deleted_at` timestamp NULL DEFAULT NULL,
  `created_at` timestamp NULL DEFAULT NULL,
  `updated_at` timestamp NULL DEFAULT NULL
) ENGINE=InnoDB DEFAULT CHARSET=utf8mb4 COLLATE=utf8mb4_unicode_ci;

--
-- Dumping data for table `academics_admissionyear`
--

INSERT INTO `academics_admissionyear` (`id`, `year_name`, `status`, `deleted_at`, `created_at`, `updated_at`) VALUES
(1, '2015', 0, NULL, '2017-04-05 13:01:16', '2017-04-05 13:02:08'),
(2, '2016', 0, NULL, '2017-04-05 13:01:49', '2017-04-05 13:01:49'),
(3, '2017', 1, NULL, '2017-04-05 13:02:22', '2017-04-05 13:02:22'),
(4, '2018', 0, NULL, '2017-04-05 13:02:30', '2017-04-05 13:02:30'),
(5, '2019', 0, NULL, '2017-04-05 13:03:02', '2017-04-05 13:03:02'),
(6, '2020', 0, NULL, '2017-04-05 13:03:13', '2017-04-05 13:03:13'),
(7, '2021', 0, NULL, '2017-04-06 04:32:41', '2017-04-06 04:32:41');

-- --------------------------------------------------------

--
-- Table structure for table `academics_assessments`
--

CREATE TABLE `academics_assessments` (
  `id` int(10) UNSIGNED NOT NULL,
  `name` varchar(255) COLLATE utf8mb4_unicode_ci NOT NULL DEFAULT 'not set',
  `grading_category_id` int(10) UNSIGNED NOT NULL DEFAULT '0',
  `grade_id` int(10) UNSIGNED NOT NULL DEFAULT '0',
  `points` int(10) UNSIGNED NOT NULL DEFAULT '0',
  `passing_points` int(10) UNSIGNED NOT NULL DEFAULT '0',
  `status` varchar(255) COLLATE utf8mb4_unicode_ci NOT NULL DEFAULT 'not set',
  `counts_overall_score` varchar(255) COLLATE utf8mb4_unicode_ci NOT NULL DEFAULT 'not set',
  `applied_to` varchar(255) COLLATE utf8mb4_unicode_ci NOT NULL DEFAULT 'not set',
  `created_at` timestamp NULL DEFAULT NULL,
  `updated_at` timestamp NULL DEFAULT NULL,
  `deleted_at` timestamp NULL DEFAULT NULL
) ENGINE=InnoDB DEFAULT CHARSET=utf8mb4 COLLATE=utf8mb4_unicode_ci;

--
-- Dumping data for table `academics_assessments`
--

INSERT INTO `academics_assessments` (`id`, `name`, `grading_category_id`, `grade_id`, `points`, `passing_points`, `status`, `counts_overall_score`, `applied_to`, `created_at`, `updated_at`, `deleted_at`) VALUES
(1, 'Class Attendance', 1, 1, 10, 8, '1', '1', 'class', '2017-09-18 00:19:23', '2017-09-18 00:19:23', NULL),
(2, 'Class Attendance', 1, 2, 10, 6, '1', '1', 'class', '2017-09-18 00:19:59', '2017-09-18 00:19:59', NULL),
(3, 'Assignment -01', 2, 1, 5, 3, '1', '1', 'class', '2017-09-18 00:23:02', '2017-09-18 00:23:02', NULL),
(4, 'Mid', 3, 2, 100, 50, '1', '1', 'class', '2017-09-23 01:10:23', '2017-09-23 01:10:23', NULL);

-- --------------------------------------------------------

--
-- Table structure for table `academics_attendance_sessions`
--

CREATE TABLE `academics_attendance_sessions` (
  `id` int(10) UNSIGNED NOT NULL,
  `session_name` varchar(255) COLLATE utf8mb4_unicode_ci NOT NULL DEFAULT 'not set',
  `institution_id` int(10) UNSIGNED NOT NULL DEFAULT '0',
  `campus_id` int(10) UNSIGNED NOT NULL DEFAULT '0',
  `created_at` timestamp NULL DEFAULT NULL,
  `updated_at` timestamp NULL DEFAULT NULL,
  `deleted_at` timestamp NULL DEFAULT NULL
) ENGINE=InnoDB DEFAULT CHARSET=utf8mb4 COLLATE=utf8mb4_unicode_ci;

--
-- Dumping data for table `academics_attendance_sessions`
--

INSERT INTO `academics_attendance_sessions` (`id`, `session_name`, `institution_id`, `campus_id`, `created_at`, `updated_at`, `deleted_at`) VALUES
(6, 'Morning', 1, 1, '2017-04-18 11:21:26', '2017-04-24 23:31:35', NULL),
(7, 'Day', 1, 1, '2017-04-18 11:21:29', '2017-04-24 23:31:41', NULL);

-- --------------------------------------------------------

--
-- Table structure for table `academics_attendance_settings`
--

CREATE TABLE `academics_attendance_settings` (
  `id` int(10) UNSIGNED NOT NULL,
  `institution_id` int(10) UNSIGNED NOT NULL DEFAULT '0',
  `campus_id` int(10) UNSIGNED NOT NULL DEFAULT '0',
  `multiple_sessions` tinyint(1) NOT NULL DEFAULT '0',
  `subject_wise` tinyint(1) NOT NULL DEFAULT '0',
  `created_at` timestamp NULL DEFAULT NULL,
  `updated_at` timestamp NULL DEFAULT NULL,
  `deleted_at` timestamp NULL DEFAULT NULL
) ENGINE=InnoDB DEFAULT CHARSET=utf8mb4 COLLATE=utf8mb4_unicode_ci;

--
-- Dumping data for table `academics_attendance_settings`
--

INSERT INTO `academics_attendance_settings` (`id`, `institution_id`, `campus_id`, `multiple_sessions`, `subject_wise`, `created_at`, `updated_at`, `deleted_at`) VALUES
(1, 1, 1, 1, 1, NULL, '2017-09-14 06:33:17', NULL);

-- --------------------------------------------------------

--
-- Table structure for table `academics_attendance_types`
--

CREATE TABLE `academics_attendance_types` (
  `id` int(10) UNSIGNED NOT NULL,
  `type_name` varchar(255) COLLATE utf8mb4_unicode_ci NOT NULL DEFAULT 'not set',
  `short_code` varchar(255) COLLATE utf8mb4_unicode_ci NOT NULL DEFAULT 'not set',
  `color` varchar(255) COLLATE utf8mb4_unicode_ci NOT NULL DEFAULT 'not set',
  `created_at` timestamp NULL DEFAULT NULL,
  `updated_at` timestamp NULL DEFAULT NULL,
  `deleted_at` timestamp NULL DEFAULT NULL
) ENGINE=InnoDB DEFAULT CHARSET=utf8mb4 COLLATE=utf8mb4_unicode_ci;

--
-- Dumping data for table `academics_attendance_types`
--

INSERT INTO `academics_attendance_types` (`id`, `type_name`, `short_code`, `color`, `created_at`, `updated_at`, `deleted_at`) VALUES
(1, 'Absent', 'A', '#ed1111', '2017-05-07 04:02:23', '2017-05-07 04:02:23', NULL),
(2, 'Present', 'P', '#69e61f', '2017-05-07 04:02:39', '2017-05-07 04:02:39', NULL);

-- --------------------------------------------------------

--
-- Table structure for table `academics_class_grade_scales`
--

CREATE TABLE `academics_class_grade_scales` (
  `id` int(10) UNSIGNED NOT NULL,
  `scale_id` int(10) UNSIGNED NOT NULL DEFAULT '0',
  `section_id` int(10) UNSIGNED NOT NULL DEFAULT '0',
  `batch_id` int(10) UNSIGNED NOT NULL DEFAULT '0',
  `academic_year_id` int(10) UNSIGNED NOT NULL DEFAULT '0',
  `created_at` timestamp NULL DEFAULT NULL,
  `updated_at` timestamp NULL DEFAULT NULL,
  `deleted_at` timestamp NULL DEFAULT NULL
) ENGINE=InnoDB DEFAULT CHARSET=utf8mb4 COLLATE=utf8mb4_unicode_ci;

--
-- Dumping data for table `academics_class_grade_scales`
--

INSERT INTO `academics_class_grade_scales` (`id`, `scale_id`, `section_id`, `batch_id`, `academic_year_id`, `created_at`, `updated_at`, `deleted_at`) VALUES
(1, 1, 8, 3, 0, '2017-09-18 00:03:54', '2017-09-18 00:03:54', NULL),
(2, 2, 9, 4, 0, '2017-09-18 00:04:23', '2017-09-18 00:04:23', NULL),
(3, 2, 11, 6, 0, '2017-09-18 00:09:33', '2017-09-18 00:09:33', NULL),
(4, 2, 13, 4, 0, '2017-09-23 01:10:23', '2017-09-23 01:10:23', NULL);

-- --------------------------------------------------------

--
-- Table structure for table `academics_division`
--

CREATE TABLE `academics_division` (
  `id` int(10) UNSIGNED NOT NULL,
  `name` varchar(255) COLLATE utf8mb4_unicode_ci NOT NULL,
  `short_name` varchar(255) COLLATE utf8mb4_unicode_ci NOT NULL,
  `created_at` timestamp NULL DEFAULT NULL,
  `updated_at` timestamp NULL DEFAULT NULL,
  `deleted_at` timestamp NULL DEFAULT NULL
) ENGINE=InnoDB DEFAULT CHARSET=utf8mb4 COLLATE=utf8mb4_unicode_ci;

--
-- Dumping data for table `academics_division`
--

INSERT INTO `academics_division` (`id`, `name`, `short_name`, `created_at`, `updated_at`, `deleted_at`) VALUES
(1, 'Science', 'science', NULL, NULL, NULL),
(2, 'Arts', 'arts', NULL, NULL, NULL),
(3, 'Commerce', 'commerce', NULL, NULL, NULL);

-- --------------------------------------------------------

--
-- Table structure for table `academics_grades`
--

CREATE TABLE `academics_grades` (
  `id` int(10) UNSIGNED NOT NULL,
  `name` varchar(255) COLLATE utf8mb4_unicode_ci NOT NULL DEFAULT 'not set',
  `grade_scale_id` int(10) UNSIGNED NOT NULL DEFAULT '0',
  `created_at` timestamp NULL DEFAULT NULL,
  `updated_at` timestamp NULL DEFAULT NULL,
  `deleted_at` timestamp NULL DEFAULT NULL
) ENGINE=InnoDB DEFAULT CHARSET=utf8mb4 COLLATE=utf8mb4_unicode_ci;

--
-- Dumping data for table `academics_grades`
--

INSERT INTO `academics_grades` (`id`, `name`, `grade_scale_id`, `created_at`, `updated_at`, `deleted_at`) VALUES
(1, 'Scale - 01 (Primary)', 1, '2017-09-17 23:56:03', '2017-09-17 23:56:03', NULL),
(2, 'Scale - 02 (Secondary)', 1, '2017-09-18 00:01:01', '2017-09-18 00:01:01', NULL);

-- --------------------------------------------------------

--
-- Table structure for table `academics_grade_categories`
--

CREATE TABLE `academics_grade_categories` (
  `id` int(10) UNSIGNED NOT NULL,
  `name` varchar(255) COLLATE utf8mb4_unicode_ci NOT NULL DEFAULT 'not set',
  `created_at` timestamp NULL DEFAULT NULL,
  `updated_at` timestamp NULL DEFAULT NULL,
  `deleted_at` timestamp NULL DEFAULT NULL
) ENGINE=InnoDB DEFAULT CHARSET=utf8mb4 COLLATE=utf8mb4_unicode_ci;

--
-- Dumping data for table `academics_grade_categories`
--

INSERT INTO `academics_grade_categories` (`id`, `name`, `created_at`, `updated_at`, `deleted_at`) VALUES
(1, 'Attendance', '2017-09-18 00:17:50', '2017-09-18 00:17:50', NULL),
(2, 'Assignment', '2017-09-18 00:18:02', '2017-09-18 00:18:02', NULL),
(3, 'Examinations', '2017-09-18 00:18:35', '2017-09-18 00:18:35', NULL);

-- --------------------------------------------------------

--
-- Table structure for table `academics_grade_details`
--

CREATE TABLE `academics_grade_details` (
  `id` int(10) UNSIGNED NOT NULL,
  `grade_id` int(10) UNSIGNED NOT NULL DEFAULT '0',
  `name` varchar(255) COLLATE utf8mb4_unicode_ci NOT NULL DEFAULT 'not set',
  `min_per` int(10) UNSIGNED NOT NULL DEFAULT '0',
  `max_per` int(10) UNSIGNED NOT NULL DEFAULT '0',
  `points` float DEFAULT '0',
  `sorting_order` int(10) UNSIGNED NOT NULL DEFAULT '0',
  `created_at` timestamp NULL DEFAULT NULL,
  `updated_at` timestamp NULL DEFAULT NULL,
  `deleted_at` timestamp NULL DEFAULT NULL
) ENGINE=InnoDB DEFAULT CHARSET=utf8mb4 COLLATE=utf8mb4_unicode_ci;

--
-- Dumping data for table `academics_grade_details`
--

INSERT INTO `academics_grade_details` (`id`, `grade_id`, `name`, `min_per`, `max_per`, `points`, `sorting_order`, `created_at`, `updated_at`, `deleted_at`) VALUES
(1, 1, 'A+', 80, 100, 5, 1, '2017-09-17 23:56:03', '2017-09-17 23:56:03', NULL),
(2, 1, 'A', 70, 79, 4, 2, '2017-09-17 23:56:03', '2017-09-17 23:56:03', NULL),
(3, 1, 'A-', 60, 69, 3.5, 3, '2017-09-17 23:56:03', '2017-09-17 23:56:03', NULL),
(4, 1, 'B+', 50, 59, 3, 4, '2017-09-17 23:56:03', '2017-09-17 23:56:03', NULL),
(5, 1, 'B', 40, 49, 2, 5, '2017-09-17 23:56:03', '2017-09-17 23:56:03', NULL),
(6, 1, 'C', 33, 39, 1, 6, '2017-09-17 23:56:03', '2017-09-17 23:56:03', NULL),
(7, 2, 'A+', 80, 100, 5, 1, '2017-09-18 00:01:01', '2017-09-18 00:01:01', NULL),
(8, 2, 'A', 75, 79, 4.7, 2, '2017-09-18 00:01:01', '2017-09-18 00:01:01', NULL),
(9, 2, 'A-', 70, 74, 4.5, 3, '2017-09-18 00:01:01', '2017-09-18 00:01:01', NULL),
(10, 2, 'B+', 65, 69, 4, 4, '2017-09-18 00:01:01', '2017-09-18 00:01:01', NULL),
(11, 2, 'B', 60, 64, 3.7, 5, '2017-09-18 00:01:01', '2017-09-18 00:01:01', NULL),
(12, 2, 'B-', 55, 59, 3.5, 6, '2017-09-18 00:01:01', '2017-09-18 00:01:01', NULL),
(13, 2, 'C+', 50, 54, 3, 7, '2017-09-18 00:01:01', '2017-09-18 00:01:01', NULL),
(14, 2, 'C', 45, 49, 2.7, 8, '2017-09-18 00:01:01', '2017-09-18 00:01:01', NULL),
(15, 2, 'D', 40, 44, 2.5, 9, '2017-09-18 00:01:01', '2017-09-18 00:01:01', NULL),
(16, 2, 'F', 0, 39, 2, 10, '2017-09-18 00:01:01', '2017-09-18 00:01:01', NULL);

-- --------------------------------------------------------

--
-- Table structure for table `academics_grade_scales`
--

CREATE TABLE `academics_grade_scales` (
  `id` int(10) UNSIGNED NOT NULL,
  `name` varchar(255) COLLATE utf8mb4_unicode_ci NOT NULL DEFAULT 'no set',
  `loader_route` varchar(255) COLLATE utf8mb4_unicode_ci NOT NULL DEFAULT 'no set',
  `is_active` tinyint(1) NOT NULL DEFAULT '0',
  `created_at` timestamp NULL DEFAULT NULL,
  `updated_at` timestamp NULL DEFAULT NULL,
  `deleted_at` timestamp NULL DEFAULT NULL
) ENGINE=InnoDB DEFAULT CHARSET=utf8mb4 COLLATE=utf8mb4_unicode_ci;

--
-- Dumping data for table `academics_grade_scales`
--

INSERT INTO `academics_grade_scales` (`id`, `name`, `loader_route`, `is_active`, `created_at`, `updated_at`, `deleted_at`) VALUES
(1, 'Grading', 'no set', 0, NULL, NULL, NULL);

-- --------------------------------------------------------

--
-- Table structure for table `academics_level`
--

CREATE TABLE `academics_level` (
  `id` int(10) UNSIGNED NOT NULL,
  `level_name` varchar(255) COLLATE utf8mb4_unicode_ci NOT NULL,
  `level_code` varchar(255) COLLATE utf8mb4_unicode_ci NOT NULL,
  `is_active` int(11) NOT NULL DEFAULT '1',
  `academics_year_id` int(10) UNSIGNED NOT NULL DEFAULT '0',
  `created_at` timestamp NULL DEFAULT NULL,
  `updated_at` timestamp NULL DEFAULT NULL,
  `deleted_at` timestamp NULL DEFAULT NULL
) ENGINE=InnoDB DEFAULT CHARSET=utf8mb4 COLLATE=utf8mb4_unicode_ci;

--
-- Dumping data for table `academics_level`
--

INSERT INTO `academics_level` (`id`, `level_name`, `level_code`, `is_active`, `academics_year_id`, `created_at`, `updated_at`, `deleted_at`) VALUES
(1, 'Primary', 'primary', 1, 1, '2017-07-24 01:54:35', '2017-07-24 01:54:35', NULL),
(2, 'Secondary', 'secondary', 1, 1, '2017-07-24 01:54:54', '2017-07-24 01:54:54', NULL),
(3, 'Higher Secondary', 'hsecondary', 1, 1, '2017-07-24 01:55:48', '2017-07-24 01:55:48', NULL);

-- --------------------------------------------------------

--
-- Table structure for table `academics_syllabus`
--

CREATE TABLE `academics_syllabus` (
  `id` int(10) UNSIGNED NOT NULL,
  `syllabus_path` varchar(255) COLLATE utf8mb4_unicode_ci DEFAULT NULL,
  `academic_year` int(10) UNSIGNED DEFAULT NULL,
  `academic_level` int(10) UNSIGNED DEFAULT NULL,
  `batch` int(10) UNSIGNED DEFAULT NULL,
  `section` int(10) UNSIGNED DEFAULT NULL,
  `institute_id` int(10) UNSIGNED DEFAULT NULL,
  `campus_id` int(10) UNSIGNED DEFAULT NULL,
  `created_at` timestamp NULL DEFAULT NULL,
  `updated_at` timestamp NULL DEFAULT NULL,
  `deleted_at` timestamp NULL DEFAULT NULL
) ENGINE=InnoDB DEFAULT CHARSET=utf8mb4 COLLATE=utf8mb4_unicode_ci;

--
-- Dumping data for table `academics_syllabus`
--

INSERT INTO `academics_syllabus` (`id`, `syllabus_path`, `academic_year`, `academic_level`, `batch`, `section`, `institute_id`, `campus_id`, `created_at`, `updated_at`, `deleted_at`) VALUES
(1, '/download/class-section-syllabus.pdf', 1, 2, 4, 9, 1, 1, NULL, NULL, NULL),
(2, 'this is syllabus path', 2, 2, 4, 9, 1, 1, NULL, NULL, NULL);

-- --------------------------------------------------------

--
-- Table structure for table `academics_year`
--

CREATE TABLE `academics_year` (
  `id` int(10) UNSIGNED NOT NULL,
  `year_name` varchar(255) COLLATE utf8mb4_unicode_ci NOT NULL,
  `start_date` date NOT NULL,
  `end_date` date NOT NULL,
  `status` int(11) NOT NULL DEFAULT '1',
  `created_at` timestamp NULL DEFAULT NULL,
  `updated_at` timestamp NULL DEFAULT NULL,
  `deleted_at` timestamp NULL DEFAULT NULL,
  `institute_id` int(10) UNSIGNED DEFAULT NULL,
  `campus_id` int(10) UNSIGNED DEFAULT NULL
) ENGINE=InnoDB DEFAULT CHARSET=utf8mb4 COLLATE=utf8mb4_unicode_ci;

--
-- Dumping data for table `academics_year`
--

INSERT INTO `academics_year` (`id`, `year_name`, `start_date`, `end_date`, `status`, `created_at`, `updated_at`, `deleted_at`, `institute_id`, `campus_id`) VALUES
(1, '2015-16', '2015-07-01', '2016-06-30', 1, '2017-04-05 12:57:01', '2017-04-05 12:57:09', NULL, 1, 1),
(2, '2016-17', '2016-07-01', '2017-06-30', 0, '2017-04-05 12:58:16', '2017-04-05 12:58:16', NULL, 1, 1),
(3, '2017-18', '2017-07-01', '2018-06-30', 0, '2017-04-05 13:00:09', '2017-04-05 13:00:09', NULL, 1, 1),
(4, '2018-19', '2015-07-01', '2017-04-26', 0, '2017-04-06 04:32:22', '2017-04-06 04:32:22', NULL, 2, NULL);

-- --------------------------------------------------------

--
-- Table structure for table `academics_year_semesters`
--

CREATE TABLE `academics_year_semesters` (
  `id` int(10) UNSIGNED NOT NULL,
  `academic_year_id` int(10) UNSIGNED NOT NULL DEFAULT '0',
  `name` varchar(255) COLLATE utf8mb4_unicode_ci NOT NULL DEFAULT 'not set',
  `start_date` date NOT NULL,
  `end_date` date NOT NULL,
  `status` tinyint(1) NOT NULL DEFAULT '1',
  `created_at` timestamp NULL DEFAULT NULL,
  `updated_at` timestamp NULL DEFAULT NULL,
  `deleted_at` timestamp NULL DEFAULT NULL
) ENGINE=InnoDB DEFAULT CHARSET=utf8mb4 COLLATE=utf8mb4_unicode_ci;

--
-- Dumping data for table `academics_year_semesters`
--

INSERT INTO `academics_year_semesters` (`id`, `academic_year_id`, `name`, `start_date`, `end_date`, `status`, `created_at`, `updated_at`, `deleted_at`) VALUES
(1, 1, '1st Semester', '2017-01-01', '2017-04-30', 1, '2017-08-07 04:18:33', '2017-08-08 02:03:02', NULL),
(2, 1, '2nd Semester', '2017-05-01', '2017-08-31', 1, '2017-08-07 04:18:59', '2017-08-08 03:14:29', NULL),
(3, 1, '3rd Semester', '2017-09-01', '2017-12-31', 1, '2017-08-07 04:25:41', '2017-08-08 04:12:40', NULL);

-- --------------------------------------------------------

--
-- Table structure for table `acc_bank`
--

CREATE TABLE `acc_bank` (
  `id` int(10) UNSIGNED NOT NULL,
  `bank_code` varchar(255) COLLATE utf8mb4_unicode_ci NOT NULL,
  `bank_name` varchar(255) COLLATE utf8mb4_unicode_ci NOT NULL,
  `bank_acc_no` varchar(255) COLLATE utf8mb4_unicode_ci NOT NULL,
  `bank_acc_name` varchar(255) COLLATE utf8mb4_unicode_ci NOT NULL,
  `chart_parent` int(11) NOT NULL,
  `company_id` int(11) DEFAULT NULL,
  `notes` varchar(1000) COLLATE utf8mb4_unicode_ci DEFAULT NULL,
  `status` tinyint(4) NOT NULL DEFAULT '0',
  `created_by` int(11) DEFAULT NULL,
  `created_date` datetime DEFAULT NULL,
  `updated_by` int(11) DEFAULT NULL,
  `updated_date` datetime DEFAULT NULL,
  `created_at` timestamp NULL DEFAULT NULL,
  `updated_at` timestamp NULL DEFAULT NULL,
  `deleted_at` timestamp NULL DEFAULT NULL
) ENGINE=InnoDB DEFAULT CHARSET=utf8mb4 COLLATE=utf8mb4_unicode_ci;

-- --------------------------------------------------------

--
-- Table structure for table `acc_charts`
--

CREATE TABLE `acc_charts` (
  `id` int(10) UNSIGNED NOT NULL,
  `chart_code` varchar(255) COLLATE utf8mb4_unicode_ci NOT NULL,
  `chart_name` varchar(255) COLLATE utf8mb4_unicode_ci NOT NULL,
  `chart_parent` int(11) DEFAULT NULL,
  `chart_type` varchar(255) COLLATE utf8mb4_unicode_ci NOT NULL,
  `company_id` int(11) DEFAULT NULL,
  `cash_acc` tinyint(4) DEFAULT NULL,
  `reconciliation` tinyint(4) DEFAULT NULL,
  `notes` varchar(1000) COLLATE utf8mb4_unicode_ci DEFAULT NULL,
  `status` tinyint(4) NOT NULL DEFAULT '0',
  `created_by` int(11) DEFAULT NULL,
  `created_date` datetime DEFAULT NULL,
  `updated_by` int(11) DEFAULT NULL,
  `updated_date` datetime DEFAULT NULL,
  `created_at` timestamp NULL DEFAULT NULL,
  `updated_at` timestamp NULL DEFAULT NULL,
  `deleted_at` timestamp NULL DEFAULT NULL
) ENGINE=InnoDB DEFAULT CHARSET=utf8mb4 COLLATE=utf8mb4_unicode_ci;

--
-- Dumping data for table `acc_charts`
--

INSERT INTO `acc_charts` (`id`, `chart_code`, `chart_name`, `chart_parent`, `chart_type`, `company_id`, `cash_acc`, `reconciliation`, `notes`, `status`, `created_by`, `created_date`, `updated_by`, `updated_date`, `created_at`, `updated_at`, `deleted_at`) VALUES
(1, 'ASSET', 'ASSET', NULL, 'G', NULL, NULL, NULL, NULL, 1, NULL, NULL, NULL, NULL, '2017-09-23 04:08:36', '2017-09-23 04:08:36', NULL),
(2, 'LIABILITY', 'LIABILITY', NULL, 'G', NULL, NULL, NULL, NULL, 1, NULL, NULL, NULL, NULL, '2017-09-23 04:08:36', '2017-09-23 04:08:36', NULL),
(3, 'INCOME', 'INCOME', NULL, 'G', NULL, NULL, NULL, NULL, 1, NULL, NULL, NULL, NULL, '2017-09-23 04:08:36', '2017-09-23 04:08:36', NULL),
(4, 'EXPENSE', 'EXPENSE', NULL, 'G', NULL, NULL, NULL, NULL, 1, NULL, NULL, NULL, NULL, '2017-09-23 04:08:36', '2017-09-23 04:08:36', NULL);

-- --------------------------------------------------------

--
-- Table structure for table `acc_closing_balance`
--

CREATE TABLE `acc_closing_balance` (
  `id` int(10) UNSIGNED NOT NULL,
  `acc_f_year_id` int(11) NOT NULL,
  `acc_charts_id` int(11) NOT NULL,
  `balance` double(8,2) NOT NULL,
  `status` tinyint(4) NOT NULL DEFAULT '0',
  `company_id` int(11) DEFAULT NULL,
  `created_by` int(11) DEFAULT NULL,
  `created_date` datetime DEFAULT NULL,
  `updated_by` int(11) DEFAULT NULL,
  `updated_date` datetime DEFAULT NULL,
  `created_at` timestamp NULL DEFAULT NULL,
  `updated_at` timestamp NULL DEFAULT NULL,
  `deleted_at` timestamp NULL DEFAULT NULL
) ENGINE=InnoDB DEFAULT CHARSET=utf8mb4 COLLATE=utf8mb4_unicode_ci;

-- --------------------------------------------------------

--
-- Table structure for table `acc_f_year`
--

CREATE TABLE `acc_f_year` (
  `id` int(10) UNSIGNED NOT NULL,
  `start_date` date NOT NULL,
  `end_date` date NOT NULL,
  `acc_name` varchar(255) COLLATE utf8mb4_unicode_ci DEFAULT NULL,
  `acc_address` varchar(255) COLLATE utf8mb4_unicode_ci DEFAULT NULL,
  `status` tinyint(4) NOT NULL DEFAULT '0',
  `company_id` int(11) DEFAULT NULL,
  `created_by` int(11) DEFAULT NULL,
  `created_date` datetime DEFAULT NULL,
  `updated_by` int(11) DEFAULT NULL,
  `updated_date` datetime DEFAULT NULL,
  `created_at` timestamp NULL DEFAULT NULL,
  `updated_at` timestamp NULL DEFAULT NULL,
  `deleted_at` timestamp NULL DEFAULT NULL
) ENGINE=InnoDB DEFAULT CHARSET=utf8mb4 COLLATE=utf8mb4_unicode_ci;

-- --------------------------------------------------------

--
-- Table structure for table `acc_subledger`
--

CREATE TABLE `acc_subledger` (
  `id` int(10) UNSIGNED NOT NULL,
  `chart_code` varchar(255) COLLATE utf8mb4_unicode_ci NOT NULL,
  `chart_name` varchar(255) COLLATE utf8mb4_unicode_ci NOT NULL,
  `chart_parent` int(11) NOT NULL,
  `company_id` int(11) DEFAULT NULL,
  `notes` varchar(1000) COLLATE utf8mb4_unicode_ci DEFAULT NULL,
  `status` tinyint(4) NOT NULL DEFAULT '0',
  `created_by` int(11) DEFAULT NULL,
  `created_date` datetime DEFAULT NULL,
  `updated_by` int(11) DEFAULT NULL,
  `updated_date` datetime DEFAULT NULL,
  `created_at` timestamp NULL DEFAULT NULL,
  `updated_at` timestamp NULL DEFAULT NULL,
  `deleted_at` timestamp NULL DEFAULT NULL
) ENGINE=InnoDB DEFAULT CHARSET=utf8mb4 COLLATE=utf8mb4_unicode_ci;

-- --------------------------------------------------------

--
-- Table structure for table `acc_tran`
--

CREATE TABLE `acc_tran` (
  `id` int(10) UNSIGNED NOT NULL,
  `tran_seq` int(11) NOT NULL,
  `tran_serial` int(11) NOT NULL,
  `acc_voucher_type_id` int(11) NOT NULL,
  `tran_date` date NOT NULL,
  `acc_charts_id` int(11) NOT NULL,
  `tran_amt_dr` double NOT NULL DEFAULT '0',
  `tran_amt_cr` double NOT NULL DEFAULT '0',
  `tran_details` varchar(1000) COLLATE utf8mb4_unicode_ci DEFAULT NULL,
  `status` tinyint(4) NOT NULL DEFAULT '2',
  `company_id` int(11) DEFAULT NULL,
  `created_by` int(11) DEFAULT NULL,
  `created_date` datetime DEFAULT NULL,
  `updated_by` int(11) DEFAULT NULL,
  `updated_date` datetime DEFAULT NULL,
  `created_at` timestamp NULL DEFAULT NULL,
  `updated_at` timestamp NULL DEFAULT NULL,
  `deleted_at` timestamp NULL DEFAULT NULL
) ENGINE=InnoDB DEFAULT CHARSET=utf8mb4 COLLATE=utf8mb4_unicode_ci;

-- --------------------------------------------------------

--
-- Table structure for table `acc_voucher_type`
--

CREATE TABLE `acc_voucher_type` (
  `id` int(10) UNSIGNED NOT NULL,
  `voucher_code` varchar(255) COLLATE utf8mb4_unicode_ci NOT NULL,
  `voucher_name` varchar(255) COLLATE utf8mb4_unicode_ci NOT NULL,
  `voucher_type_id` int(11) NOT NULL,
  `acc_charts_id` int(11) DEFAULT NULL,
  `notes` varchar(1000) COLLATE utf8mb4_unicode_ci DEFAULT NULL,
  `status` tinyint(4) NOT NULL DEFAULT '0',
  `company_id` int(11) DEFAULT NULL,
  `created_by` int(11) DEFAULT NULL,
  `created_date` datetime DEFAULT NULL,
  `updated_by` int(11) DEFAULT NULL,
  `updated_date` datetime DEFAULT NULL,
  `created_at` timestamp NULL DEFAULT NULL,
  `updated_at` timestamp NULL DEFAULT NULL,
  `deleted_at` timestamp NULL DEFAULT NULL
) ENGINE=InnoDB DEFAULT CHARSET=utf8mb4 COLLATE=utf8mb4_unicode_ci;

-- --------------------------------------------------------

--
-- Table structure for table `addresses`
--

CREATE TABLE `addresses` (
  `id` int(10) UNSIGNED NOT NULL,
  `user_id` int(10) UNSIGNED NOT NULL DEFAULT '0',
  `type` varchar(255) COLLATE utf8mb4_unicode_ci NOT NULL DEFAULT 'Not available',
  `address` varchar(255) COLLATE utf8mb4_unicode_ci NOT NULL DEFAULT 'Not available',
  `house` varchar(255) COLLATE utf8mb4_unicode_ci NOT NULL DEFAULT 'Not available',
  `street` varchar(255) COLLATE utf8mb4_unicode_ci NOT NULL DEFAULT 'Not available',
  `city_id` int(10) UNSIGNED NOT NULL DEFAULT '0',
  `state_id` int(10) UNSIGNED NOT NULL DEFAULT '0',
  `country_id` int(10) UNSIGNED NOT NULL DEFAULT '0',
  `zip` int(10) UNSIGNED NOT NULL DEFAULT '0',
  `phone` varchar(20) COLLATE utf8mb4_unicode_ci NOT NULL DEFAULT '0',
  `created_at` timestamp NULL DEFAULT NULL,
  `updated_at` timestamp NULL DEFAULT NULL,
  `deleted_at` timestamp NULL DEFAULT NULL
) ENGINE=InnoDB DEFAULT CHARSET=utf8mb4 COLLATE=utf8mb4_unicode_ci;

--
-- Dumping data for table `addresses`
--

INSERT INTO `addresses` (`id`, `user_id`, `type`, `address`, `house`, `street`, `city_id`, `state_id`, `country_id`, `zip`, `phone`, `created_at`, `updated_at`, `deleted_at`) VALUES
(1, 1, 'STUDENT_PRESENT_ADDRESS', 'asdfasdfasda', '121', 'Not available', 1, 1, 1, 1212, '12121212121', '2017-07-25 11:33:57', '2017-09-11 01:21:26', NULL),
(2, 3, 'STUDENT_PERMANENT_ADDRESS', 'this is permanent address', '1212', 'Not available', 1, 1, 1, 1212, '1212121212', '2017-07-25 11:33:57', '2017-07-25 11:33:57', NULL);

-- --------------------------------------------------------

--
-- Table structure for table `applicant_address`
--

CREATE TABLE `applicant_address` (
  `id` int(10) UNSIGNED NOT NULL,
  `applicant_id` int(10) UNSIGNED DEFAULT NULL,
  `type` enum('PRESENT','PERMANENT') COLLATE utf8mb4_unicode_ci DEFAULT NULL,
  `address` varchar(255) COLLATE utf8mb4_unicode_ci NOT NULL DEFAULT 'Not set',
  `house` varchar(255) COLLATE utf8mb4_unicode_ci NOT NULL DEFAULT 'Not set',
  `street` varchar(255) COLLATE utf8mb4_unicode_ci NOT NULL DEFAULT 'Not set',
  `city_id` int(10) UNSIGNED NOT NULL DEFAULT '0',
  `state_id` int(10) UNSIGNED NOT NULL DEFAULT '0',
  `country_id` int(10) UNSIGNED NOT NULL DEFAULT '0',
  `zip` int(10) UNSIGNED NOT NULL DEFAULT '0',
  `phone` varchar(20) COLLATE utf8mb4_unicode_ci DEFAULT NULL,
  `created_at` timestamp NULL DEFAULT NULL,
  `updated_at` timestamp NULL DEFAULT NULL,
  `deleted_at` timestamp NULL DEFAULT NULL
) ENGINE=InnoDB DEFAULT CHARSET=utf8mb4 COLLATE=utf8mb4_unicode_ci;

--
-- Dumping data for table `applicant_address`
--

INSERT INTO `applicant_address` (`id`, `applicant_id`, `type`, `address`, `house`, `street`, `city_id`, `state_id`, `country_id`, `zip`, `phone`, `created_at`, `updated_at`, `deleted_at`) VALUES
(1, 1, 'PRESENT', 'My Address', '101', 'Not set', 1, 1, 1, 1212, '12341234123', '2017-08-23 02:25:23', '2017-08-23 02:25:23', NULL),
(2, 1, 'PERMANENT', 'My Address', '101', 'Not set', 1, 1, 1, 1212, '12341234123', '2017-08-23 02:25:23', '2017-08-23 02:25:23', NULL),
(3, 2, 'PRESENT', 'My Address', '101', 'Not set', 2, 1, 1, 1212, '12341234123', '2017-08-23 02:26:18', '2017-08-23 02:26:18', NULL),
(4, 2, 'PERMANENT', 'My Address', '101', 'Not set', 2, 1, 1, 1212, '12341234123', '2017-08-23 02:26:18', '2017-08-23 02:26:18', NULL),
(5, 3, 'PRESENT', 'address', '101', 'Not set', 2, 1, 1, 1234, '412341234', '2017-08-23 22:31:34', '2017-08-23 22:31:34', NULL),
(6, 3, 'PERMANENT', 'address', '101', 'Not set', 2, 1, 1, 1234, '412341234', '2017-08-23 22:31:34', '2017-08-23 22:31:34', NULL),
(7, 4, 'PRESENT', 'address', '101', 'Not set', 2, 1, 1, 1234, '412341234', '2017-08-23 22:32:56', '2017-08-23 22:32:56', NULL),
(8, 4, 'PERMANENT', 'address', '101', 'Not set', 2, 1, 1, 1234, '412341234', '2017-08-23 22:32:57', '2017-08-23 22:32:57', NULL),
(9, 5, 'PRESENT', 'Address', '101', 'Not set', 1, 1, 1, 1208, '12341234123', '2017-09-12 05:53:07', '2017-09-12 05:53:07', NULL),
(10, 5, 'PERMANENT', 'Address', '101', 'Not set', 1, 1, 1, 1208, '12341234123', '2017-09-12 05:53:07', '2017-09-12 05:53:07', NULL),
(11, 6, 'PRESENT', 'Address', '101', 'Not set', 1, 1, 1, 1208, '12341234123', '2017-09-12 05:53:54', '2017-09-12 05:53:54', NULL),
(12, 6, 'PERMANENT', 'Address', '101', 'Not set', 1, 1, 1, 1208, '12341234123', '2017-09-12 05:53:54', '2017-09-12 05:53:54', NULL);

-- --------------------------------------------------------

--
-- Table structure for table `applicant_document`
--

CREATE TABLE `applicant_document` (
  `id` int(10) UNSIGNED NOT NULL,
  `applicant_id` int(10) UNSIGNED DEFAULT NULL,
  `doc_name` varchar(255) COLLATE utf8mb4_unicode_ci DEFAULT NULL,
  `doc_type` varchar(255) COLLATE utf8mb4_unicode_ci DEFAULT NULL,
  `doc_path` varchar(255) COLLATE utf8mb4_unicode_ci DEFAULT NULL,
  `doc_mime` varchar(255) COLLATE utf8mb4_unicode_ci DEFAULT NULL,
  `doc_details` varchar(500) COLLATE utf8mb4_unicode_ci NOT NULL DEFAULT 'Not set',
  `created_at` timestamp NULL DEFAULT NULL,
  `updated_at` timestamp NULL DEFAULT NULL,
  `deleted_at` timestamp NULL DEFAULT NULL
) ENGINE=InnoDB DEFAULT CHARSET=utf8mb4 COLLATE=utf8mb4_unicode_ci;

--
-- Dumping data for table `applicant_document`
--

INSERT INTO `applicant_document` (`id`, `applicant_id`, `doc_name`, `doc_type`, `doc_path`, `doc_mime`, `doc_details`, `created_at`, `updated_at`, `deleted_at`) VALUES
(1, 1, '19848785_1353177408111501_1320963641_n.jpg', 'PROFILE_PHOTO', 'assets/admission/documents/applicant-1/', 'jpg', 'Not set', '2017-08-23 02:25:37', '2017-09-09 22:21:06', NULL),
(2, 2, 'edu_logo_kids_edu.jpg', 'PROFILE_PHOTO', 'assets/admission/documents/applicant-2/', 'jpg', 'Not set', '2017-08-23 02:26:28', '2017-08-23 02:26:28', NULL),
(3, 3, 'edu_logo_kids_edu.jpg', 'PROFILE_PHOTO', 'assets/admission/documents/applicant-3/', 'jpg', 'Not set', '2017-08-23 22:31:52', '2017-08-23 22:31:52', NULL);

-- --------------------------------------------------------

--
-- Table structure for table `applicant_enrollment`
--

CREATE TABLE `applicant_enrollment` (
  `id` int(10) UNSIGNED NOT NULL,
  `applicant_id` int(10) UNSIGNED DEFAULT NULL,
  `academic_year` int(10) UNSIGNED DEFAULT NULL,
  `academic_level` int(10) UNSIGNED DEFAULT NULL,
  `batch` int(10) UNSIGNED DEFAULT NULL,
  `section` int(10) UNSIGNED DEFAULT NULL,
  `created_at` timestamp NULL DEFAULT NULL,
  `updated_at` timestamp NULL DEFAULT NULL,
  `deleted_at` timestamp NULL DEFAULT NULL
) ENGINE=InnoDB DEFAULT CHARSET=utf8mb4 COLLATE=utf8mb4_unicode_ci;

--
-- Dumping data for table `applicant_enrollment`
--

INSERT INTO `applicant_enrollment` (`id`, `applicant_id`, `academic_year`, `academic_level`, `batch`, `section`, `created_at`, `updated_at`, `deleted_at`) VALUES
(1, 1, 1, 2, 4, NULL, '2017-08-23 02:25:23', '2017-08-23 02:25:23', NULL),
(2, 2, 1, 2, 4, NULL, '2017-08-23 02:26:18', '2017-08-23 02:26:18', NULL),
(3, 3, 1, 2, 3, NULL, '2017-08-23 22:31:34', '2017-08-23 22:31:34', NULL),
(4, 4, 1, 2, 5, NULL, '2017-08-23 22:32:56', '2017-08-23 22:32:56', NULL),
(5, 5, 1, 2, 4, NULL, '2017-09-12 05:53:07', '2017-09-12 05:53:07', NULL),
(6, 6, 1, 2, 4, NULL, '2017-09-12 05:53:54', '2017-09-12 05:53:54', NULL);

-- --------------------------------------------------------

--
-- Table structure for table `applicant_exam_settings`
--

CREATE TABLE `applicant_exam_settings` (
  `id` int(10) UNSIGNED NOT NULL,
  `exam_fees` int(11) NOT NULL,
  `merit_list_std_no` int(11) UNSIGNED DEFAULT NULL,
  `waiting_list_std_no` int(11) UNSIGNED DEFAULT NULL,
  `exam_marks` int(11) UNSIGNED DEFAULT NULL,
  `exam_passing_marks` int(11) UNSIGNED DEFAULT NULL,
  `exam_date` date DEFAULT NULL,
  `exam_start_time` varchar(255) COLLATE utf8mb4_unicode_ci DEFAULT NULL,
  `exam_end_time` varchar(255) COLLATE utf8mb4_unicode_ci DEFAULT NULL,
  `exam_venue` varchar(255) COLLATE utf8mb4_unicode_ci DEFAULT NULL,
  `exam_taken` tinyint(1) DEFAULT '0',
  `campus_id` int(10) UNSIGNED DEFAULT NULL,
  `institute_id` int(10) UNSIGNED DEFAULT NULL,
  `academic_year` int(10) UNSIGNED DEFAULT NULL,
  `academic_level` int(10) UNSIGNED DEFAULT NULL,
  `batch` int(10) UNSIGNED DEFAULT NULL,
  `section` int(10) UNSIGNED DEFAULT NULL,
  `created_at` timestamp NULL DEFAULT NULL,
  `updated_at` timestamp NULL DEFAULT NULL,
  `deleted_at` timestamp NULL DEFAULT NULL
) ENGINE=InnoDB DEFAULT CHARSET=utf8mb4 COLLATE=utf8mb4_unicode_ci;

--
-- Dumping data for table `applicant_exam_settings`
--

INSERT INTO `applicant_exam_settings` (`id`, `exam_fees`, `merit_list_std_no`, `waiting_list_std_no`, `exam_marks`, `exam_passing_marks`, `exam_date`, `exam_start_time`, `exam_end_time`, `exam_venue`, `exam_taken`, `campus_id`, `institute_id`, `academic_year`, `academic_level`, `batch`, `section`, `created_at`, `updated_at`, `deleted_at`) VALUES
(1, 100, 50, 50, 100, 80, '2017-08-09', '10:00 AM', '11:00 AM', 'Venus Complex, Badda, Dhaka-1213 (BD)', 1, 1, 1, 1, 2, 4, NULL, '2017-08-27 05:34:58', '2017-09-19 04:44:36', NULL),
(2, 300, 50, 50, 100, 80, '2017-12-31', '10:00 AM', '11:15 AM', 'Venus Complex, Badda, BD,  Dhaka-1213', 1, 1, 1, 1, 2, 3, NULL, '2017-08-27 05:35:49', '2017-09-13 22:32:19', NULL),
(3, 500, 60, 60, 100, 80, '2017-08-30', '10:30 AM', '11:30 AM', 'Venus Complex, Badda, Dhaka-1213', 1, 1, 1, 1, 2, 5, NULL, '2017-08-27 05:36:10', '2017-09-13 01:00:38', NULL);

-- --------------------------------------------------------

--
-- Table structure for table `applicant_fees`
--

CREATE TABLE `applicant_fees` (
  `id` int(10) UNSIGNED NOT NULL,
  `applicant_id` int(10) UNSIGNED DEFAULT NULL,
  `campus_id` int(10) UNSIGNED DEFAULT NULL,
  `institute_id` int(10) UNSIGNED DEFAULT NULL,
  `fees_amount` int(11) DEFAULT NULL,
  `invoice_no` int(10) UNSIGNED DEFAULT NULL,
  `created_at` timestamp NULL DEFAULT NULL,
  `updated_at` timestamp NULL DEFAULT NULL,
  `deleted_at` timestamp NULL DEFAULT NULL
) ENGINE=InnoDB DEFAULT CHARSET=utf8mb4 COLLATE=utf8mb4_unicode_ci;

--
-- Dumping data for table `applicant_fees`
--

INSERT INTO `applicant_fees` (`id`, `applicant_id`, `campus_id`, `institute_id`, `fees_amount`, `invoice_no`, `created_at`, `updated_at`, `deleted_at`) VALUES
(1, 1, 1, 1, 100, 570687, '2017-08-27 05:44:35', '2017-08-27 05:44:35', NULL),
(2, 4, 1, 1, 500, 858566, '2017-08-27 05:49:47', '2017-08-27 05:49:47', NULL),
(3, 3, 1, 1, 300, 564868, '2017-08-27 06:28:38', '2017-08-27 06:28:38', NULL),
(4, 2, 1, 1, 100, 701664, '2017-08-27 06:28:40', '2017-08-27 06:28:40', NULL),
(5, 6, 1, 1, 100, 74344, '2017-09-12 05:54:27', '2017-09-12 05:54:27', NULL),
(6, 5, 1, 1, 100, 865996, '2017-09-12 05:54:30', '2017-09-12 05:54:30', NULL);

-- --------------------------------------------------------

--
-- Table structure for table `applicant_follow_ups`
--

CREATE TABLE `applicant_follow_ups` (
  `id` int(10) UNSIGNED NOT NULL,
  `created_at` timestamp NULL DEFAULT NULL,
  `updated_at` timestamp NULL DEFAULT NULL
) ENGINE=InnoDB DEFAULT CHARSET=utf8mb4 COLLATE=utf8mb4_unicode_ci;

-- --------------------------------------------------------

--
-- Table structure for table `applicant_grades`
--

CREATE TABLE `applicant_grades` (
  `id` int(10) UNSIGNED NOT NULL,
  `applicant_id` int(10) UNSIGNED DEFAULT NULL,
  `applicant_grade` int(10) UNSIGNED DEFAULT NULL,
  `campus_id` int(10) UNSIGNED DEFAULT NULL,
  `institute_id` int(10) UNSIGNED DEFAULT NULL,
  `academic_year` int(10) UNSIGNED DEFAULT NULL,
  `academic_level` int(10) UNSIGNED DEFAULT NULL,
  `batch` int(10) UNSIGNED DEFAULT NULL,
  `created_at` timestamp NULL DEFAULT NULL,
  `updated_at` timestamp NULL DEFAULT NULL,
  `deleted_at` timestamp NULL DEFAULT NULL
) ENGINE=InnoDB DEFAULT CHARSET=utf8mb4 COLLATE=utf8mb4_unicode_ci;

--
-- Dumping data for table `applicant_grades`
--

INSERT INTO `applicant_grades` (`id`, `applicant_id`, `applicant_grade`, `campus_id`, `institute_id`, `academic_year`, `academic_level`, `batch`, `created_at`, `updated_at`, `deleted_at`) VALUES
(18, 1, 99, 1, 1, 1, 2, 4, '2017-08-29 02:01:48', '2017-09-12 03:38:41', NULL),
(19, 2, 90, 1, 1, 1, 2, 4, '2017-08-29 02:01:48', '2017-09-11 05:31:20', NULL),
(20, 3, 90, 1, 1, 1, 2, 3, '2017-08-29 02:03:51', '2017-09-12 00:03:12', NULL),
(21, 4, 90, 1, 1, 1, 2, 5, '2017-09-09 22:34:39', '2017-09-10 03:35:21', NULL),
(22, 5, 79, 1, 1, 1, 2, 4, '2017-09-12 05:55:25', '2017-09-12 05:56:48', NULL),
(23, 6, 80, 1, 1, 1, 2, 4, '2017-09-12 05:55:26', '2017-09-12 05:56:49', NULL);

-- --------------------------------------------------------

--
-- Table structure for table `applicant_information`
--

CREATE TABLE `applicant_information` (
  `id` int(10) UNSIGNED NOT NULL,
  `applicant_id` int(10) UNSIGNED DEFAULT NULL,
  `title` enum('Mr.','Mrs.','Ms.') COLLATE utf8mb4_unicode_ci DEFAULT NULL,
  `first_name` varchar(255) COLLATE utf8mb4_unicode_ci NOT NULL DEFAULT 'not set',
  `middle_name` varchar(255) COLLATE utf8mb4_unicode_ci NOT NULL DEFAULT 'not set',
  `last_name` varchar(255) COLLATE utf8mb4_unicode_ci NOT NULL DEFAULT 'not set',
  `gender` tinyint(1) DEFAULT NULL,
  `birth_date` date DEFAULT NULL,
  `blood_group` enum('Unknown','A+','A-','B+','B-','AB+','AB-','O+','O-') COLLATE utf8mb4_unicode_ci DEFAULT NULL,
  `phone` varchar(255) COLLATE utf8mb4_unicode_ci DEFAULT NULL,
  `religion` varchar(255) COLLATE utf8mb4_unicode_ci DEFAULT NULL,
  `nationality` varchar(255) COLLATE utf8mb4_unicode_ci DEFAULT NULL,
  `created_at` timestamp NULL DEFAULT NULL,
  `updated_at` timestamp NULL DEFAULT NULL,
  `deleted_at` timestamp NULL DEFAULT NULL
) ENGINE=InnoDB DEFAULT CHARSET=utf8mb4 COLLATE=utf8mb4_unicode_ci;

--
-- Dumping data for table `applicant_information`
--

INSERT INTO `applicant_information` (`id`, `applicant_id`, `title`, `first_name`, `middle_name`, `last_name`, `gender`, `birth_date`, `blood_group`, `phone`, `religion`, `nationality`, `created_at`, `updated_at`, `deleted_at`) VALUES
(1, 1, 'Mr.', 'AKM', 'Amirul', 'Isalm', 0, '1991-12-31', 'A+', '01717375219', 'Islam', '1', '2017-08-23 02:25:23', '2017-08-26 23:34:16', NULL),
(2, 2, 'Mr.', 'MD', 'Amirul', 'Isalm', 0, '1991-12-20', NULL, '01717375219', 'Islam', '1', '2017-08-23 02:26:18', '2017-08-23 05:00:45', NULL),
(3, 3, 'Mr.', 'Romesh', 'Chandra', 'Shill', 0, '2017-08-16', 'A+', '01717375219', 'Hindu', '1', '2017-08-23 22:31:34', '2017-08-27 06:33:08', NULL),
(4, 4, 'Mr.', 'Md', 'Azadur', 'Rahaman', 0, '2017-08-16', NULL, '01717375219', 'Islam', '1', '2017-08-23 22:32:56', '2017-08-23 22:32:56', NULL),
(5, 5, 'Mr.', 'MD.', 'Azadur', 'Rahaman', 0, '2017-09-27', NULL, '01717375219', 'Islam', '1', '2017-09-12 05:53:07', '2017-09-12 05:53:07', NULL),
(6, 6, 'Mr.', 'MD.', 'Bellal', 'Uddin', 0, '2017-09-27', NULL, '01717375219', 'Islam', '1', '2017-09-12 05:53:54', '2017-09-12 05:53:54', NULL);

-- --------------------------------------------------------

--
-- Stand-in structure for view `applicant_manage_view`
--
CREATE TABLE `applicant_manage_view` (
`applicant_id` int(10) unsigned
,`application_no` int(10) unsigned
,`payment_status` tinyint(1)
,`application_status` int(10) unsigned
,`first_name` varchar(255)
,`middle_name` varchar(255)
,`last_name` varchar(255)
,`email` varchar(255)
,`gender` tinyint(1)
,`birth_date` date
,`academic_year` int(10) unsigned
,`academic_level` int(10) unsigned
,`batch` int(10) unsigned
,`section` int(10) unsigned
,`campus_id` int(10) unsigned
,`institute_id` int(10) unsigned
,`created_at` timestamp
);

-- --------------------------------------------------------

--
-- Table structure for table `applicant_merit_batch`
--

CREATE TABLE `applicant_merit_batch` (
  `id` int(10) UNSIGNED NOT NULL,
  `merit_batch` int(10) UNSIGNED DEFAULT '1',
  `campus_id` int(10) UNSIGNED DEFAULT NULL,
  `institute_id` int(10) UNSIGNED DEFAULT NULL,
  `academic_year` int(10) UNSIGNED DEFAULT NULL,
  `academic_level` int(10) UNSIGNED DEFAULT NULL,
  `batch` int(10) UNSIGNED DEFAULT NULL,
  `created_at` timestamp NULL DEFAULT NULL,
  `updated_at` timestamp NULL DEFAULT NULL,
  `deleted_at` timestamp NULL DEFAULT NULL
) ENGINE=InnoDB DEFAULT CHARSET=utf8mb4 COLLATE=utf8mb4_unicode_ci;

--
-- Dumping data for table `applicant_merit_batch`
--

INSERT INTO `applicant_merit_batch` (`id`, `merit_batch`, `campus_id`, `institute_id`, `academic_year`, `academic_level`, `batch`, `created_at`, `updated_at`, `deleted_at`) VALUES
(1, 2, 1, 1, 1, 2, 4, '2017-09-19 04:58:10', '2017-09-19 05:16:09', NULL),
(2, 1, 1, 1, 1, 2, 4, '2017-09-20 01:46:15', '2017-09-20 01:46:15', NULL);

-- --------------------------------------------------------

--
-- Table structure for table `applicant_results`
--

CREATE TABLE `applicant_results` (
  `id` int(10) UNSIGNED NOT NULL,
  `applicant_id` int(10) UNSIGNED DEFAULT NULL,
  `applicant_exam_result` tinyint(1) DEFAULT NULL,
  `applicant_merit_type` varchar(255) COLLATE utf8mb4_unicode_ci DEFAULT NULL,
  `applicant_merit_position` int(10) UNSIGNED DEFAULT NULL,
  `applicant_merit_batch` varchar(255) COLLATE utf8mb4_unicode_ci DEFAULT NULL,
  `admission_status` tinyint(1) DEFAULT '0',
  `campus_id` int(10) UNSIGNED DEFAULT NULL,
  `institute_id` int(10) UNSIGNED DEFAULT NULL,
  `academic_year` int(10) UNSIGNED DEFAULT NULL,
  `academic_level` int(10) UNSIGNED DEFAULT NULL,
  `batch` int(10) UNSIGNED DEFAULT NULL,
  `created_at` timestamp NULL DEFAULT NULL,
  `updated_at` timestamp NULL DEFAULT NULL,
  `deleted_at` timestamp NULL DEFAULT NULL
) ENGINE=InnoDB DEFAULT CHARSET=utf8mb4 COLLATE=utf8mb4_unicode_ci;

--
-- Dumping data for table `applicant_results`
--

INSERT INTO `applicant_results` (`id`, `applicant_id`, `applicant_exam_result`, `applicant_merit_type`, `applicant_merit_position`, `applicant_merit_batch`, `admission_status`, `campus_id`, `institute_id`, `academic_year`, `academic_level`, `batch`, `created_at`, `updated_at`, `deleted_at`) VALUES
(9, 1, 1, 'Undefined', 1, NULL, 0, 1, 1, 1, 2, 4, '2017-09-20 01:46:15', '2017-09-20 01:46:15', NULL),
(10, 2, 1, 'Undefined', 2, NULL, 0, 1, 1, 1, 2, 4, '2017-09-20 01:46:15', '2017-09-20 01:46:15', NULL),
(11, 6, 1, 'Undefined', 3, NULL, 0, 1, 1, 1, 2, 4, '2017-09-20 01:46:15', '2017-09-20 01:46:15', NULL),
(12, 5, 0, 'FAILED', 0, NULL, 0, 1, 1, 1, 2, 4, '2017-09-20 01:46:15', '2017-09-20 01:46:15', NULL);

-- --------------------------------------------------------

--
-- Table structure for table `applicant_user`
--

CREATE TABLE `applicant_user` (
  `id` int(10) UNSIGNED NOT NULL,
  `email` varchar(255) COLLATE utf8mb4_unicode_ci NOT NULL,
  `password` varchar(255) COLLATE utf8mb4_unicode_ci NOT NULL,
  `application_no` int(10) UNSIGNED DEFAULT NULL,
  `application_status` int(10) UNSIGNED NOT NULL DEFAULT '0',
  `campus_id` int(10) UNSIGNED DEFAULT NULL,
  `institute_id` int(10) UNSIGNED DEFAULT NULL,
  `payment_status` tinyint(1) NOT NULL DEFAULT '0',
  `remember_token` varchar(100) COLLATE utf8mb4_unicode_ci DEFAULT NULL,
  `created_at` timestamp NULL DEFAULT NULL,
  `updated_at` timestamp NULL DEFAULT NULL,
  `deleted_at` timestamp NULL DEFAULT NULL
) ENGINE=InnoDB DEFAULT CHARSET=utf8mb4 COLLATE=utf8mb4_unicode_ci;

--
-- Dumping data for table `applicant_user`
--

INSERT INTO `applicant_user` (`id`, `email`, `password`, `application_no`, `application_status`, `campus_id`, `institute_id`, `payment_status`, `remember_token`, `created_at`, `updated_at`, `deleted_at`) VALUES
(1, 'amirul.ete@gmail.com', '$2y$10$1jCOCnCskWe5KarsDJloWeFPSQ5TlLudRsqOzSxbTgq9vhA1Pv.Pi', 222261, 1, 1, 1, 1, NULL, '2017-08-23 02:25:23', '2017-08-27 05:44:35', NULL),
(2, 'amirul@gmail.com', '$2y$10$OxYwQMD0dPd8uoFkiEwJbepk.hVZHu8eVer98GczRQeG2RZKqbuF.', 473936, 1, 1, 1, 1, NULL, '2017-08-23 02:26:18', '2017-08-27 06:28:40', NULL),
(3, 'eng.romesh@gmail.com', '$2y$10$Aett0/VXdzbj29OIa.QWLeeaZJyowy0aX6S6B4iWUi85H5K8c6cJ.', 290744, 1, 1, 1, 1, NULL, '2017-08-23 22:31:34', '2017-08-27 06:28:38', NULL),
(4, 'azadur@gmail.com', '$2y$10$FBq.fMc3pD6I6gOMvvx.k.CSYyBUg7OzRO9FsJWlG4ZEeHIbvq2o6', 465165, 1, 1, 1, 1, NULL, '2017-08-23 22:32:56', '2017-08-27 05:49:47', NULL),
(5, 'eng.azadur@gmail.com', '$2y$10$gMsYRDRhOFaMz8ZrnQWGjeIw9Ut9qUSNHaDPUZxnH4J097uSy8NPC', 160999, 1, 1, 1, 1, NULL, '2017-09-12 05:53:07', '2017-09-12 05:54:30', NULL),
(6, 'eng.bella@gmail.com', '$2y$10$YQn0RCcX5gxhUPvgEiVN2uGqnibOnF02eDkwzFsw.hPKAxaVtPQQy', 319365, 1, 1, 1, 1, NULL, '2017-09-12 05:53:54', '2017-09-12 05:54:27', NULL);

-- --------------------------------------------------------

--
-- Table structure for table `audits`
--

CREATE TABLE `audits` (
  `id` int(10) UNSIGNED NOT NULL,
  `user_id` int(10) UNSIGNED DEFAULT NULL,
  `event` varchar(255) COLLATE utf8mb4_unicode_ci NOT NULL,
  `auditable_id` int(10) UNSIGNED NOT NULL,
  `auditable_type` varchar(255) COLLATE utf8mb4_unicode_ci NOT NULL,
  `old_values` text COLLATE utf8mb4_unicode_ci,
  `new_values` text COLLATE utf8mb4_unicode_ci,
  `url` varchar(255) COLLATE utf8mb4_unicode_ci DEFAULT NULL,
  `ip_address` varchar(45) COLLATE utf8mb4_unicode_ci DEFAULT NULL,
  `created_at` timestamp NOT NULL DEFAULT CURRENT_TIMESTAMP ON UPDATE CURRENT_TIMESTAMP
) ENGINE=InnoDB DEFAULT CHARSET=utf8mb4 COLLATE=utf8mb4_unicode_ci;

--
-- Dumping data for table `audits`
--

INSERT INTO `audits` (`id`, `user_id`, `event`, `auditable_id`, `auditable_type`, `old_values`, `new_values`, `url`, `ip_address`, `created_at`) VALUES
(1, 3, 'created', 23, 'Modules\\Academics\\Entities\\ClassSubject', '[]', '{"class_id":"5","section_id":"5","subject_id":"2","subject_code":"asdfa","subject_type":"1","subject_credit":"sdfasd","sorting_order":"1","id":23}', 'http://127.0.0.1:8000/academics/manage/subject/store', '127.0.0.1', '2017-04-11 00:47:37'),
(2, 3, 'created', 24, 'Modules\\Academics\\Entities\\ClassSubject', '[]', '{"class_id":"5","section_id":"5","subject_id":"4","subject_code":"asdfa","subject_type":"1","subject_credit":"sdfasd","sorting_order":"2","id":24}', 'http://127.0.0.1:8000/academics/manage/subject/store', '127.0.0.1', '2017-04-11 00:47:37'),
(3, 3, 'created', 25, 'Modules\\Academics\\Entities\\ClassSubject', '[]', '{"class_id":"6","section_id":"6","subject_id":"2","subject_code":"asdfad","subject_type":"1","subject_credit":"adfasdf","sorting_order":"1","id":25}', 'http://127.0.0.1:8000/academics/manage/subject/store', '127.0.0.1', '2017-04-11 01:24:59'),
(4, 3, 'created', 26, 'Modules\\Academics\\Entities\\ClassSubject', '[]', '{"class_id":"7","section_id":"7","subject_id":"4","subject_code":"asdf","subject_type":"1","subject_credit":"sdfad","sorting_order":"1","id":26}', 'http://127.0.0.1:8000/academics/manage/subject/store', '127.0.0.1', '2017-04-11 01:26:09'),
(5, 3, 'created', 27, 'Modules\\Academics\\Entities\\ClassSubject', '[]', '{"class_id":"5","section_id":"9","subject_id":"2","subject_code":"sad","subject_type":"1","subject_credit":"sdf","sorting_order":"1","id":27}', 'http://127.0.0.1:8000/academics/manage/subject/store', '127.0.0.1', '2017-04-11 01:26:42'),
(6, 3, 'created', 28, 'Modules\\Academics\\Entities\\ClassSubject', '[]', '{"class_id":"5","section_id":"5","subject_id":"2","subject_code":"asdfa","subject_type":"1","subject_credit":"asd","sorting_order":"1","id":28}', 'http://127.0.0.1:8000/academics/manage/subject/store', '127.0.0.1', '2017-04-11 01:28:51'),
(7, 3, 'created', 29, 'Modules\\Academics\\Entities\\ClassSubject', '[]', '{"class_id":"5","section_id":"5","subject_id":"4","subject_code":"sdfasdf","subject_type":"1","subject_credit":"asdfa","sorting_order":"2","id":29}', 'http://127.0.0.1:8000/academics/manage/subject/store', '127.0.0.1', '2017-04-11 01:28:51'),
(8, 3, 'created', 30, 'Modules\\Academics\\Entities\\ClassSubject', '[]', '{"class_id":"5","section_id":"5","subject_id":"3","subject_code":"fasdfasd","subject_type":"0","subject_credit":"asdfasd","sorting_order":"3","id":30}', 'http://127.0.0.1:8000/academics/manage/subject/store', '127.0.0.1', '2017-04-11 01:28:51'),
(9, 3, 'created', 31, 'Modules\\Academics\\Entities\\ClassSubject', '[]', '{"class_id":"2","section_id":"2","subject_id":"2","subject_code":"asfdadf","subject_type":"1","subject_credit":"adfadf","sorting_order":"1","id":31}', 'http://127.0.0.1:8000/academics/manage/subject/store', '127.0.0.1', '2017-04-11 03:49:26'),
(10, 3, 'created', 32, 'Modules\\Academics\\Entities\\ClassSubject', '[]', '{"class_id":"2","section_id":"2","subject_id":"4","subject_code":"adfadsfasdfa","subject_type":"1","subject_credit":"fadfadf","sorting_order":"2","id":32}', 'http://127.0.0.1:8000/academics/manage/subject/store', '127.0.0.1', '2017-04-11 03:49:26'),
(11, 3, 'created', 33, 'Modules\\Academics\\Entities\\ClassSubject', '[]', '{"class_id":"2","section_id":"2","subject_id":"4","subject_code":"adfa","subject_type":"1","subject_credit":"adsdfasdf","sorting_order":"1","id":33}', 'http://127.0.0.1:8000/academics/manage/subject/store', '127.0.0.1', '2017-04-11 03:50:22'),
(12, 3, 'created', 34, 'Modules\\Academics\\Entities\\ClassSubject', '[]', '{"class_id":"2","section_id":"2","subject_id":"1","subject_code":"asfas","subject_type":"1","subject_credit":"dfasdf","sorting_order":"2","id":34}', 'http://127.0.0.1:8000/academics/manage/subject/store', '127.0.0.1', '2017-04-11 03:50:22'),
(13, 3, 'created', 35, 'Modules\\Academics\\Entities\\ClassSubject', '[]', '{"class_id":"2","section_id":"2","subject_id":"3","subject_code":"dfasdfa","subject_type":"1","subject_credit":"adfa","sorting_order":"3","id":35}', 'http://127.0.0.1:8000/academics/manage/subject/store', '127.0.0.1', '2017-04-11 03:50:22'),
(14, 3, 'created', 36, 'Modules\\Academics\\Entities\\ClassSubject', '[]', '{"class_id":"2","section_id":"2","subject_id":"2","subject_code":"adsfa","subject_type":"0","subject_credit":"fadf","sorting_order":"4","id":36}', 'http://127.0.0.1:8000/academics/manage/subject/store', '127.0.0.1', '2017-04-11 03:50:22'),
(15, 3, 'created', 35, 'Modules\\Academics\\Entities\\ClassSubject', '[]', '{"class_id":"5","section_id":"5","subject_id":"2","subject_code":"asdf","subject_type":"1","subject_credit":"adfasdfas","sorting_order":"1","id":35}', 'http://127.0.0.1:8000/academics/manage/subject/store', '127.0.0.1', '2017-04-11 22:50:50'),
(16, 3, 'created', 36, 'Modules\\Academics\\Entities\\ClassSubject', '[]', '{"class_id":"5","section_id":"5","subject_id":"3","subject_code":"asfa","subject_type":"0","subject_credit":"sdfa","sorting_order":"2","id":36}', 'http://127.0.0.1:8000/academics/manage/subject/store', '127.0.0.1', '2017-04-11 22:50:50'),
(17, 3, 'created', 37, 'Modules\\Academics\\Entities\\ClassSubject', '[]', '{"class_id":"5","section_id":"5","subject_id":"2","subject_code":"asdf","subject_type":"1","subject_credit":"adfasdfas","sorting_order":"1","id":37}', 'http://127.0.0.1:8000/academics/manage/subject/store', '127.0.0.1', '2017-04-11 23:04:31'),
(18, 3, 'created', 38, 'Modules\\Academics\\Entities\\ClassSubject', '[]', '{"class_id":"5","section_id":"5","subject_id":"3","subject_code":"asfa","subject_type":"1","subject_credit":"sdfa","sorting_order":"2","id":38}', 'http://127.0.0.1:8000/academics/manage/subject/store', '127.0.0.1', '2017-04-11 23:04:31'),
(19, 3, 'created', 39, 'Modules\\Academics\\Entities\\ClassSubject', '[]', '{"class_id":"2","section_id":"2","subject_id":"3","subject_code":"asfdadf","subject_type":"1","subject_credit":"adfadf","sorting_order":"1","id":39}', 'http://127.0.0.1:8000/academics/manage/subject/store', '127.0.0.1', '2017-04-11 23:06:39'),
(20, 3, 'created', 40, 'Modules\\Academics\\Entities\\ClassSubject', '[]', '{"class_id":"2","section_id":"2","subject_id":"4","subject_code":"adfadsfasdfa","subject_type":"0","subject_credit":"fadfadf","sorting_order":"2","id":40}', 'http://127.0.0.1:8000/academics/manage/subject/store', '127.0.0.1', '2017-04-11 23:06:39'),
(21, 3, 'created', 41, 'Modules\\Academics\\Entities\\ClassSubject', '[]', '{"class_id":"5","section_id":"9","subject_id":"2","subject_code":"sfasdf","subject_type":"1","subject_credit":"afdasdfasdf","sorting_order":"1","id":41}', 'http://127.0.0.1:8000/academics/manage/subject/store', '127.0.0.1', '2017-04-11 23:43:02'),
(22, 3, 'created', 42, 'Modules\\Academics\\Entities\\ClassSubject', '[]', '{"class_id":"5","section_id":"9","subject_id":"4","subject_code":"asdfasd","subject_type":"1","subject_credit":"fasdfasd","sorting_order":"2","id":42}', 'http://127.0.0.1:8000/academics/manage/subject/store', '127.0.0.1', '2017-04-11 23:43:02'),
(23, 3, 'created', 43, 'Modules\\Academics\\Entities\\ClassSubject', '[]', '{"class_id":"5","section_id":"12","subject_id":"4","subject_code":"asdfa","subject_type":"1","subject_credit":"sdfad","sorting_order":"1","id":43}', 'http://127.0.0.1:8000/academics/manage/subject/store', '127.0.0.1', '2017-04-12 00:27:57'),
(24, 3, 'created', 44, 'Modules\\Academics\\Entities\\ClassSubject', '[]', '{"class_id":"5","section_id":"12","subject_id":"2","subject_code":"asdf","subject_type":"1","subject_credit":"asdfasdf","sorting_order":"2","id":44}', 'http://127.0.0.1:8000/academics/manage/subject/store', '127.0.0.1', '2017-04-12 00:27:57'),
(25, 3, 'updated', 43, 'Modules\\Academics\\Entities\\ClassSubject', '{"subject_code":"asdfa","subject_credit":"sdfad"}', '{"subject_code":"Amirul","subject_credit":"islam"}', 'http://127.0.0.1:8000/academics/manage/subject/store', '127.0.0.1', '2017-04-12 00:28:52'),
(26, 3, 'created', 45, 'Modules\\Academics\\Entities\\ClassSubject', '[]', '{"class_id":"5","section_id":"12","subject_id":"3","subject_code":"hello","subject_type":"0","subject_credit":"world","sorting_order":"3","id":45}', 'http://127.0.0.1:8000/academics/manage/subject/store', '127.0.0.1', '2017-04-12 00:29:14'),
(27, 3, 'updated', 45, 'Modules\\Academics\\Entities\\ClassSubject', '{"sorting_order":3}', '{"sorting_order":"1"}', 'http://127.0.0.1:8000/academics/manage/subject/store', '127.0.0.1', '2017-04-12 00:29:35'),
(28, 3, 'updated', 43, 'Modules\\Academics\\Entities\\ClassSubject', '{"sorting_order":1}', '{"sorting_order":"2"}', 'http://127.0.0.1:8000/academics/manage/subject/store', '127.0.0.1', '2017-04-12 00:29:36'),
(29, 3, 'updated', 44, 'Modules\\Academics\\Entities\\ClassSubject', '{"sorting_order":2}', '{"sorting_order":"3"}', 'http://127.0.0.1:8000/academics/manage/subject/store', '127.0.0.1', '2017-04-12 00:29:36'),
(30, 3, 'updated', 44, 'Modules\\Academics\\Entities\\ClassSubject', '{"sorting_order":3}', '{"sorting_order":"2"}', 'http://127.0.0.1:8000/academics/manage/subject/store', '127.0.0.1', '2017-04-12 00:29:41'),
(31, 3, 'updated', 43, 'Modules\\Academics\\Entities\\ClassSubject', '{"sorting_order":2}', '{"sorting_order":"3"}', 'http://127.0.0.1:8000/academics/manage/subject/store', '127.0.0.1', '2017-04-12 00:29:41'),
(32, 3, 'updated', 43, 'Modules\\Academics\\Entities\\ClassSubject', '{"sorting_order":3}', '{"sorting_order":"2"}', 'http://127.0.0.1:8000/academics/manage/subject/store', '127.0.0.1', '2017-04-12 00:29:46'),
(33, 3, 'updated', 44, 'Modules\\Academics\\Entities\\ClassSubject', '{"sorting_order":2}', '{"sorting_order":"3"}', 'http://127.0.0.1:8000/academics/manage/subject/store', '127.0.0.1', '2017-04-12 00:29:46'),
(34, 3, 'updated', 44, 'Modules\\Academics\\Entities\\ClassSubject', '{"subject_type":"1"}', '{"subject_type":"0"}', 'http://127.0.0.1:8000/academics/manage/subject/store', '127.0.0.1', '2017-04-12 00:30:03'),
(35, 3, 'created', 46, 'Modules\\Academics\\Entities\\ClassSubject', '[]', '{"class_id":"5","section_id":"12","subject_id":"1","subject_code":"xcvzxv","subject_type":"1","subject_credit":"zxcvz","sorting_order":"4","id":46}', 'http://127.0.0.1:8000/academics/manage/subject/store', '127.0.0.1', '2017-04-12 00:30:04'),
(36, 3, 'updated', 45, 'Modules\\Academics\\Entities\\ClassSubject', '{"sorting_order":1}', '{"sorting_order":"5"}', 'http://127.0.0.1:8000/academics/manage/subject/store', '127.0.0.1', '2017-04-12 00:30:51'),
(37, 3, 'updated', 44, 'Modules\\Academics\\Entities\\ClassSubject', '{"sorting_order":3}', '{"sorting_order":"5"}', 'http://127.0.0.1:8000/academics/manage/subject/store', '127.0.0.1', '2017-04-12 00:30:51'),
(38, 3, 'updated', 46, 'Modules\\Academics\\Entities\\ClassSubject', '{"sorting_order":4}', '{"sorting_order":"5"}', 'http://127.0.0.1:8000/academics/manage/subject/store', '127.0.0.1', '2017-04-12 00:30:51'),
(39, 3, 'created', 47, 'Modules\\Academics\\Entities\\ClassSubject', '[]', '{"class_id":"5","section_id":"12","subject_id":"4","subject_code":"hdfghdf","subject_type":"1","subject_credit":"dhfghdg","sorting_order":"4","id":47}', 'http://127.0.0.1:8000/academics/manage/subject/store', '127.0.0.1', '2017-04-12 00:31:26'),
(40, 3, 'updated', 35, 'Modules\\Academics\\Entities\\ClassSubject', '{"subject_code":"asdf","subject_credit":"adfasdfas"}', '{"subject_code":"asdfasdf","subject_credit":"adfasdfasasdfa"}', 'http://127.0.0.1:8000/academics/manage/subject/store', '127.0.0.1', '2017-04-12 00:39:14'),
(41, 3, 'updated', 35, 'Modules\\Academics\\Entities\\ClassSubject', '{"subject_code":"asdfasdf"}', '{"subject_code":"gggggg"}', 'http://127.0.0.1:8000/academics/manage/subject/store', '127.0.0.1', '2017-04-12 00:39:22'),
(42, 3, 'updated', 35, 'Modules\\Academics\\Entities\\ClassSubject', '{"subject_credit":"adfasdfasasdfa"}', '{"subject_credit":"bbbbbbbbbb"}', 'http://127.0.0.1:8000/academics/manage/subject/store', '127.0.0.1', '2017-04-12 00:39:29'),
(43, 3, 'created', 48, 'Modules\\Academics\\Entities\\ClassSubject', '[]', '{"class_id":"5","section_id":"5","subject_id":"4","subject_code":"cccccccccccc","subject_type":"1","subject_credit":"rrrrrrrrr","sorting_order":"3","id":48}', 'http://127.0.0.1:8000/academics/manage/subject/store', '127.0.0.1', '2017-04-12 00:39:48'),
(44, 3, 'updated', 48, 'Modules\\Academics\\Entities\\ClassSubject', '{"sorting_order":3}', '{"sorting_order":"1"}', 'http://127.0.0.1:8000/academics/manage/subject/store', '127.0.0.1', '2017-04-12 00:39:55'),
(45, 3, 'updated', 35, 'Modules\\Academics\\Entities\\ClassSubject', '{"sorting_order":1}', '{"sorting_order":"2"}', 'http://127.0.0.1:8000/academics/manage/subject/store', '127.0.0.1', '2017-04-12 00:39:55'),
(46, 3, 'updated', 36, 'Modules\\Academics\\Entities\\ClassSubject', '{"sorting_order":2}', '{"sorting_order":"3"}', 'http://127.0.0.1:8000/academics/manage/subject/store', '127.0.0.1', '2017-04-12 00:39:55'),
(47, 3, 'updated', 35, 'Modules\\Academics\\Entities\\ClassSubject', '{"sorting_order":2}', '{"sorting_order":"1"}', 'http://127.0.0.1:8000/academics/manage/subject/store', '127.0.0.1', '2017-04-12 00:40:02'),
(48, 3, 'updated', 48, 'Modules\\Academics\\Entities\\ClassSubject', '{"sorting_order":1}', '{"sorting_order":"2"}', 'http://127.0.0.1:8000/academics/manage/subject/store', '127.0.0.1', '2017-04-12 00:40:02'),
(49, 3, 'updated', 35, 'Modules\\Academics\\Entities\\ClassSubject', '{"sorting_order":1}', '{"sorting_order":"4"}', 'http://127.0.0.1:8000/academics/manage/subject/store', '127.0.0.1', '2017-04-12 00:40:16'),
(50, 3, 'updated', 36, 'Modules\\Academics\\Entities\\ClassSubject', '{"sorting_order":3}', '{"sorting_order":"4"}', 'http://127.0.0.1:8000/academics/manage/subject/store', '127.0.0.1', '2017-04-12 00:40:16'),
(51, 3, 'updated', 35, 'Modules\\Academics\\Entities\\ClassSubject', '{"sorting_order":4}', '{"sorting_order":"1"}', 'http://127.0.0.1:8000/academics/manage/subject/store', '127.0.0.1', '2017-04-12 00:40:25'),
(52, 3, 'updated', 36, 'Modules\\Academics\\Entities\\ClassSubject', '{"sorting_order":4}', '{"sorting_order":"3"}', 'http://127.0.0.1:8000/academics/manage/subject/store', '127.0.0.1', '2017-04-12 00:40:25'),
(53, 3, 'updated', 36, 'Modules\\Academics\\Entities\\ClassSubject', '{"subject_code":"asfa","subject_credit":"sdfa"}', '{"subject_code":"rom","subject_credit":"shill"}', 'http://127.0.0.1:8000/academics/manage/subject/store', '127.0.0.1', '2017-04-12 00:43:21'),
(54, 3, 'updated', 36, 'Modules\\Academics\\Entities\\ClassSubject', '{"subject_type":"0"}', '{"subject_type":"1"}', 'http://127.0.0.1:8000/academics/manage/subject/store', '127.0.0.1', '2017-04-12 00:43:27'),
(55, 3, 'updated', 36, 'Modules\\Academics\\Entities\\ClassSubject', '{"sorting_order":3}', '{"sorting_order":"1"}', 'http://127.0.0.1:8000/academics/manage/subject/store', '127.0.0.1', '2017-04-12 00:43:46'),
(56, 3, 'updated', 35, 'Modules\\Academics\\Entities\\ClassSubject', '{"sorting_order":1}', '{"sorting_order":"3"}', 'http://127.0.0.1:8000/academics/manage/subject/store', '127.0.0.1', '2017-04-12 00:43:46'),
(57, 3, 'updated', 48, 'Modules\\Academics\\Entities\\ClassSubject', '{"subject_code":"cccccccccccc","subject_type":"1","subject_credit":"rrrrrrrrr"}', '{"subject_code":"Amirul","subject_type":"0","subject_credit":"Islam"}', 'http://127.0.0.1:8000/academics/manage/subject/store', '127.0.0.1', '2017-04-12 00:55:04'),
(58, 3, 'created', 49, 'Modules\\Academics\\Entities\\ClassSubject', '[]', '{"class_id":"5","section_id":"9","subject_id":"1","subject_code":"asdfas","subject_type":"0","subject_credit":"dasdas","sorting_order":"3","id":49}', 'http://127.0.0.1:8000/academics/manage/subject/store', '127.0.0.1', '2017-04-12 00:56:41'),
(59, 3, 'updated', 49, 'Modules\\Academics\\Entities\\ClassSubject', '{"sorting_order":3}', '{"sorting_order":"1"}', 'http://127.0.0.1:8000/academics/manage/subject/store', '127.0.0.1', '2017-04-12 00:56:48'),
(60, 3, 'updated', 41, 'Modules\\Academics\\Entities\\ClassSubject', '{"sorting_order":1}', '{"sorting_order":"2"}', 'http://127.0.0.1:8000/academics/manage/subject/store', '127.0.0.1', '2017-04-12 00:56:48'),
(61, 3, 'updated', 42, 'Modules\\Academics\\Entities\\ClassSubject', '{"sorting_order":2}', '{"sorting_order":"3"}', 'http://127.0.0.1:8000/academics/manage/subject/store', '127.0.0.1', '2017-04-12 00:56:48'),
(62, 3, 'updated', 49, 'Modules\\Academics\\Entities\\ClassSubject', '{"sorting_order":1}', '{"sorting_order":"4"}', 'http://127.0.0.1:8000/academics/manage/subject/store', '127.0.0.1', '2017-04-12 00:57:00'),
(63, 3, 'updated', 41, 'Modules\\Academics\\Entities\\ClassSubject', '{"sorting_order":2}', '{"sorting_order":"4"}', 'http://127.0.0.1:8000/academics/manage/subject/store', '127.0.0.1', '2017-04-12 00:57:00'),
(64, 3, 'updated', 36, 'Modules\\Academics\\Entities\\ClassSubject', '{"sorting_order":1}', '{"sorting_order":"3"}', 'http://127.0.0.1:8000/academics/manage/subject/store', '127.0.0.1', '2017-04-12 01:40:54'),
(65, 3, 'updated', 35, 'Modules\\Academics\\Entities\\ClassSubject', '{"sorting_order":3}', '{"sorting_order":"4"}', 'http://127.0.0.1:8000/academics/manage/subject/store', '127.0.0.1', '2017-04-12 03:02:18'),
(66, 3, 'updated', 36, 'Modules\\Academics\\Entities\\ClassSubject', '{"sorting_order":3}', '{"sorting_order":"4"}', 'http://127.0.0.1:8000/academics/manage/subject/store', '127.0.0.1', '2017-04-12 03:02:42'),
(67, 3, 'deleted', 48, 'Modules\\Academics\\Entities\\ClassSubject', '{"id":48,"class_id":5,"section_id":5,"subject_id":4,"subject_code":"Amirul","subject_type":"0","subject_credit":"Islam","sorting_order":2,"is_active":0}', '[]', 'http://127.0.0.1:8000/academics/manage/subject/store', '127.0.0.1', '2017-04-12 03:06:18'),
(68, 3, 'deleted', 36, 'Modules\\Academics\\Entities\\ClassSubject', '{"id":36,"class_id":5,"section_id":5,"subject_id":3,"subject_code":"rom","subject_type":"1","subject_credit":"shill","sorting_order":4,"is_active":0}', '[]', 'http://127.0.0.1:8000/academics/manage/subject/store', '127.0.0.1', '2017-04-12 03:07:03'),
(69, 3, 'updated', 35, 'Modules\\Academics\\Entities\\ClassSubject', '{"sorting_order":4}', '{"sorting_order":"3"}', 'http://127.0.0.1:8000/academics/manage/subject/store', '127.0.0.1', '2017-04-12 03:07:04'),
(70, 3, 'created', 50, 'Modules\\Academics\\Entities\\ClassSubject', '[]', '{"class_id":"9","section_id":"10","subject_id":"2","subject_code":"asdfasd","subject_type":"1","subject_credit":"fasdfa","sorting_order":"1","id":50}', 'http://127.0.0.1:8000/academics/manage/subject/store', '127.0.0.1', '2017-04-12 03:18:05'),
(71, 3, 'created', 51, 'Modules\\Academics\\Entities\\ClassSubject', '[]', '{"class_id":"9","section_id":"10","subject_id":"1","subject_code":"asdfa","subject_type":"0","subject_credit":"sdfasdfasdf","sorting_order":"2","id":51}', 'http://127.0.0.1:8000/academics/manage/subject/store', '127.0.0.1', '2017-04-12 03:18:05'),
(72, 3, 'created', 52, 'Modules\\Academics\\Entities\\ClassSubject', '[]', '{"class_id":"9","section_id":"10","subject_id":"4","subject_code":"adsf","subject_type":"1","subject_credit":"asdfasdfas","sorting_order":"3","id":52}', 'http://127.0.0.1:8000/academics/manage/subject/store', '127.0.0.1', '2017-04-12 03:20:15'),
(73, 3, 'updated', 50, 'Modules\\Academics\\Entities\\ClassSubject', '{"sorting_order":1}', '{"sorting_order":"4"}', 'http://127.0.0.1:8000/academics/manage/subject/store', '127.0.0.1', '2017-04-12 03:20:21'),
(74, 3, 'deleted', 52, 'Modules\\Academics\\Entities\\ClassSubject', '{"id":52,"class_id":9,"section_id":10,"subject_id":4,"subject_code":"adsf","subject_type":"1","subject_credit":"asdfasdfas","sorting_order":3,"is_active":0}', '[]', 'http://127.0.0.1:8000/academics/manage/subject/store', '127.0.0.1', '2017-04-12 03:20:21'),
(75, 3, 'updated', 51, 'Modules\\Academics\\Entities\\ClassSubject', '{"sorting_order":2}', '{"sorting_order":"4"}', 'http://127.0.0.1:8000/academics/manage/subject/store', '127.0.0.1', '2017-04-12 03:20:21'),
(76, 3, 'deleted', 50, 'Modules\\Academics\\Entities\\ClassSubject', '{"id":50,"class_id":9,"section_id":10,"subject_id":2,"subject_code":"asdfasd","subject_type":"1","subject_credit":"fasdfa","sorting_order":4,"is_active":0}', '[]', 'http://127.0.0.1:8000/academics/manage/subject/store', '127.0.0.1', '2017-04-12 03:23:58'),
(77, 3, 'created', 53, 'Modules\\Academics\\Entities\\ClassSubject', '[]', '{"class_id":"9","section_id":"10","subject_id":"4","subject_code":"asdfasdf","subject_type":"1","subject_credit":"asdfasdfa","sorting_order":"4","id":53}', 'http://127.0.0.1:8000/academics/manage/subject/store', '127.0.0.1', '2017-04-12 03:23:59'),
(78, 3, 'deleted', 51, 'Modules\\Academics\\Entities\\ClassSubject', '{"id":51,"class_id":9,"section_id":10,"subject_id":1,"subject_code":"asdfa","subject_type":"0","subject_credit":"sdfasdfasdf","sorting_order":4,"is_active":0}', '[]', 'http://127.0.0.1:8000/academics/manage/subject/store', '127.0.0.1', '2017-04-12 03:24:08'),
(79, 3, 'updated', 53, 'Modules\\Academics\\Entities\\ClassSubject', '{"sorting_order":4}', '{"sorting_order":"3"}', 'http://127.0.0.1:8000/academics/manage/subject/store', '127.0.0.1', '2017-04-12 03:24:08'),
(80, 3, 'deleted', 53, 'Modules\\Academics\\Entities\\ClassSubject', '{"id":53,"class_id":9,"section_id":10,"subject_id":4,"subject_code":"asdfasdf","subject_type":"1","subject_credit":"asdfasdfa","sorting_order":3,"is_active":0}', '[]', 'http://127.0.0.1:8000/academics/manage/subject/store', '127.0.0.1', '2017-04-12 03:24:14'),
(81, 3, 'created', 54, 'Modules\\Academics\\Entities\\ClassSubject', '[]', '{"class_id":"9","section_id":"10","subject_id":"2","subject_code":"asdfa","subject_type":"1","subject_credit":"sdfasdfasd","sorting_order":"1","id":54}', 'http://127.0.0.1:8000/academics/manage/subject/store', '127.0.0.1', '2017-04-12 03:24:37'),
(82, 3, 'created', 55, 'Modules\\Academics\\Entities\\ClassSubject', '[]', '{"class_id":"9","section_id":"10","subject_id":"3","subject_code":"asdfasd","subject_type":"1","subject_credit":"fasdf","sorting_order":"2","id":55}', 'http://127.0.0.1:8000/academics/manage/subject/store', '127.0.0.1', '2017-04-12 03:24:37'),
(83, 3, 'deleted', 54, 'Modules\\Academics\\Entities\\ClassSubject', '{"id":54,"class_id":9,"section_id":10,"subject_id":2,"subject_code":"asdfa","subject_type":"1","subject_credit":"sdfasdfasd","sorting_order":1,"is_active":0}', '[]', 'http://127.0.0.1:8000/academics/manage/subject/store', '127.0.0.1', '2017-04-12 03:24:53'),
(84, 3, 'updated', 55, 'Modules\\Academics\\Entities\\ClassSubject', '{"sorting_order":2}', '{"sorting_order":"3"}', 'http://127.0.0.1:8000/academics/manage/subject/store', '127.0.0.1', '2017-04-12 03:24:54'),
(85, 3, 'created', 56, 'Modules\\Academics\\Entities\\ClassSubject', '[]', '{"class_id":"9","section_id":"10","subject_id":"1","subject_code":"asdfasdf","subject_type":"1","subject_credit":"sdfasdfad","sorting_order":"2","id":56}', 'http://127.0.0.1:8000/academics/manage/subject/store', '127.0.0.1', '2017-04-12 03:24:54'),
(86, 3, 'updated', 56, 'Modules\\Academics\\Entities\\ClassSubject', '{"sorting_order":2}', '{"sorting_order":"1"}', 'http://127.0.0.1:8000/academics/manage/subject/store', '127.0.0.1', '2017-04-12 03:25:17'),
(87, 3, 'created', 57, 'Modules\\Academics\\Entities\\ClassSubject', '[]', '{"class_id":"9","section_id":"10","subject_id":"2","subject_code":"afdfasdf","subject_type":"1","subject_credit":"asdfasdfas","sorting_order":"2","id":57}', 'http://127.0.0.1:8000/academics/manage/subject/store', '127.0.0.1', '2017-04-12 03:25:17'),
(88, 3, 'updated', 55, 'Modules\\Academics\\Entities\\ClassSubject', '{"sorting_order":3}', '{"sorting_order":"2"}', 'http://127.0.0.1:8000/academics/manage/subject/store', '127.0.0.1', '2017-04-12 03:25:23'),
(89, 3, 'updated', 57, 'Modules\\Academics\\Entities\\ClassSubject', '{"sorting_order":2}', '{"sorting_order":"3"}', 'http://127.0.0.1:8000/academics/manage/subject/store', '127.0.0.1', '2017-04-12 03:25:23'),
(90, 3, 'created', 58, 'Modules\\Academics\\Entities\\ClassSubject', '[]', '{"class_id":"9","section_id":"10","subject_id":"4","subject_code":"asdfasdf","subject_type":"1","subject_credit":"asdfasdfad","sorting_order":"4","id":58}', 'http://127.0.0.1:8000/academics/manage/subject/store', '127.0.0.1', '2017-04-12 03:25:33'),
(91, 3, 'updated', 58, 'Modules\\Academics\\Entities\\ClassSubject', '{"sorting_order":4}', '{"sorting_order":"2"}', 'http://127.0.0.1:8000/academics/manage/subject/store', '127.0.0.1', '2017-04-12 03:25:40'),
(92, 3, 'updated', 55, 'Modules\\Academics\\Entities\\ClassSubject', '{"sorting_order":2}', '{"sorting_order":"3"}', 'http://127.0.0.1:8000/academics/manage/subject/store', '127.0.0.1', '2017-04-12 03:25:40'),
(93, 3, 'updated', 57, 'Modules\\Academics\\Entities\\ClassSubject', '{"sorting_order":3}', '{"sorting_order":"4"}', 'http://127.0.0.1:8000/academics/manage/subject/store', '127.0.0.1', '2017-04-12 03:25:40'),
(94, 3, 'deleted', 56, 'Modules\\Academics\\Entities\\ClassSubject', '{"id":56,"class_id":9,"section_id":10,"subject_id":1,"subject_code":"asdfasdf","subject_type":"1","subject_credit":"sdfasdfad","sorting_order":1,"is_active":0}', '[]', 'http://127.0.0.1:8000/academics/manage/subject/store', '127.0.0.1', '2017-04-12 03:25:46'),
(95, 3, 'updated', 58, 'Modules\\Academics\\Entities\\ClassSubject', '{"sorting_order":2}', '{"sorting_order":"5"}', 'http://127.0.0.1:8000/academics/manage/subject/store', '127.0.0.1', '2017-04-12 03:25:47'),
(96, 3, 'updated', 55, 'Modules\\Academics\\Entities\\ClassSubject', '{"sorting_order":3}', '{"sorting_order":"5"}', 'http://127.0.0.1:8000/academics/manage/subject/store', '127.0.0.1', '2017-04-12 03:25:47'),
(97, 3, 'updated', 57, 'Modules\\Academics\\Entities\\ClassSubject', '{"sorting_order":4}', '{"sorting_order":"5"}', 'http://127.0.0.1:8000/academics/manage/subject/store', '127.0.0.1', '2017-04-12 03:25:47'),
(98, 3, 'deleted', 58, 'Modules\\Academics\\Entities\\ClassSubject', '{"id":58,"class_id":9,"section_id":10,"subject_id":4,"subject_code":"asdfasdf","subject_type":"1","subject_credit":"asdfasdfad","sorting_order":5,"is_active":0}', '[]', 'http://127.0.0.1:8000/academics/manage/subject/store', '127.0.0.1', '2017-04-12 03:25:56'),
(99, 3, 'updated', 55, 'Modules\\Academics\\Entities\\ClassSubject', '{"sorting_order":5}', '{"sorting_order":"4"}', 'http://127.0.0.1:8000/academics/manage/subject/store', '127.0.0.1', '2017-04-12 03:25:56'),
(100, 3, 'updated', 57, 'Modules\\Academics\\Entities\\ClassSubject', '{"sorting_order":5}', '{"sorting_order":"4"}', 'http://127.0.0.1:8000/academics/manage/subject/store', '127.0.0.1', '2017-04-12 03:25:56'),
(101, 3, 'deleted', 57, 'Modules\\Academics\\Entities\\ClassSubject', '{"id":57,"class_id":9,"section_id":10,"subject_id":2,"subject_code":"afdfasdf","subject_type":"1","subject_credit":"asdfasdfas","sorting_order":4,"is_active":0}', '[]', 'http://127.0.0.1:8000/academics/manage/subject/store', '127.0.0.1', '2017-04-12 03:26:01'),
(102, 3, 'updated', 55, 'Modules\\Academics\\Entities\\ClassSubject', '{"sorting_order":4}', '{"sorting_order":"3"}', 'http://127.0.0.1:8000/academics/manage/subject/store', '127.0.0.1', '2017-04-12 03:26:01'),
(103, 3, 'deleted', 55, 'Modules\\Academics\\Entities\\ClassSubject', '{"id":55,"class_id":9,"section_id":10,"subject_id":3,"subject_code":"asdfasd","subject_type":"1","subject_credit":"fasdf","sorting_order":3,"is_active":0}', '[]', 'http://127.0.0.1:8000/academics/manage/subject/store', '127.0.0.1', '2017-04-12 03:26:06'),
(104, 3, 'created', 59, 'Modules\\Academics\\Entities\\ClassSubject', '[]', '{"class_id":"9","section_id":"10","subject_id":"2","subject_code":"asdfasd","subject_type":"1","subject_credit":"fasdfasdfasdf","sorting_order":"1","id":59}', 'http://127.0.0.1:8000/academics/manage/subject/store', '127.0.0.1', '2017-04-12 03:26:46'),
(105, 3, 'created', 60, 'Modules\\Academics\\Entities\\ClassSubject', '[]', '{"class_id":"9","section_id":"10","subject_id":"1","subject_code":"adfasd","subject_type":"1","subject_credit":"fasdf","sorting_order":"2","id":60}', 'http://127.0.0.1:8000/academics/manage/subject/store', '127.0.0.1', '2017-04-12 03:26:46'),
(106, 3, 'created', 61, 'Modules\\Academics\\Entities\\ClassSubject', '[]', '{"class_id":"9","section_id":"10","subject_id":"3","subject_code":"sdfasd","subject_type":"1","subject_credit":"fadsfasd","sorting_order":"3","id":61}', 'http://127.0.0.1:8000/academics/manage/subject/store', '127.0.0.1', '2017-04-12 03:26:46'),
(107, 3, 'updated', 61, 'Modules\\Academics\\Entities\\ClassSubject', '{"sorting_order":3}', '{"sorting_order":"2"}', 'http://127.0.0.1:8000/academics/manage/subject/store', '127.0.0.1', '2017-04-12 03:26:53'),
(108, 3, 'updated', 60, 'Modules\\Academics\\Entities\\ClassSubject', '{"sorting_order":2}', '{"sorting_order":"3"}', 'http://127.0.0.1:8000/academics/manage/subject/store', '127.0.0.1', '2017-04-12 03:26:53'),
(109, 3, 'updated', 59, 'Modules\\Academics\\Entities\\ClassSubject', '{"subject_type":"1"}', '{"subject_type":"0"}', 'http://127.0.0.1:8000/academics/manage/subject/store', '127.0.0.1', '2017-04-12 03:27:12'),
(110, 3, 'updated', 60, 'Modules\\Academics\\Entities\\ClassSubject', '{"subject_type":"1","sorting_order":3}', '{"subject_type":"0","sorting_order":"2"}', 'http://127.0.0.1:8000/academics/manage/subject/store', '127.0.0.1', '2017-04-12 03:27:12'),
(111, 3, 'updated', 61, 'Modules\\Academics\\Entities\\ClassSubject', '{"subject_type":"1","sorting_order":2}', '{"subject_type":"0","sorting_order":"3"}', 'http://127.0.0.1:8000/academics/manage/subject/store', '127.0.0.1', '2017-04-12 03:27:12'),
(112, 3, 'updated', 61, 'Modules\\Academics\\Entities\\ClassSubject', '{"sorting_order":3}', '{"sorting_order":"2"}', 'http://127.0.0.1:8000/academics/manage/subject/store', '127.0.0.1', '2017-04-12 03:27:19'),
(113, 3, 'updated', 60, 'Modules\\Academics\\Entities\\ClassSubject', '{"sorting_order":2}', '{"sorting_order":"3"}', 'http://127.0.0.1:8000/academics/manage/subject/store', '127.0.0.1', '2017-04-12 03:27:19'),
(114, 3, 'deleted', 32, 'Modules\\Academics\\Entities\\ClassSubject', '{"id":32,"class_id":2,"section_id":2,"subject_id":4,"subject_code":"adfadsfasdfa","subject_type":"1","subject_credit":"fadfadf","sorting_order":2,"is_active":0}', '[]', 'http://127.0.0.1:8000/academics/manage/subject/store', '127.0.0.1', '2017-04-12 03:27:51'),
(115, 3, 'updated', 31, 'Modules\\Academics\\Entities\\ClassSubject', '{"sorting_order":1}', '{"sorting_order":"5"}', 'http://127.0.0.1:8000/academics/manage/subject/store', '127.0.0.1', '2017-04-12 03:27:51'),
(116, 3, 'updated', 33, 'Modules\\Academics\\Entities\\ClassSubject', '{"sorting_order":3}', '{"sorting_order":"5"}', 'http://127.0.0.1:8000/academics/manage/subject/store', '127.0.0.1', '2017-04-12 03:27:51'),
(117, 3, 'updated', 34, 'Modules\\Academics\\Entities\\ClassSubject', '{"sorting_order":4}', '{"sorting_order":"5"}', 'http://127.0.0.1:8000/academics/manage/subject/store', '127.0.0.1', '2017-04-12 03:27:51'),
(118, 3, 'deleted', 33, 'Modules\\Academics\\Entities\\ClassSubject', '{"id":33,"class_id":2,"section_id":2,"subject_id":2,"subject_code":"adfa","subject_type":"1","subject_credit":"adsdfasdf","sorting_order":5,"is_active":0}', '[]', 'http://127.0.0.1:8000/academics/manage/subject/store', '127.0.0.1', '2017-04-12 03:27:59'),
(119, 3, 'deleted', 31, 'Modules\\Academics\\Entities\\ClassSubject', '{"id":31,"class_id":2,"section_id":2,"subject_id":3,"subject_code":"asfdadf","subject_type":"1","subject_credit":"adfadf","sorting_order":5,"is_active":0}', '[]', 'http://127.0.0.1:8000/academics/manage/subject/store', '127.0.0.1', '2017-04-12 03:27:59'),
(120, 3, 'updated', 34, 'Modules\\Academics\\Entities\\ClassSubject', '{"sorting_order":5}', '{"sorting_order":"3"}', 'http://127.0.0.1:8000/academics/manage/subject/store', '127.0.0.1', '2017-04-12 03:27:59'),
(121, 3, 'updated', 59, 'Modules\\Academics\\Entities\\ClassSubject', '{"subject_type":"0"}', '{"subject_type":"1"}', 'http://127.0.0.1:8000/academics/manage/subject/store', '127.0.0.1', '2017-04-12 03:28:23'),
(122, 3, 'deleted', 59, 'Modules\\Academics\\Entities\\ClassSubject', '{"id":59,"class_id":9,"section_id":10,"subject_id":2,"subject_code":"asdfasd","subject_type":"1","subject_credit":"fasdfasdfasdf","sorting_order":1,"is_active":0}', '[]', 'http://127.0.0.1:8000/academics/manage/subject/store', '127.0.0.1', '2017-04-12 03:28:36'),
(123, 3, 'deleted', 60, 'Modules\\Academics\\Entities\\ClassSubject', '{"id":60,"class_id":9,"section_id":10,"subject_id":1,"subject_code":"adfasd","subject_type":"0","subject_credit":"fasdf","sorting_order":3,"is_active":0}', '[]', 'http://127.0.0.1:8000/academics/manage/subject/store', '127.0.0.1', '2017-04-12 03:28:36'),
(124, 3, 'deleted', 61, 'Modules\\Academics\\Entities\\ClassSubject', '{"id":61,"class_id":9,"section_id":10,"subject_id":3,"subject_code":"sdfasd","subject_type":"0","subject_credit":"fadsfasd","sorting_order":2,"is_active":0}', '[]', 'http://127.0.0.1:8000/academics/manage/subject/store', '127.0.0.1', '2017-04-12 03:28:36'),
(125, 3, 'created', 62, 'Modules\\Academics\\Entities\\ClassSubject', '[]', '{"class_id":"9","section_id":"10","subject_id":"2","subject_code":"asdfa","subject_type":"1","subject_credit":"sdfasdfa","sorting_order":"1","id":62}', 'http://127.0.0.1:8000/academics/manage/subject/store', '127.0.0.1', '2017-04-12 03:28:36'),
(126, 3, 'created', 63, 'Modules\\Academics\\Entities\\ClassSubject', '[]', '{"class_id":"9","section_id":"10","subject_id":"4","subject_code":"sdfasd","subject_type":"0","subject_credit":"fasdfa","sorting_order":"2","id":63}', 'http://127.0.0.1:8000/academics/manage/subject/store', '127.0.0.1', '2017-04-12 03:28:36'),
(127, 3, 'deleted', 63, 'Modules\\Academics\\Entities\\ClassSubject', '{"id":63,"class_id":9,"section_id":10,"subject_id":4,"subject_code":"sdfasd","subject_type":"0","subject_credit":"fasdfa","sorting_order":2,"is_active":0}', '[]', 'http://127.0.0.1:8000/academics/manage/subject/store', '127.0.0.1', '2017-04-12 03:28:55'),
(128, 3, 'deleted', 62, 'Modules\\Academics\\Entities\\ClassSubject', '{"id":62,"class_id":9,"section_id":10,"subject_id":2,"subject_code":"asdfa","subject_type":"1","subject_credit":"sdfasdfa","sorting_order":1,"is_active":0}', '[]', 'http://127.0.0.1:8000/academics/manage/subject/store', '127.0.0.1', '2017-04-12 03:28:55'),
(129, 3, 'created', 64, 'Modules\\Academics\\Entities\\ClassSubject', '[]', '{"class_id":"9","section_id":"10","subject_id":"1","subject_code":"adfa","subject_type":"0","subject_credit":"sdfasdfasdfa","sorting_order":"1","id":64}', 'http://127.0.0.1:8000/academics/manage/subject/store', '127.0.0.1', '2017-04-12 03:28:55'),
(130, 3, 'created', 65, 'Modules\\Academics\\Entities\\ClassSubject', '[]', '{"class_id":"9","section_id":"10","subject_id":"3","subject_code":"sdfasd","subject_type":"1","subject_credit":"fasdfa","sorting_order":"2","id":65}', 'http://127.0.0.1:8000/academics/manage/subject/store', '127.0.0.1', '2017-04-12 03:28:55'),
(131, 3, 'created', 66, 'Modules\\Academics\\Entities\\ClassSubject', '[]', '{"class_id":"9","section_id":"10","subject_id":"4","subject_code":"adsf","subject_type":"0","subject_credit":"asdfasdfa","sorting_order":"3","id":66}', 'http://127.0.0.1:8000/academics/manage/subject/store', '127.0.0.1', '2017-04-12 03:28:55'),
(132, 3, 'deleted', 66, 'Modules\\Academics\\Entities\\ClassSubject', '{"id":66,"class_id":9,"section_id":10,"subject_id":4,"subject_code":"adsf","subject_type":"0","subject_credit":"asdfasdfa","sorting_order":3,"is_active":0}', '[]', 'http://127.0.0.1:8000/academics/manage/subject/store', '127.0.0.1', '2017-04-12 03:29:02'),
(133, 3, 'updated', 64, 'Modules\\Academics\\Entities\\ClassSubject', '{"sorting_order":1}', '{"sorting_order":"4"}', 'http://127.0.0.1:8000/academics/manage/subject/store', '127.0.0.1', '2017-04-12 03:29:02'),
(134, 3, 'updated', 65, 'Modules\\Academics\\Entities\\ClassSubject', '{"sorting_order":2}', '{"sorting_order":"4"}', 'http://127.0.0.1:8000/academics/manage/subject/store', '127.0.0.1', '2017-04-12 03:29:02'),
(135, 3, 'updated', 64, 'Modules\\Academics\\Entities\\ClassSubject', '{"sorting_order":4}', '{"sorting_order":"1"}', 'http://127.0.0.1:8000/academics/manage/subject/store', '127.0.0.1', '2017-04-12 03:36:51'),
(136, 3, 'updated', 65, 'Modules\\Academics\\Entities\\ClassSubject', '{"sorting_order":4}', '{"sorting_order":"2"}', 'http://127.0.0.1:8000/academics/manage/subject/store', '127.0.0.1', '2017-04-12 03:36:51'),
(137, 3, 'created', 67, 'Modules\\Academics\\Entities\\ClassSubject', '[]', '{"class_id":"9","section_id":"10","subject_id":"4","subject_code":"sasdfa","subject_type":"1","subject_credit":"dfasdfasd","sorting_order":"3","id":67}', 'http://127.0.0.1:8000/academics/manage/subject/store', '127.0.0.1', '2017-04-12 03:36:51'),
(138, 3, 'updated', 67, 'Modules\\Academics\\Entities\\ClassSubject', '{"sorting_order":3}', '{"sorting_order":"2"}', 'http://127.0.0.1:8000/academics/manage/subject/store', '127.0.0.1', '2017-04-12 03:36:57'),
(139, 3, 'updated', 65, 'Modules\\Academics\\Entities\\ClassSubject', '{"sorting_order":2}', '{"sorting_order":"3"}', 'http://127.0.0.1:8000/academics/manage/subject/store', '127.0.0.1', '2017-04-12 03:36:57'),
(140, 3, 'updated', 67, 'Modules\\Academics\\Entities\\ClassSubject', '{"sorting_order":2}', '{"sorting_order":"1"}', 'http://127.0.0.1:8000/academics/manage/subject/store', '127.0.0.1', '2017-04-12 03:37:05'),
(141, 3, 'updated', 64, 'Modules\\Academics\\Entities\\ClassSubject', '{"sorting_order":1}', '{"sorting_order":"2"}', 'http://127.0.0.1:8000/academics/manage/subject/store', '127.0.0.1', '2017-04-12 03:37:05'),
(142, 3, 'deleted', 67, 'Modules\\Academics\\Entities\\ClassSubject', '{"id":67,"class_id":9,"section_id":10,"subject_id":4,"subject_code":"sasdfa","subject_type":"1","subject_credit":"dfasdfasd","sorting_order":1,"is_active":0}', '[]', 'http://127.0.0.1:8000/academics/manage/subject/store', '127.0.0.1', '2017-04-12 03:37:12'),
(143, 3, 'updated', 64, 'Modules\\Academics\\Entities\\ClassSubject', '{"sorting_order":2}', '{"sorting_order":"4"}', 'http://127.0.0.1:8000/academics/manage/subject/store', '127.0.0.1', '2017-04-12 03:37:12'),
(144, 3, 'updated', 65, 'Modules\\Academics\\Entities\\ClassSubject', '{"sorting_order":3}', '{"sorting_order":"4"}', 'http://127.0.0.1:8000/academics/manage/subject/store', '127.0.0.1', '2017-04-12 03:37:13'),
(145, 3, 'updated', 64, 'Modules\\Academics\\Entities\\ClassSubject', '{"sorting_order":4}', '{"sorting_order":"1"}', 'http://127.0.0.1:8000/academics/manage/subject/store', '127.0.0.1', '2017-04-12 04:00:24'),
(146, 3, 'updated', 65, 'Modules\\Academics\\Entities\\ClassSubject', '{"sorting_order":4}', '{"sorting_order":"2"}', 'http://127.0.0.1:8000/academics/manage/subject/store', '127.0.0.1', '2017-04-12 04:00:24'),
(147, 3, 'updated', 64, 'Modules\\Academics\\Entities\\ClassSubject', '{"subject_type":"0"}', '{"subject_type":"1"}', 'http://127.0.0.1:8000/academics/manage/subject/store', '127.0.0.1', '2017-04-12 04:00:30'),
(148, 3, 'created', 68, 'Modules\\Academics\\Entities\\ClassSubject', '[]', '{"class_id":"9","section_id":"10","subject_id":"4","subject_code":"hklhklhklh","subject_type":"1","subject_credit":"klhjk","sorting_order":"3","id":68}', 'http://127.0.0.1:8000/academics/manage/subject/store', '127.0.0.1', '2017-04-12 04:00:42'),
(149, 3, 'updated', 68, 'Modules\\Academics\\Entities\\ClassSubject', '{"sorting_order":3}', '{"sorting_order":"2"}', 'http://127.0.0.1:8000/academics/manage/subject/store', '127.0.0.1', '2017-04-12 04:00:48'),
(150, 3, 'updated', 65, 'Modules\\Academics\\Entities\\ClassSubject', '{"sorting_order":2}', '{"sorting_order":"3"}', 'http://127.0.0.1:8000/academics/manage/subject/store', '127.0.0.1', '2017-04-12 04:00:48'),
(151, 3, 'deleted', 68, 'Modules\\Academics\\Entities\\ClassSubject', '{"id":68,"class_id":9,"section_id":10,"subject_id":4,"subject_code":"hklhklhklh","subject_type":"1","subject_credit":"klhjk","sorting_order":2,"is_active":0}', '[]', 'http://127.0.0.1:8000/academics/manage/subject/store', '127.0.0.1', '2017-04-12 04:02:32'),
(152, 3, 'updated', 64, 'Modules\\Academics\\Entities\\ClassSubject', '{"sorting_order":1}', '{"sorting_order":"4"}', 'http://127.0.0.1:8000/academics/manage/subject/store', '127.0.0.1', '2017-04-12 04:02:32'),
(153, 3, 'updated', 65, 'Modules\\Academics\\Entities\\ClassSubject', '{"sorting_order":3}', '{"sorting_order":"4"}', 'http://127.0.0.1:8000/academics/manage/subject/store', '127.0.0.1', '2017-04-12 04:02:32'),
(154, 3, 'deleted', 64, 'Modules\\Academics\\Entities\\ClassSubject', '{"id":64,"class_id":9,"section_id":10,"subject_id":1,"subject_code":"adfa","subject_type":"1","subject_credit":"sdfasdfasdfa","sorting_order":4,"is_active":0}', '[]', 'http://127.0.0.1:8000/academics/manage/subject/store', '127.0.0.1', '2017-04-12 04:02:59'),
(155, 3, 'deleted', 65, 'Modules\\Academics\\Entities\\ClassSubject', '{"id":65,"class_id":9,"section_id":10,"subject_id":3,"subject_code":"sdfasd","subject_type":"1","subject_credit":"fasdfa","sorting_order":4,"is_active":0}', '[]', 'http://127.0.0.1:8000/academics/manage/subject/store', '127.0.0.1', '2017-04-12 04:02:59'),
(156, 3, 'created', 69, 'Modules\\Academics\\Entities\\ClassSubject', '[]', '{"class_id":"9","section_id":"10","subject_id":"4","subject_code":"asdfa","subject_type":"0","subject_credit":"sdfasdf","sorting_order":"1","id":69}', 'http://127.0.0.1:8000/academics/manage/subject/store', '127.0.0.1', '2017-04-12 04:02:59'),
(157, 3, 'created', 70, 'Modules\\Academics\\Entities\\ClassSubject', '[]', '{"class_id":"9","section_id":"10","subject_id":"2","subject_code":"sdfasdfasd","subject_type":"1","subject_credit":"fasdfasdf","sorting_order":"2","id":70}', 'http://127.0.0.1:8000/academics/manage/subject/store', '127.0.0.1', '2017-04-12 04:02:59'),
(158, 3, 'deleted', 69, 'Modules\\Academics\\Entities\\ClassSubject', '{"id":69,"class_id":9,"section_id":10,"subject_id":4,"subject_code":"asdfa","subject_type":"0","subject_credit":"sdfasdf","sorting_order":1,"is_active":0}', '[]', 'http://127.0.0.1:8000/academics/manage/subject/store', '127.0.0.1', '2017-04-12 04:03:19'),
(159, 3, 'updated', 70, 'Modules\\Academics\\Entities\\ClassSubject', '{"sorting_order":2}', '{"sorting_order":"4"}', 'http://127.0.0.1:8000/academics/manage/subject/store', '127.0.0.1', '2017-04-12 04:03:19'),
(160, 3, 'created', 71, 'Modules\\Academics\\Entities\\ClassSubject', '[]', '{"class_id":"9","section_id":"10","subject_id":"1","subject_code":"asdfas","subject_type":"1","subject_credit":"asdfasdf","sorting_order":"4","id":71}', 'http://127.0.0.1:8000/academics/manage/subject/store', '127.0.0.1', '2017-04-12 04:03:19'),
(161, 3, 'created', 72, 'Modules\\Academics\\Entities\\ClassSubject', '[]', '{"class_id":"9","section_id":"10","subject_id":"3","subject_code":"asdf","subject_type":"0","subject_credit":"asdfasdf","sorting_order":"3","id":72}', 'http://127.0.0.1:8000/academics/manage/subject/store', '127.0.0.1', '2017-04-12 04:03:19'),
(162, 3, 'updated', 72, 'Modules\\Academics\\Entities\\ClassSubject', '{"sorting_order":3}', '{"sorting_order":"1"}', 'http://127.0.0.1:8000/academics/manage/subject/store', '127.0.0.1', '2017-04-12 04:03:32'),
(163, 3, 'updated', 70, 'Modules\\Academics\\Entities\\ClassSubject', '{"sorting_order":4}', '{"sorting_order":"2"}', 'http://127.0.0.1:8000/academics/manage/subject/store', '127.0.0.1', '2017-04-12 04:03:32'),
(164, 3, 'created', 73, 'Modules\\Academics\\Entities\\ClassSubject', '[]', '{"class_id":"9","section_id":"10","subject_id":"4","subject_code":"asdf","subject_type":"1","subject_credit":"asdfasd","sorting_order":"3","id":73}', 'http://127.0.0.1:8000/academics/manage/subject/store', '127.0.0.1', '2017-04-12 04:03:32'),
(165, 3, 'updated', 73, 'Modules\\Academics\\Entities\\ClassSubject', '{"sorting_order":3}', '{"sorting_order":"2"}', 'http://127.0.0.1:8000/academics/manage/subject/store', '127.0.0.1', '2017-04-12 04:03:39'),
(166, 3, 'updated', 70, 'Modules\\Academics\\Entities\\ClassSubject', '{"sorting_order":2}', '{"sorting_order":"3"}', 'http://127.0.0.1:8000/academics/manage/subject/store', '127.0.0.1', '2017-04-12 04:03:39'),
(167, 3, 'deleted', 73, 'Modules\\Academics\\Entities\\ClassSubject', '{"id":73,"class_id":9,"section_id":10,"subject_id":4,"subject_code":"asdf","subject_type":"1","subject_credit":"asdfasd","sorting_order":2,"is_active":0}', '[]', 'http://127.0.0.1:8000/academics/manage/subject/store', '127.0.0.1', '2017-04-12 04:03:57'),
(168, 3, 'updated', 72, 'Modules\\Academics\\Entities\\ClassSubject', '{"sorting_order":1}', '{"sorting_order":"5"}', 'http://127.0.0.1:8000/academics/manage/subject/store', '127.0.0.1', '2017-04-12 04:03:57'),
(169, 3, 'updated', 70, 'Modules\\Academics\\Entities\\ClassSubject', '{"sorting_order":3}', '{"sorting_order":"5"}', 'http://127.0.0.1:8000/academics/manage/subject/store', '127.0.0.1', '2017-04-12 04:03:57'),
(170, 3, 'updated', 71, 'Modules\\Academics\\Entities\\ClassSubject', '{"sorting_order":4}', '{"sorting_order":"5"}', 'http://127.0.0.1:8000/academics/manage/subject/store', '127.0.0.1', '2017-04-12 04:03:57'),
(171, 3, 'deleted', 71, 'Modules\\Academics\\Entities\\ClassSubject', '{"id":71,"class_id":9,"section_id":10,"subject_id":1,"subject_code":"asdfas","subject_type":"1","subject_credit":"asdfasdf","sorting_order":5,"is_active":0}', '[]', 'http://127.0.0.1:8000/academics/manage/subject/store', '127.0.0.1', '2017-04-12 04:04:03'),
(172, 3, 'updated', 70, 'Modules\\Academics\\Entities\\ClassSubject', '{"sorting_order":5}', '{"sorting_order":"4"}', 'http://127.0.0.1:8000/academics/manage/subject/store', '127.0.0.1', '2017-04-12 04:04:04'),
(173, 3, 'updated', 72, 'Modules\\Academics\\Entities\\ClassSubject', '{"sorting_order":5}', '{"sorting_order":"4"}', 'http://127.0.0.1:8000/academics/manage/subject/store', '127.0.0.1', '2017-04-12 04:04:04'),
(174, 3, 'created', 74, 'Modules\\Academics\\Entities\\ClassSubject', '[]', '{"class_id":"9","section_id":"10","subject_id":"4","subject_code":"ertyet","subject_type":"1","subject_credit":"ertyet","sorting_order":"1","id":74}', 'http://127.0.0.1:8000/academics/manage/subject/store', '127.0.0.1', '2017-04-12 04:04:15'),
(175, 3, 'updated', 70, 'Modules\\Academics\\Entities\\ClassSubject', '{"sorting_order":4}', '{"sorting_order":"2"}', 'http://127.0.0.1:8000/academics/manage/subject/store', '127.0.0.1', '2017-04-12 04:04:15'),
(176, 3, 'updated', 72, 'Modules\\Academics\\Entities\\ClassSubject', '{"sorting_order":4}', '{"sorting_order":"3"}', 'http://127.0.0.1:8000/academics/manage/subject/store', '127.0.0.1', '2017-04-12 04:04:15'),
(177, 3, 'updated', 70, 'Modules\\Academics\\Entities\\ClassSubject', '{"sorting_order":2}', '{"sorting_order":"1"}', 'http://127.0.0.1:8000/academics/manage/subject/store', '127.0.0.1', '2017-04-12 04:05:20'),
(178, 3, 'updated', 74, 'Modules\\Academics\\Entities\\ClassSubject', '{"sorting_order":1}', '{"sorting_order":"2"}', 'http://127.0.0.1:8000/academics/manage/subject/store', '127.0.0.1', '2017-04-12 04:05:20'),
(179, 3, 'updated', 74, 'Modules\\Academics\\Entities\\ClassSubject', '{"sorting_order":2}', '{"sorting_order":"1"}', 'http://127.0.0.1:8000/academics/manage/subject/store', '127.0.0.1', '2017-04-12 04:05:31'),
(180, 3, 'updated', 70, 'Modules\\Academics\\Entities\\ClassSubject', '{"sorting_order":1}', '{"sorting_order":"2"}', 'http://127.0.0.1:8000/academics/manage/subject/store', '127.0.0.1', '2017-04-12 04:05:31'),
(181, 3, 'created', 75, 'Modules\\Academics\\Entities\\ClassSubject', '[]', '{"class_id":"9","section_id":"10","subject_id":"1","subject_code":"asdfa","subject_type":"1","subject_credit":"asdfasd","sorting_order":"4","id":75}', 'http://127.0.0.1:8000/academics/manage/subject/store', '127.0.0.1', '2017-04-12 04:05:47'),
(182, 3, 'updated', 75, 'Modules\\Academics\\Entities\\ClassSubject', '{"sorting_order":4}', '{"sorting_order":"1"}', 'http://127.0.0.1:8000/academics/manage/subject/store', '127.0.0.1', '2017-04-12 04:05:53'),
(183, 3, 'updated', 74, 'Modules\\Academics\\Entities\\ClassSubject', '{"sorting_order":1}', '{"sorting_order":"2"}', 'http://127.0.0.1:8000/academics/manage/subject/store', '127.0.0.1', '2017-04-12 04:05:53'),
(184, 3, 'updated', 70, 'Modules\\Academics\\Entities\\ClassSubject', '{"sorting_order":2}', '{"sorting_order":"3"}', 'http://127.0.0.1:8000/academics/manage/subject/store', '127.0.0.1', '2017-04-12 04:05:53'),
(185, 3, 'updated', 72, 'Modules\\Academics\\Entities\\ClassSubject', '{"sorting_order":3}', '{"sorting_order":"4"}', 'http://127.0.0.1:8000/academics/manage/subject/store', '127.0.0.1', '2017-04-12 04:05:53'),
(186, 3, 'updated', 74, 'Modules\\Academics\\Entities\\ClassSubject', '{"sorting_order":2}', '{"sorting_order":"1"}', 'http://127.0.0.1:8000/academics/manage/subject/store', '127.0.0.1', '2017-04-12 04:06:00'),
(187, 3, 'updated', 72, 'Modules\\Academics\\Entities\\ClassSubject', '{"sorting_order":4}', '{"sorting_order":"2"}', 'http://127.0.0.1:8000/academics/manage/subject/store', '127.0.0.1', '2017-04-12 04:06:00'),
(188, 3, 'updated', 75, 'Modules\\Academics\\Entities\\ClassSubject', '{"sorting_order":1}', '{"sorting_order":"4"}', 'http://127.0.0.1:8000/academics/manage/subject/store', '127.0.0.1', '2017-04-12 04:06:00'),
(189, 3, 'updated', 70, 'Modules\\Academics\\Entities\\ClassSubject', '{"sorting_order":3}', '{"sorting_order":"1"}', 'http://127.0.0.1:8000/academics/manage/subject/store', '127.0.0.1', '2017-04-12 04:06:10'),
(190, 3, 'updated', 74, 'Modules\\Academics\\Entities\\ClassSubject', '{"sorting_order":1}', '{"sorting_order":"3"}', 'http://127.0.0.1:8000/academics/manage/subject/store', '127.0.0.1', '2017-04-12 04:06:10'),
(191, 3, 'deleted', 74, 'Modules\\Academics\\Entities\\ClassSubject', '{"id":74,"class_id":9,"section_id":10,"subject_id":4,"subject_code":"ertyet","subject_type":"1","subject_credit":"ertyet","sorting_order":3,"is_active":0}', '[]', 'http://127.0.0.1:8000/academics/manage/subject/store', '127.0.0.1', '2017-04-12 05:04:19');
INSERT INTO `audits` (`id`, `user_id`, `event`, `auditable_id`, `auditable_type`, `old_values`, `new_values`, `url`, `ip_address`, `created_at`) VALUES
(192, 3, 'deleted', 70, 'Modules\\Academics\\Entities\\ClassSubject', '{"id":70,"class_id":9,"section_id":10,"subject_id":2,"subject_code":"sdfasdfasd","subject_type":"1","subject_credit":"fasdfasdf","sorting_order":1,"is_active":0}', '[]', 'http://127.0.0.1:8000/academics/manage/subject/store', '127.0.0.1', '2017-04-12 05:04:19'),
(193, 3, 'updated', 72, 'Modules\\Academics\\Entities\\ClassSubject', '{"sorting_order":2}', '{"sorting_order":"4"}', 'http://127.0.0.1:8000/academics/manage/subject/store', '127.0.0.1', '2017-04-12 05:04:19'),
(194, 3, 'updated', 75, 'Modules\\Academics\\Entities\\ClassSubject', '{"sorting_order":4}', '{"sorting_order":"1"}', 'http://127.0.0.1:8000/academics/manage/subject/store', '127.0.0.1', '2017-04-12 05:04:35'),
(195, 3, 'updated', 72, 'Modules\\Academics\\Entities\\ClassSubject', '{"sorting_order":4}', '{"sorting_order":"2"}', 'http://127.0.0.1:8000/academics/manage/subject/store', '127.0.0.1', '2017-04-12 05:04:35'),
(196, 3, 'updated', 72, 'Modules\\Academics\\Entities\\ClassSubject', '{"sorting_order":2}', '{"sorting_order":"1"}', 'http://127.0.0.1:8000/academics/manage/subject/store', '127.0.0.1', '2017-04-12 05:04:49'),
(197, 3, 'updated', 75, 'Modules\\Academics\\Entities\\ClassSubject', '{"sorting_order":1}', '{"sorting_order":"2"}', 'http://127.0.0.1:8000/academics/manage/subject/store', '127.0.0.1', '2017-04-12 05:04:49'),
(198, 3, 'created', 76, 'Modules\\Academics\\Entities\\ClassSubject', '[]', '{"class_id":"9","section_id":"10","subject_id":"2","subject_code":"adf","subject_type":"1","subject_credit":"asdfa","sorting_order":"1","id":76}', 'http://127.0.0.1:8000/academics/manage/subject/store', '127.0.0.1', '2017-04-12 05:05:03'),
(199, 3, 'updated', 72, 'Modules\\Academics\\Entities\\ClassSubject', '{"sorting_order":1}', '{"sorting_order":"2"}', 'http://127.0.0.1:8000/academics/manage/subject/store', '127.0.0.1', '2017-04-12 05:05:03'),
(200, 3, 'updated', 75, 'Modules\\Academics\\Entities\\ClassSubject', '{"sorting_order":2}', '{"sorting_order":"3"}', 'http://127.0.0.1:8000/academics/manage/subject/store', '127.0.0.1', '2017-04-12 05:05:04'),
(201, 3, 'updated', 72, 'Modules\\Academics\\Entities\\ClassSubject', '{"sorting_order":2}', '{"sorting_order":"1"}', 'http://127.0.0.1:8000/academics/manage/subject/store', '127.0.0.1', '2017-04-12 05:35:49'),
(202, 3, 'updated', 76, 'Modules\\Academics\\Entities\\ClassSubject', '{"sorting_order":1}', '{"sorting_order":"2"}', 'http://127.0.0.1:8000/academics/manage/subject/store', '127.0.0.1', '2017-04-12 05:35:50'),
(203, 3, 'created', 77, 'Modules\\Academics\\Entities\\ClassSubject', '[]', '{"class_id":"5","section_id":"5","subject_id":"1","subject_code":"codeasdf","subject_type":"1","subject_credit":"fasdfasdfsadfa","sorting_order":"1","id":77}', 'http://127.0.0.1:8000/academics/manage/subject/store', '127.0.0.1', '2017-04-12 05:51:59'),
(204, 3, 'created', 78, 'Modules\\Academics\\Entities\\ClassSubject', '[]', '{"class_id":"5","section_id":"5","subject_id":"3","subject_code":"asdfasdf","subject_type":"0","subject_credit":"asdfasd","sorting_order":"2","id":78}', 'http://127.0.0.1:8000/academics/manage/subject/store', '127.0.0.1', '2017-04-12 05:51:59'),
(205, 3, 'created', 79, 'Modules\\Academics\\Entities\\ClassSubject', '[]', '{"class_id":"5","section_id":"5","subject_id":"4","subject_code":"fasdfasdf","subject_type":"0","subject_credit":"asdfasdfasd","sorting_order":"3","id":79}', 'http://127.0.0.1:8000/academics/manage/subject/store', '127.0.0.1', '2017-04-12 05:52:00'),
(206, 3, 'created', 80, 'Modules\\Academics\\Entities\\ClassSubject', '[]', '{"class_id":"5","section_id":"5","subject_id":"2","subject_code":"fasdfa","subject_type":"1","subject_credit":"sdfasdfasd","sorting_order":"4","id":80}', 'http://127.0.0.1:8000/academics/manage/subject/store', '127.0.0.1', '2017-04-12 05:52:00'),
(207, 3, 'updated', 80, 'Modules\\Academics\\Entities\\ClassSubject', '{"sorting_order":4}', '{"sorting_order":"3"}', 'http://127.0.0.1:8000/academics/manage/subject/store', '127.0.0.1', '2017-04-12 05:52:12'),
(208, 3, 'updated', 79, 'Modules\\Academics\\Entities\\ClassSubject', '{"sorting_order":3}', '{"sorting_order":"4"}', 'http://127.0.0.1:8000/academics/manage/subject/store', '127.0.0.1', '2017-04-12 05:52:12'),
(209, 3, 'updated', 79, 'Modules\\Academics\\Entities\\ClassSubject', '{"subject_code":"fasdfasdf","subject_type":"0","subject_credit":"asdfasdfasd"}', '{"subject_code":"Hello","subject_type":"1","subject_credit":"world"}', 'http://127.0.0.1:8000/academics/manage/subject/store', '127.0.0.1', '2017-04-12 05:52:29'),
(210, 3, 'deleted', 79, 'Modules\\Academics\\Entities\\ClassSubject', '{"id":79,"class_id":5,"section_id":5,"subject_id":4,"subject_code":"Hello","subject_type":"1","subject_credit":"world","sorting_order":4,"is_active":0}', '[]', 'http://127.0.0.1:8000/academics/manage/subject/store', '127.0.0.1', '2017-04-12 05:52:48'),
(211, 3, 'updated', 77, 'Modules\\Academics\\Entities\\ClassSubject', '{"sorting_order":1}', '{"sorting_order":"5"}', 'http://127.0.0.1:8000/academics/manage/subject/store', '127.0.0.1', '2017-04-12 05:52:48'),
(212, 3, 'updated', 78, 'Modules\\Academics\\Entities\\ClassSubject', '{"sorting_order":2}', '{"sorting_order":"5"}', 'http://127.0.0.1:8000/academics/manage/subject/store', '127.0.0.1', '2017-04-12 05:52:48'),
(213, 3, 'updated', 80, 'Modules\\Academics\\Entities\\ClassSubject', '{"sorting_order":3}', '{"sorting_order":"5"}', 'http://127.0.0.1:8000/academics/manage/subject/store', '127.0.0.1', '2017-04-12 05:52:48'),
(214, 3, 'created', 81, 'Modules\\Academics\\Entities\\ClassSubject', '[]', '{"class_id":"5","section_id":"5","subject_id":"4","subject_code":"new","subject_type":"0","subject_credit":"new","sorting_order":"4","id":81}', 'http://127.0.0.1:8000/academics/manage/subject/store', '127.0.0.1', '2017-04-12 05:52:49'),
(215, 3, 'updated', 77, 'Modules\\Academics\\Entities\\ClassSubject', '{"sorting_order":5}', '{"sorting_order":"1"}', 'http://127.0.0.1:8000/academics/manage/subject/store', '127.0.0.1', '2017-04-12 05:52:58'),
(216, 3, 'updated', 78, 'Modules\\Academics\\Entities\\ClassSubject', '{"sorting_order":5}', '{"sorting_order":"2"}', 'http://127.0.0.1:8000/academics/manage/subject/store', '127.0.0.1', '2017-04-12 05:52:59'),
(217, 3, 'updated', 80, 'Modules\\Academics\\Entities\\ClassSubject', '{"sorting_order":5}', '{"sorting_order":"3"}', 'http://127.0.0.1:8000/academics/manage/subject/store', '127.0.0.1', '2017-04-12 05:52:59'),
(218, 3, 'deleted', 81, 'Modules\\Academics\\Entities\\ClassSubject', '{"id":81,"class_id":5,"section_id":5,"subject_id":4,"subject_code":"new","subject_type":"0","subject_credit":"new","sorting_order":4,"is_active":0}', '[]', 'http://127.0.0.1:8000/academics/manage/subject/store', '127.0.0.1', '2017-04-12 05:53:16'),
(219, 3, 'updated', 77, 'Modules\\Academics\\Entities\\ClassSubject', '{"sorting_order":1}', '{"sorting_order":"5"}', 'http://127.0.0.1:8000/academics/manage/subject/store', '127.0.0.1', '2017-04-12 05:53:16'),
(220, 3, 'updated', 78, 'Modules\\Academics\\Entities\\ClassSubject', '{"sorting_order":2}', '{"sorting_order":"5"}', 'http://127.0.0.1:8000/academics/manage/subject/store', '127.0.0.1', '2017-04-12 05:53:16'),
(221, 3, 'updated', 80, 'Modules\\Academics\\Entities\\ClassSubject', '{"sorting_order":3}', '{"sorting_order":"5"}', 'http://127.0.0.1:8000/academics/manage/subject/store', '127.0.0.1', '2017-04-12 05:53:16'),
(222, 3, 'created', 82, 'Modules\\Academics\\Entities\\ClassSubject', '[]', '{"class_id":"5","section_id":"5","subject_id":"4","subject_code":"fasdfa","subject_type":"1","subject_credit":"asdfasd","sorting_order":"4","id":82}', 'http://127.0.0.1:8000/academics/manage/subject/store', '127.0.0.1', '2017-04-12 05:53:16'),
(223, 3, 'deleted', 82, 'Modules\\Academics\\Entities\\ClassSubject', '{"id":82,"class_id":5,"section_id":5,"subject_id":4,"subject_code":"fasdfa","subject_type":"1","subject_credit":"asdfasd","sorting_order":4,"is_active":0}', '[]', 'http://127.0.0.1:8000/academics/manage/subject/store', '127.0.0.1', '2017-04-12 05:55:53'),
(224, 3, 'updated', 77, 'Modules\\Academics\\Entities\\ClassSubject', '{"sorting_order":5}', '{"sorting_order":"1"}', 'http://127.0.0.1:8000/academics/manage/subject/store', '127.0.0.1', '2017-04-12 05:57:43'),
(225, 3, 'updated', 78, 'Modules\\Academics\\Entities\\ClassSubject', '{"sorting_order":5}', '{"sorting_order":"2"}', 'http://127.0.0.1:8000/academics/manage/subject/store', '127.0.0.1', '2017-04-12 05:57:43'),
(226, 3, 'updated', 80, 'Modules\\Academics\\Entities\\ClassSubject', '{"sorting_order":5}', '{"sorting_order":"3"}', 'http://127.0.0.1:8000/academics/manage/subject/store', '127.0.0.1', '2017-04-12 05:57:43'),
(227, 3, 'deleted', 78, 'Modules\\Academics\\Entities\\ClassSubject', '{"id":78,"class_id":5,"section_id":5,"subject_id":3,"subject_code":"asdfasdf","subject_type":"0","subject_credit":"asdfasd","sorting_order":2,"is_active":0}', '[]', 'http://127.0.0.1:8000/academics/manage/subject/store', '127.0.0.1', '2017-04-12 05:58:07'),
(228, 3, 'updated', 77, 'Modules\\Academics\\Entities\\ClassSubject', '{"sorting_order":1}', '{"sorting_order":"5"}', 'http://127.0.0.1:8000/academics/manage/subject/store', '127.0.0.1', '2017-04-12 05:58:08'),
(229, 3, 'updated', 80, 'Modules\\Academics\\Entities\\ClassSubject', '{"sorting_order":3}', '{"sorting_order":"5"}', 'http://127.0.0.1:8000/academics/manage/subject/store', '127.0.0.1', '2017-04-12 05:58:08'),
(230, 3, 'updated', 79, 'Modules\\Academics\\Entities\\ClassSubject', '{"sorting_order":4}', '{"sorting_order":"5"}', 'http://127.0.0.1:8000/academics/manage/subject/store', '127.0.0.1', '2017-04-12 05:58:08'),
(231, 3, 'created', 83, 'Modules\\Academics\\Entities\\ClassSubject', '[]', '{"class_id":"5","section_id":"5","subject_id":"3","subject_code":"ADDAD","subject_type":"1","subject_credit":"SAdsAS","sorting_order":"4","id":83}', 'http://127.0.0.1:8000/academics/manage/subject/store', '127.0.0.1', '2017-04-12 05:58:08'),
(232, 3, 'updated', 83, 'Modules\\Academics\\Entities\\ClassSubject', '{"sorting_order":4}', '{"sorting_order":"1"}', 'http://127.0.0.1:8000/academics/manage/subject/store', '127.0.0.1', '2017-04-12 06:00:42'),
(233, 3, 'updated', 80, 'Modules\\Academics\\Entities\\ClassSubject', '{"sorting_order":5}', '{"sorting_order":"2"}', 'http://127.0.0.1:8000/academics/manage/subject/store', '127.0.0.1', '2017-04-12 06:00:42'),
(234, 3, 'updated', 77, 'Modules\\Academics\\Entities\\ClassSubject', '{"sorting_order":5}', '{"sorting_order":"3"}', 'http://127.0.0.1:8000/academics/manage/subject/store', '127.0.0.1', '2017-04-12 06:00:42'),
(235, 3, 'updated', 79, 'Modules\\Academics\\Entities\\ClassSubject', '{"sorting_order":5}', '{"sorting_order":"4"}', 'http://127.0.0.1:8000/academics/manage/subject/store', '127.0.0.1', '2017-04-12 06:00:42'),
(236, 3, 'updated', 79, 'Modules\\Academics\\Entities\\ClassSubject', '{"sorting_order":4}', '{"sorting_order":"3"}', 'http://127.0.0.1:8000/academics/manage/subject/store', '127.0.0.1', '2017-04-12 06:00:47'),
(237, 3, 'updated', 77, 'Modules\\Academics\\Entities\\ClassSubject', '{"sorting_order":3}', '{"sorting_order":"4"}', 'http://127.0.0.1:8000/academics/manage/subject/store', '127.0.0.1', '2017-04-12 06:00:47'),
(238, 3, 'updated', 79, 'Modules\\Academics\\Entities\\ClassSubject', '{"sorting_order":3}', '{"sorting_order":"2"}', 'http://127.0.0.1:8000/academics/manage/subject/store', '127.0.0.1', '2017-04-12 06:00:57'),
(239, 3, 'updated', 80, 'Modules\\Academics\\Entities\\ClassSubject', '{"sorting_order":2}', '{"sorting_order":"3"}', 'http://127.0.0.1:8000/academics/manage/subject/store', '127.0.0.1', '2017-04-12 06:00:57'),
(240, 3, 'deleted', 79, 'Modules\\Academics\\Entities\\ClassSubject', '{"id":79,"class_id":5,"section_id":5,"subject_id":4,"subject_code":"Hello","subject_type":"1","subject_credit":"world","sorting_order":2,"is_active":0}', '[]', 'http://127.0.0.1:8000/academics/manage/subject/store', '127.0.0.1', '2017-04-12 06:01:20'),
(241, 3, 'updated', 83, 'Modules\\Academics\\Entities\\ClassSubject', '{"sorting_order":1}', '{"sorting_order":"5"}', 'http://127.0.0.1:8000/academics/manage/subject/store', '127.0.0.1', '2017-04-12 06:01:21'),
(242, 3, 'updated', 80, 'Modules\\Academics\\Entities\\ClassSubject', '{"sorting_order":3}', '{"sorting_order":"5"}', 'http://127.0.0.1:8000/academics/manage/subject/store', '127.0.0.1', '2017-04-12 06:01:21'),
(243, 3, 'updated', 77, 'Modules\\Academics\\Entities\\ClassSubject', '{"sorting_order":4}', '{"sorting_order":"5"}', 'http://127.0.0.1:8000/academics/manage/subject/store', '127.0.0.1', '2017-04-12 06:01:21'),
(244, 3, 'created', 84, 'Modules\\Academics\\Entities\\ClassSubject', '[]', '{"class_id":"5","section_id":"5","subject_id":"4","subject_code":"asdfasd","subject_type":"1","subject_credit":"asdfasd","sorting_order":"4","id":84}', 'http://127.0.0.1:8000/academics/manage/subject/store', '127.0.0.1', '2017-04-12 06:01:21'),
(245, 3, 'created', 85, 'Modules\\Academics\\Entities\\ClassSubject', '[]', '{"class_id":"2","section_id":"2","subject_id":"1","subject_code":"zxasdd","subject_type":"1","subject_credit":"asdfasdf","sorting_order":"1","id":85}', 'http://127.0.0.1:8000/academics/manage/subject/store', '127.0.0.1', '2017-04-12 06:04:28'),
(246, 3, 'created', 86, 'Modules\\Academics\\Entities\\ClassSubject', '[]', '{"class_id":"2","section_id":"2","subject_id":"2","subject_code":"asdfasd","subject_type":"1","subject_credit":"fasd","sorting_order":"2","id":86}', 'http://127.0.0.1:8000/academics/manage/subject/store', '127.0.0.1', '2017-04-12 06:04:28'),
(247, 3, 'created', 87, 'Modules\\Academics\\Entities\\ClassSubject', '[]', '{"class_id":"2","section_id":"2","subject_id":"4","subject_code":"asdf","subject_type":"1","subject_credit":"asdfasd","sorting_order":"2","id":87}', 'http://127.0.0.1:8000/academics/manage/subject/store', '127.0.0.1', '2017-04-12 06:04:43'),
(248, 3, 'updated', 86, 'Modules\\Academics\\Entities\\ClassSubject', '{"sorting_order":2}', '{"sorting_order":"3"}', 'http://127.0.0.1:8000/academics/manage/subject/store', '127.0.0.1', '2017-04-12 06:04:44'),
(249, 3, 'deleted', 87, 'Modules\\Academics\\Entities\\ClassSubject', '{"id":87,"class_id":2,"section_id":2,"subject_id":4,"subject_code":"asdf","subject_type":"1","subject_credit":"asdfasd","sorting_order":2,"is_active":0}', '[]', 'http://127.0.0.1:8000/academics/manage/subject/store', '127.0.0.1', '2017-04-12 06:05:05'),
(250, 3, 'updated', 85, 'Modules\\Academics\\Entities\\ClassSubject', '{"sorting_order":1}', '{"sorting_order":"4"}', 'http://127.0.0.1:8000/academics/manage/subject/store', '127.0.0.1', '2017-04-12 06:05:05'),
(251, 3, 'updated', 86, 'Modules\\Academics\\Entities\\ClassSubject', '{"sorting_order":3}', '{"sorting_order":"4"}', 'http://127.0.0.1:8000/academics/manage/subject/store', '127.0.0.1', '2017-04-12 06:05:05'),
(252, 3, 'created', 88, 'Modules\\Academics\\Entities\\ClassSubject', '[]', '{"class_id":"2","section_id":"2","subject_id":"3","subject_code":"asdfas","subject_type":"0","subject_credit":"dfasd","sorting_order":"3","id":88}', 'http://127.0.0.1:8000/academics/manage/subject/store', '127.0.0.1', '2017-04-12 06:05:05'),
(253, 3, 'deleted', 88, 'Modules\\Academics\\Entities\\ClassSubject', '{"id":88,"class_id":2,"section_id":2,"subject_id":3,"subject_code":"asdfas","subject_type":"0","subject_credit":"dfasd","sorting_order":3,"is_active":0}', '[]', 'http://127.0.0.1:8000/academics/manage/subject/store', '127.0.0.1', '2017-04-12 06:09:00'),
(254, 3, 'updated', 85, 'Modules\\Academics\\Entities\\ClassSubject', '{"sorting_order":4}', '{"sorting_order":"1"}', 'http://127.0.0.1:8000/academics/manage/subject/store', '127.0.0.1', '2017-04-12 06:09:00'),
(255, 3, 'updated', 86, 'Modules\\Academics\\Entities\\ClassSubject', '{"sorting_order":4}', '{"sorting_order":"2"}', 'http://127.0.0.1:8000/academics/manage/subject/store', '127.0.0.1', '2017-04-12 06:09:00'),
(256, 3, 'created', 89, 'Modules\\Academics\\Entities\\ClassSubject', '[]', '{"class_id":"2","section_id":"2","subject_id":"3","subject_code":"asdf","subject_type":"1","subject_credit":"asdfasd","sorting_order":"3","id":89}', 'http://127.0.0.1:8000/academics/manage/subject/store', '127.0.0.1', '2017-04-12 06:09:00'),
(257, 3, 'created', 90, 'Modules\\Academics\\Entities\\ClassSubject', '[]', '{"class_id":"2","section_id":"2","subject_id":"4","subject_code":"fasdfasd","subject_type":"1","subject_credit":"fasdf","sorting_order":"4","id":90}', 'http://127.0.0.1:8000/academics/manage/subject/store', '127.0.0.1', '2017-04-12 06:09:01'),
(258, 3, 'updated', 90, 'Modules\\Academics\\Entities\\ClassSubject', '{"sorting_order":4}', '{"sorting_order":"3"}', 'http://127.0.0.1:8000/academics/manage/subject/store', '127.0.0.1', '2017-04-12 06:09:08'),
(259, 3, 'updated', 89, 'Modules\\Academics\\Entities\\ClassSubject', '{"sorting_order":3}', '{"sorting_order":"4"}', 'http://127.0.0.1:8000/academics/manage/subject/store', '127.0.0.1', '2017-04-12 06:09:08'),
(260, 3, 'deleted', 90, 'Modules\\Academics\\Entities\\ClassSubject', '{"id":90,"class_id":2,"section_id":2,"subject_id":4,"subject_code":"fasdfasd","subject_type":"1","subject_credit":"fasdf","sorting_order":3,"is_active":0}', '[]', 'http://127.0.0.1:8000/academics/manage/subject/store', '127.0.0.1', '2017-04-12 06:09:25'),
(261, 3, 'deleted', 86, 'Modules\\Academics\\Entities\\ClassSubject', '{"id":86,"class_id":2,"section_id":2,"subject_id":2,"subject_code":"asdfasd","subject_type":"1","subject_credit":"fasd","sorting_order":2,"is_active":0}', '[]', 'http://127.0.0.1:8000/academics/manage/subject/store', '127.0.0.1', '2017-04-12 06:09:25'),
(262, 3, 'updated', 89, 'Modules\\Academics\\Entities\\ClassSubject', '{"sorting_order":4}', '{"sorting_order":"2"}', 'http://127.0.0.1:8000/academics/manage/subject/store', '127.0.0.1', '2017-04-12 06:09:26'),
(263, 3, 'created', 91, 'Modules\\Academics\\Entities\\ClassSubject', '[]', '{"class_id":"2","section_id":"2","subject_id":"2","subject_code":"asdfasdas","subject_type":"1","subject_credit":"dfasdf","sorting_order":"3","id":91}', 'http://127.0.0.1:8000/academics/manage/subject/store', '127.0.0.1', '2017-04-12 06:09:26'),
(264, 3, 'created', 92, 'Modules\\Academics\\Entities\\ClassSubject', '[]', '{"class_id":"2","section_id":"2","subject_id":"4","subject_code":"asdfasd","subject_type":"1","subject_credit":"fasdfa","sorting_order":"4","id":92}', 'http://127.0.0.1:8000/academics/manage/subject/store', '127.0.0.1', '2017-04-12 06:09:26'),
(265, 3, 'deleted', 92, 'Modules\\Academics\\Entities\\ClassSubject', '{"id":92,"class_id":2,"section_id":2,"subject_id":4,"subject_code":"asdfasd","subject_type":"1","subject_credit":"fasdfa","sorting_order":4,"is_active":0}', '[]', 'http://127.0.0.1:8000/academics/manage/subject/store', '127.0.0.1', '2017-04-12 06:09:36'),
(266, 3, 'created', 93, 'Modules\\Academics\\Entities\\ClassSubject', '[]', '{"class_id":"2","section_id":"2","subject_id":"4","subject_code":"asdfa","subject_type":"1","subject_credit":"sdfasda","sorting_order":"4","id":93}', 'http://127.0.0.1:8000/academics/manage/subject/store', '127.0.0.1', '2017-04-12 06:09:36'),
(267, 3, 'deleted', 93, 'Modules\\Academics\\Entities\\ClassSubject', '{"id":93,"class_id":2,"section_id":2,"subject_id":4,"subject_code":"asdfa","subject_type":"1","subject_credit":"sdfasda","sorting_order":4,"is_active":0}', '[]', 'http://127.0.0.1:8000/academics/manage/subject/store', '127.0.0.1', '2017-04-12 06:10:51'),
(268, 3, 'deleted', 91, 'Modules\\Academics\\Entities\\ClassSubject', '{"id":91,"class_id":2,"section_id":2,"subject_id":2,"subject_code":"asdfasdas","subject_type":"1","subject_credit":"dfasdf","sorting_order":3,"is_active":0}', '[]', 'http://127.0.0.1:8000/academics/manage/subject/store', '127.0.0.1', '2017-04-12 06:10:51'),
(269, 3, 'deleted', 89, 'Modules\\Academics\\Entities\\ClassSubject', '{"id":89,"class_id":2,"section_id":2,"subject_id":3,"subject_code":"asdf","subject_type":"1","subject_credit":"asdfasd","sorting_order":2,"is_active":0}', '[]', 'http://127.0.0.1:8000/academics/manage/subject/store', '127.0.0.1', '2017-04-12 06:10:57'),
(270, 3, 'deleted', 85, 'Modules\\Academics\\Entities\\ClassSubject', '{"id":85,"class_id":2,"section_id":2,"subject_id":1,"subject_code":"zxasdd","subject_type":"1","subject_credit":"asdfasdf","sorting_order":1,"is_active":0}', '[]', 'http://127.0.0.1:8000/academics/manage/subject/store', '127.0.0.1', '2017-04-12 06:11:35'),
(271, 3, 'created', 94, 'Modules\\Academics\\Entities\\ClassSubject', '[]', '{"class_id":"2","section_id":"2","subject_id":"2","subject_code":"asdfsdfsdf","subject_type":"1","subject_credit":"sdfsd","sorting_order":"1","id":94}', 'http://127.0.0.1:8000/academics/manage/subject/store', '127.0.0.1', '2017-04-12 06:11:35'),
(272, 3, 'created', 95, 'Modules\\Academics\\Entities\\ClassSubject', '[]', '{"class_id":"2","section_id":"2","subject_id":"4","subject_code":"asdfasdfasd","subject_type":"1","subject_credit":"dfasdf","sorting_order":"2","id":95}', 'http://127.0.0.1:8000/academics/manage/subject/store', '127.0.0.1', '2017-04-12 06:13:04'),
(273, 3, 'created', 96, 'Modules\\Academics\\Entities\\ClassSubject', '[]', '{"class_id":"2","section_id":"2","subject_id":"3","subject_code":"asdfasdf","subject_type":"1","subject_credit":"fasdfasdfasdf","sorting_order":"3","id":96}', 'http://127.0.0.1:8000/academics/manage/subject/store', '127.0.0.1', '2017-04-12 06:13:04'),
(274, 3, 'created', 97, 'Modules\\Academics\\Entities\\ClassSubject', '[]', '{"class_id":"2","section_id":"2","subject_id":"1","subject_code":"fasdfasd","subject_type":"1","subject_credit":"asdfasd","sorting_order":"4","id":97}', 'http://127.0.0.1:8000/academics/manage/subject/store', '127.0.0.1', '2017-04-12 06:13:04'),
(275, 3, 'deleted', 84, 'Modules\\Academics\\Entities\\ClassSubject', '{"id":84,"class_id":5,"section_id":5,"subject_id":4,"subject_code":"asdfasd","subject_type":"1","subject_credit":"asdfasd","sorting_order":4,"is_active":0}', '[]', 'http://127.0.0.1:8000/academics/manage/subject/store', '127.0.0.1', '2017-04-12 22:45:52'),
(276, 3, 'updated', 77, 'Modules\\Academics\\Entities\\ClassSubject', '{"sorting_order":5}', '{"sorting_order":"1"}', 'http://127.0.0.1:8000/academics/manage/subject/store', '127.0.0.1', '2017-04-12 22:45:52'),
(277, 3, 'updated', 80, 'Modules\\Academics\\Entities\\ClassSubject', '{"sorting_order":5}', '{"sorting_order":"2"}', 'http://127.0.0.1:8000/academics/manage/subject/store', '127.0.0.1', '2017-04-12 22:45:52'),
(278, 3, 'updated', 83, 'Modules\\Academics\\Entities\\ClassSubject', '{"sorting_order":5}', '{"sorting_order":"3"}', 'http://127.0.0.1:8000/academics/manage/subject/store', '127.0.0.1', '2017-04-12 22:45:52'),
(279, 3, 'created', 98, 'Modules\\Academics\\Entities\\ClassSubject', '[]', '{"class_id":"5","section_id":"5","subject_id":"4","subject_code":"as","subject_type":"0","subject_credit":"fasdfasdf","sorting_order":"4","id":98}', 'http://127.0.0.1:8000/academics/manage/subject/store', '127.0.0.1', '2017-04-12 22:45:52'),
(280, 3, 'deleted', 98, 'Modules\\Academics\\Entities\\ClassSubject', '{"id":98,"class_id":5,"section_id":5,"subject_id":4,"subject_code":"as","subject_type":"0","subject_credit":"fasdfasdf","sorting_order":4,"is_active":0}', '[]', 'http://127.0.0.1:8000/academics/manage/subject/store', '127.0.0.1', '2017-04-12 22:47:58'),
(281, 3, 'deleted', 80, 'Modules\\Academics\\Entities\\ClassSubject', '{"id":80,"class_id":5,"section_id":5,"subject_id":2,"subject_code":"fasdfa","subject_type":"1","subject_credit":"sdfasdfasd","sorting_order":2,"is_active":0}', '[]', 'http://127.0.0.1:8000/academics/manage/subject/store', '127.0.0.1', '2017-04-12 22:47:58'),
(282, 3, 'created', 99, 'Modules\\Academics\\Entities\\ClassSubject', '[]', '{"class_id":"5","section_id":"5","subject_id":"4","subject_code":"asdfasd","subject_type":"1","subject_credit":"sadfds","sorting_order":"1","id":99}', 'http://127.0.0.1:8000/academics/manage/subject/store', '127.0.0.1', '2017-04-12 22:47:59'),
(283, 3, 'updated', 77, 'Modules\\Academics\\Entities\\ClassSubject', '{"sorting_order":1}', '{"sorting_order":"2"}', 'http://127.0.0.1:8000/academics/manage/subject/store', '127.0.0.1', '2017-04-12 22:47:59'),
(284, 3, 'created', 100, 'Modules\\Academics\\Entities\\ClassSubject', '[]', '{"class_id":"5","section_id":"5","subject_id":"2","subject_code":"fasdfasd","subject_type":"1","subject_credit":"fasdfads","sorting_order":"4","id":100}', 'http://127.0.0.1:8000/academics/manage/subject/store', '127.0.0.1', '2017-04-12 22:47:59'),
(285, 3, 'deleted', 77, 'Modules\\Academics\\Entities\\ClassSubject', '{"id":77,"class_id":5,"section_id":5,"subject_id":1,"subject_code":"codeasdf","subject_type":"1","subject_credit":"fasdfasdfsadfa","sorting_order":2,"is_active":0}', '[]', 'http://127.0.0.1:8000/academics/manage/subject/store', '127.0.0.1', '2017-04-12 22:48:30'),
(286, 3, 'deleted', 99, 'Modules\\Academics\\Entities\\ClassSubject', '{"id":99,"class_id":5,"section_id":5,"subject_id":4,"subject_code":"asdfasd","subject_type":"1","subject_credit":"sadfds","sorting_order":1,"is_active":0}', '[]', 'http://127.0.0.1:8000/academics/manage/subject/store', '127.0.0.1', '2017-04-12 22:48:30'),
(287, 3, 'updated', 83, 'Modules\\Academics\\Entities\\ClassSubject', '{"sorting_order":3}', '{"sorting_order":"1"}', 'http://127.0.0.1:8000/academics/manage/subject/store', '127.0.0.1', '2017-04-12 22:48:30'),
(288, 3, 'created', 101, 'Modules\\Academics\\Entities\\ClassSubject', '[]', '{"class_id":"5","section_id":"5","subject_id":"1","subject_code":"asdfasdf","subject_type":"1","subject_credit":"asdfasdfasdfa","sorting_order":"2","id":101}', 'http://127.0.0.1:8000/academics/manage/subject/store', '127.0.0.1', '2017-04-12 22:48:30'),
(289, 3, 'updated', 100, 'Modules\\Academics\\Entities\\ClassSubject', '{"sorting_order":4}', '{"sorting_order":"3"}', 'http://127.0.0.1:8000/academics/manage/subject/store', '127.0.0.1', '2017-04-12 22:48:30'),
(290, 3, 'created', 102, 'Modules\\Academics\\Entities\\ClassSubject', '[]', '{"class_id":"5","section_id":"5","subject_id":"4","subject_code":"sdfasd","subject_type":"1","subject_credit":"asdfasd","sorting_order":"4","id":102}', 'http://127.0.0.1:8000/academics/manage/subject/store', '127.0.0.1', '2017-04-12 22:48:30'),
(291, 3, 'created', 103, 'Modules\\Academics\\Entities\\ClassSubject', '[]', '{"class_id":"8","section_id":"13","subject_id":"4","subject_code":"fasdfasdfas","subject_type":"1","subject_credit":"fasdfasd","sorting_order":"1","id":103}', 'http://localhost:8000/academics/manage/subject/store', '127.0.0.1', '2017-04-13 00:21:09'),
(292, 3, 'created', 104, 'Modules\\Academics\\Entities\\ClassSubject', '[]', '{"class_id":"8","section_id":"13","subject_id":"2","subject_code":"sdfasdfasd","subject_type":"1","subject_credit":"dfgfdasdfasdfa","sorting_order":"2","id":104}', 'http://localhost:8000/academics/manage/subject/store', '127.0.0.1', '2017-04-13 00:21:09'),
(293, 3, 'created', 105, 'Modules\\Academics\\Entities\\ClassSubject', '[]', '{"class_id":"8","section_id":"13","subject_id":"1","subject_code":"dfasdfa","subject_type":"0","subject_credit":"sdfasdfa","sorting_order":"3","id":105}', 'http://localhost:8000/academics/manage/subject/store', '127.0.0.1', '2017-04-13 00:21:27'),
(294, 3, 'deleted', 104, 'Modules\\Academics\\Entities\\ClassSubject', '{"id":104,"class_id":8,"section_id":13,"subject_id":2,"subject_code":"sdfasdfasd","subject_type":"1","subject_credit":"dfgfdasdfasdfa","sorting_order":2,"is_active":0}', '[]', 'http://localhost:8000/academics/manage/subject/store', '127.0.0.1', '2017-04-13 00:21:36'),
(295, 3, 'updated', 105, 'Modules\\Academics\\Entities\\ClassSubject', '{"sorting_order":3}', '{"sorting_order":"2"}', 'http://localhost:8000/academics/manage/subject/store', '127.0.0.1', '2017-04-13 00:21:36'),
(296, 3, 'updated', 105, 'Modules\\Academics\\Entities\\ClassSubject', '{"sorting_order":2}', '{"sorting_order":"1"}', 'http://localhost:8000/academics/manage/subject/store', '127.0.0.1', '2017-04-13 00:21:46'),
(297, 3, 'updated', 103, 'Modules\\Academics\\Entities\\ClassSubject', '{"sorting_order":1}', '{"sorting_order":"2"}', 'http://localhost:8000/academics/manage/subject/store', '127.0.0.1', '2017-04-13 00:21:46'),
(298, 3, 'created', 106, 'Modules\\Academics\\Entities\\ClassSubject', '[]', '{"class_id":"5","section_id":"9","subject_id":"4","subject_code":"mat code","subject_type":"0","subject_credit":"3","sorting_order":"1","id":106}', 'http://127.0.0.1:8000/academics/manage/subject/store', '127.0.0.1', '2017-04-25 00:23:32');

-- --------------------------------------------------------

--
-- Table structure for table `auto_sms_module`
--

CREATE TABLE `auto_sms_module` (
  `id` int(10) UNSIGNED NOT NULL,
  `status_code` varchar(255) COLLATE utf8mb4_unicode_ci NOT NULL,
  `status` int(11) NOT NULL,
  `sms_temp_id` int(11) NOT NULL,
  `ins_id` int(11) NOT NULL,
  `campus_id` int(11) NOT NULL,
  `description` mediumtext COLLATE utf8mb4_unicode_ci NOT NULL,
  `created_at` timestamp NULL DEFAULT NULL,
  `updated_at` timestamp NULL DEFAULT NULL,
  `created_by` int(11) DEFAULT NULL,
  `updated_by` int(11) DEFAULT NULL,
  `deleted_at` timestamp NULL DEFAULT NULL
) ENGINE=InnoDB DEFAULT CHARSET=utf8mb4 COLLATE=utf8mb4_unicode_ci;

--
-- Dumping data for table `auto_sms_module`
--

INSERT INTO `auto_sms_module` (`id`, `status_code`, `status`, `sms_temp_id`, `ins_id`, `campus_id`, `description`, `created_at`, `updated_at`, `created_by`, `updated_by`, `deleted_at`) VALUES
(1, 'ATTENDANCE', 1, 1, 1, 1, 'Attendance Module', '2017-09-23 00:27:31', '2017-09-23 00:27:31', NULL, NULL, NULL),
(2, 'RESULT', 1, 2, 1, 1, 'Result Moudle', '2017-09-23 00:28:08', '2017-09-23 00:28:08', NULL, NULL, NULL),
(3, 'FEES', 1, 3, 1, 1, 'fees modules', '2017-09-23 00:28:26', '2017-09-23 00:28:26', NULL, NULL, NULL);

-- --------------------------------------------------------

--
-- Table structure for table `auto_sms_settings`
--

CREATE TABLE `auto_sms_settings` (
  `id` int(10) UNSIGNED NOT NULL,
  `user_type` json NOT NULL,
  `auto_sms_module_id` int(11) NOT NULL,
  `ins_id` int(11) NOT NULL,
  `campus_id` int(11) NOT NULL,
  `created_at` timestamp NULL DEFAULT NULL,
  `updated_at` timestamp NULL DEFAULT NULL,
  `created_by` int(11) DEFAULT NULL,
  `updated_by` int(11) DEFAULT NULL,
  `deleted_at` timestamp NULL DEFAULT NULL
) ENGINE=InnoDB DEFAULT CHARSET=utf8mb4 COLLATE=utf8mb4_unicode_ci;

--
-- Dumping data for table `auto_sms_settings`
--

INSERT INTO `auto_sms_settings` (`id`, `user_type`, `auto_sms_module_id`, `ins_id`, `campus_id`, `created_at`, `updated_at`, `created_by`, `updated_by`, `deleted_at`) VALUES
(1, '["4", "2"]', 1, 1, 1, '2017-09-23 00:47:05', '2017-09-23 00:47:05', NULL, NULL, NULL),
(2, '["4", "2"]', 2, 1, 1, '2017-09-23 00:47:05', '2017-09-23 00:47:05', NULL, NULL, NULL),
(3, '["4", "2"]', 3, 1, 1, '2017-09-23 00:47:05', '2017-09-23 00:47:05', NULL, NULL, NULL);

-- --------------------------------------------------------

--
-- Table structure for table `batch`
--

CREATE TABLE `batch` (
  `id` int(10) UNSIGNED NOT NULL,
  `academics_year_id` int(10) UNSIGNED NOT NULL DEFAULT '0',
  `academics_level_id` int(10) UNSIGNED NOT NULL DEFAULT '0',
  `division_id` int(10) UNSIGNED DEFAULT NULL,
  `batch_name` varchar(255) COLLATE utf8mb4_unicode_ci NOT NULL,
  `batch_alias` varchar(255) COLLATE utf8mb4_unicode_ci NOT NULL,
  `start_date` date NOT NULL,
  `end_date` date NOT NULL,
  `status` int(11) NOT NULL DEFAULT '1',
  `created_at` timestamp NULL DEFAULT NULL,
  `updated_at` timestamp NULL DEFAULT NULL,
  `deleted_at` timestamp NULL DEFAULT NULL
) ENGINE=InnoDB DEFAULT CHARSET=utf8mb4 COLLATE=utf8mb4_unicode_ci;

--
-- Dumping data for table `batch`
--

INSERT INTO `batch` (`id`, `academics_year_id`, `academics_level_id`, `division_id`, `batch_name`, `batch_alias`, `start_date`, `end_date`, `status`, `created_at`, `updated_at`, `deleted_at`) VALUES
(3, 1, 2, NULL, 'Class 8', 'eight', '2017-01-01', '2017-07-05', 1, '2017-07-24 02:10:23', '2017-07-24 02:10:23', NULL),
(4, 1, 2, 1, 'Class 9', 'nine-science', '2015-01-01', '2017-07-14', 1, '2017-07-24 02:11:07', '2017-07-24 02:11:07', NULL),
(5, 1, 2, 2, 'Class 10', 'ten-arts', '2015-01-01', '2017-07-13', 1, '2017-07-24 02:12:08', '2017-07-24 02:12:08', NULL),
(6, 1, 2, 3, 'Class 9', 'nine-commerce', '2017-07-03', '2017-07-12', 1, '2017-07-24 02:12:38', '2017-07-24 02:12:38', NULL),
(7, 1, 2, 1, 'Class 10', 'ten-science', '2017-07-03', '2017-07-04', 1, '2017-07-24 02:13:24', '2017-07-24 02:13:24', NULL);

-- --------------------------------------------------------

--
-- Table structure for table `book`
--

CREATE TABLE `book` (
  `id` int(10) UNSIGNED NOT NULL,
  `name` varchar(255) COLLATE utf8mb4_unicode_ci NOT NULL,
  `book_category_id` int(11) NOT NULL,
  `book_type` int(11) NOT NULL,
  `subtitle` varchar(255) COLLATE utf8mb4_unicode_ci NOT NULL,
  `isbn_no` varchar(255) COLLATE utf8mb4_unicode_ci NOT NULL,
  `author` varchar(255) COLLATE utf8mb4_unicode_ci NOT NULL,
  `book_shelf_id` int(11) NOT NULL,
  `cup_board_shelf_id` int(11) NOT NULL,
  `edition` varchar(255) COLLATE utf8mb4_unicode_ci NOT NULL,
  `publisher` varchar(255) COLLATE utf8mb4_unicode_ci NOT NULL,
  `book_vendor_id` int(11) NOT NULL,
  `book_cost` double NOT NULL,
  `copy` int(11) NOT NULL,
  `remark` mediumtext COLLATE utf8mb4_unicode_ci NOT NULL,
  `created_by` int(11) DEFAULT NULL,
  `updated_by` int(11) DEFAULT NULL,
  `deleted_at` timestamp NULL DEFAULT NULL,
  `created_at` timestamp NULL DEFAULT NULL,
  `updated_at` timestamp NULL DEFAULT NULL
) ENGINE=InnoDB DEFAULT CHARSET=utf8mb4 COLLATE=utf8mb4_unicode_ci;

-- --------------------------------------------------------

--
-- Table structure for table `book_category`
--

CREATE TABLE `book_category` (
  `id` int(10) UNSIGNED NOT NULL,
  `name` varchar(255) COLLATE utf8mb4_unicode_ci NOT NULL,
  `created_at` timestamp NULL DEFAULT NULL,
  `updated_at` timestamp NULL DEFAULT NULL,
  `created_by` int(11) DEFAULT NULL,
  `updated_by` int(11) DEFAULT NULL,
  `deleted_at` timestamp NULL DEFAULT NULL
) ENGINE=InnoDB DEFAULT CHARSET=utf8mb4 COLLATE=utf8mb4_unicode_ci;

-- --------------------------------------------------------

--
-- Table structure for table `book_shelf`
--

CREATE TABLE `book_shelf` (
  `id` int(10) UNSIGNED NOT NULL,
  `name` varchar(255) COLLATE utf8mb4_unicode_ci NOT NULL,
  `details` mediumtext COLLATE utf8mb4_unicode_ci NOT NULL,
  `created_by` int(11) DEFAULT NULL,
  `updated_by` int(11) DEFAULT NULL,
  `deleted_at` timestamp NULL DEFAULT NULL,
  `created_at` timestamp NULL DEFAULT NULL,
  `updated_at` timestamp NULL DEFAULT NULL
) ENGINE=InnoDB DEFAULT CHARSET=utf8mb4 COLLATE=utf8mb4_unicode_ci;

-- --------------------------------------------------------

--
-- Table structure for table `book_vendor`
--

CREATE TABLE `book_vendor` (
  `id` int(10) UNSIGNED NOT NULL,
  `name` varchar(255) COLLATE utf8mb4_unicode_ci NOT NULL,
  `address` varchar(255) COLLATE utf8mb4_unicode_ci NOT NULL,
  `contact_no` varchar(255) COLLATE utf8mb4_unicode_ci NOT NULL,
  `email` varchar(255) COLLATE utf8mb4_unicode_ci NOT NULL,
  `created_by` int(11) DEFAULT NULL,
  `updated_by` int(11) DEFAULT NULL,
  `deleted_at` timestamp NULL DEFAULT NULL,
  `created_at` timestamp NULL DEFAULT NULL,
  `updated_at` timestamp NULL DEFAULT NULL
) ENGINE=InnoDB DEFAULT CHARSET=utf8mb4 COLLATE=utf8mb4_unicode_ci;

-- --------------------------------------------------------

--
-- Table structure for table `class_periods`
--

CREATE TABLE `class_periods` (
  `id` int(10) UNSIGNED NOT NULL,
  `period_name` varchar(255) COLLATE utf8mb4_unicode_ci NOT NULL DEFAULT 'not set',
  `campus` int(10) UNSIGNED NOT NULL DEFAULT '0',
  `institute` int(10) UNSIGNED NOT NULL DEFAULT '0',
  `academic_year` int(10) UNSIGNED NOT NULL DEFAULT '0',
  `period_shift` int(10) UNSIGNED NOT NULL DEFAULT '0',
  `period_category` int(10) UNSIGNED NOT NULL DEFAULT '0',
  `period_start_hour` int(10) UNSIGNED NOT NULL DEFAULT '0',
  `period_start_min` int(10) UNSIGNED NOT NULL DEFAULT '0',
  `period_start_meridiem` tinyint(1) UNSIGNED NOT NULL DEFAULT '0',
  `period_end_hour` int(10) UNSIGNED NOT NULL DEFAULT '0',
  `period_end_min` int(10) UNSIGNED NOT NULL DEFAULT '0',
  `period_end_meridiem` tinyint(1) UNSIGNED NOT NULL DEFAULT '0',
  `is_break` tinyint(1) UNSIGNED NOT NULL DEFAULT '0',
  `created_at` timestamp NULL DEFAULT NULL,
  `updated_at` timestamp NULL DEFAULT NULL,
  `deleted_at` timestamp NULL DEFAULT NULL
) ENGINE=InnoDB DEFAULT CHARSET=utf8mb4 COLLATE=utf8mb4_unicode_ci;

--
-- Dumping data for table `class_periods`
--

INSERT INTO `class_periods` (`id`, `period_name`, `campus`, `institute`, `academic_year`, `period_shift`, `period_category`, `period_start_hour`, `period_start_min`, `period_start_meridiem`, `period_end_hour`, `period_end_min`, `period_end_meridiem`, `is_break`, `created_at`, `updated_at`, `deleted_at`) VALUES
(1, 'P1', 1, 1, 1, 1, 1, 7, 0, 0, 7, 59, 0, 0, '2017-07-26 04:09:28', '2017-07-26 04:09:28', NULL),
(2, 'P2', 1, 1, 1, 1, 1, 8, 0, 0, 8, 59, 0, 0, '2017-07-26 04:14:15', '2017-07-26 04:14:22', NULL),
(3, 'P3', 1, 1, 1, 1, 1, 9, 0, 0, 9, 59, 0, 0, '2017-07-26 04:14:52', '2017-07-26 04:14:52', NULL),
(4, 'P4', 1, 1, 1, 1, 1, 10, 0, 0, 10, 59, 0, 0, '2017-07-26 04:15:48', '2017-07-26 04:15:48', NULL),
(5, 'P5', 1, 1, 1, 1, 1, 11, 0, 0, 11, 59, 0, 0, '2017-07-26 04:16:17', '2017-07-26 04:16:17', NULL),
(6, 'P1', 1, 1, 1, 0, 4, 2, 0, 1, 2, 20, 1, 0, '2017-09-19 02:16:59', '2017-09-19 02:18:25', NULL),
(7, 'P2', 1, 1, 1, 0, 4, 2, 21, 1, 2, 40, 1, 0, '2017-09-19 02:18:15', '2017-09-19 02:18:36', NULL),
(8, 'P3', 1, 1, 1, 0, 4, 2, 41, 1, 3, 0, 1, 0, '2017-09-19 02:19:39', '2017-09-19 02:19:39', NULL),
(9, 'P4', 1, 1, 1, 0, 4, 3, 1, 1, 3, 20, 1, 0, '2017-09-19 02:20:26', '2017-09-19 02:20:26', NULL),
(10, 'P5', 1, 1, 1, 0, 4, 3, 21, 1, 3, 40, 1, 0, '2017-09-19 02:21:03', '2017-09-19 02:21:34', NULL),
(11, 'P6', 1, 1, 1, 0, 4, 3, 41, 1, 4, 0, 1, 0, '2017-09-19 02:22:02', '2017-09-19 02:22:02', NULL),
(12, 'P7', 1, 1, 1, 0, 4, 4, 1, 1, 4, 20, 1, 0, '2017-09-19 02:23:05', '2017-09-19 02:23:13', NULL),
(13, 'P8', 1, 1, 1, 0, 4, 4, 21, 1, 4, 40, 1, 0, '2017-09-19 02:23:45', '2017-09-19 02:23:45', NULL);

-- --------------------------------------------------------

--
-- Table structure for table `class_period_categories`
--

CREATE TABLE `class_period_categories` (
  `id` int(10) UNSIGNED NOT NULL,
  `name` varchar(255) COLLATE utf8mb4_unicode_ci DEFAULT 'not set',
  `institute` int(10) UNSIGNED NOT NULL DEFAULT '0',
  `campus` int(10) UNSIGNED NOT NULL DEFAULT '0',
  `academic_year` int(10) UNSIGNED NOT NULL DEFAULT '0',
  `created_at` timestamp NULL DEFAULT NULL,
  `updated_at` timestamp NULL DEFAULT NULL,
  `deleted_at` timestamp NULL DEFAULT NULL
) ENGINE=InnoDB DEFAULT CHARSET=utf8mb4 COLLATE=utf8mb4_unicode_ci;

--
-- Dumping data for table `class_period_categories`
--

INSERT INTO `class_period_categories` (`id`, `name`, `institute`, `campus`, `academic_year`, `created_at`, `updated_at`, `deleted_at`) VALUES
(1, 'Primary (M)', 1, 1, 1, '2017-07-26 04:04:00', '2017-09-10 23:38:57', NULL),
(2, 'Primary (D)', 1, 1, 1, '2017-07-26 04:04:05', '2017-09-10 23:39:03', NULL),
(3, 'Secondary (M)', 1, 1, 1, '2017-07-26 04:04:10', '2017-09-10 23:39:08', NULL),
(4, 'Secondary (D)', 1, 1, 1, '2017-09-10 23:37:31', '2017-09-10 23:39:12', NULL),
(5, 'Higher Secondary (M)', 1, 1, 1, '2017-09-10 23:37:45', '2017-09-10 23:39:17', NULL),
(6, 'Higher Secondary (D)', 1, 1, 1, '2017-09-10 23:37:58', '2017-09-10 23:39:21', NULL);

-- --------------------------------------------------------

--
-- Table structure for table `class_section_period`
--

CREATE TABLE `class_section_period` (
  `id` int(10) UNSIGNED NOT NULL,
  `cs_shift` int(11) UNSIGNED DEFAULT NULL,
  `cs_period_category` int(10) UNSIGNED DEFAULT NULL,
  `academic_year` int(10) UNSIGNED DEFAULT NULL,
  `academic_level` int(10) UNSIGNED DEFAULT NULL,
  `batch` int(10) UNSIGNED DEFAULT NULL,
  `section` int(10) UNSIGNED DEFAULT NULL,
  `institute_id` int(10) UNSIGNED DEFAULT NULL,
  `campus_id` int(10) UNSIGNED DEFAULT NULL,
  `created_at` timestamp NULL DEFAULT NULL,
  `updated_at` timestamp NULL DEFAULT NULL,
  `deleted_at` timestamp NULL DEFAULT NULL
) ENGINE=InnoDB DEFAULT CHARSET=utf8mb4 COLLATE=utf8mb4_unicode_ci;

--
-- Dumping data for table `class_section_period`
--

INSERT INTO `class_section_period` (`id`, `cs_shift`, `cs_period_category`, `academic_year`, `academic_level`, `batch`, `section`, `institute_id`, `campus_id`, `created_at`, `updated_at`, `deleted_at`) VALUES
(39, 1, 5, 1, 2, 4, 9, 1, 1, '2017-09-19 01:50:38', '2017-09-19 01:59:02', '2017-09-19 01:59:02'),
(40, 0, 1, 1, 2, 4, 9, 1, 1, '2017-09-19 01:53:24', '2017-09-19 02:11:14', NULL),
(41, 0, 4, 1, 2, 5, 10, 1, 1, '2017-09-19 01:56:34', '2017-09-19 01:56:40', NULL),
(42, 1, 3, 1, 2, 5, 10, 1, 1, '2017-09-19 01:56:46', '2017-09-19 01:56:52', NULL),
(43, 0, 5, 1, 2, 6, 11, 1, 1, '2017-09-19 01:58:42', '2017-09-19 01:58:57', '2017-09-19 01:58:57'),
(44, 1, 4, 1, 2, 4, 9, 1, 1, '2017-09-19 02:24:23', '2017-09-19 02:24:23', NULL);

-- --------------------------------------------------------

--
-- Table structure for table `class_subjects`
--

CREATE TABLE `class_subjects` (
  `id` int(10) UNSIGNED NOT NULL,
  `class_id` int(10) UNSIGNED NOT NULL DEFAULT '0',
  `section_id` int(10) UNSIGNED NOT NULL DEFAULT '0',
  `subject_id` int(10) UNSIGNED NOT NULL DEFAULT '0',
  `subject_code` varchar(255) COLLATE utf8mb4_unicode_ci NOT NULL DEFAULT '(not set)',
  `subject_type` varchar(255) COLLATE utf8mb4_unicode_ci NOT NULL DEFAULT '(not set)',
  `subject_credit` varchar(255) COLLATE utf8mb4_unicode_ci NOT NULL DEFAULT '(not set)',
  `sorting_order` int(10) UNSIGNED NOT NULL DEFAULT '0',
  `is_active` tinyint(1) NOT NULL DEFAULT '0',
  `created_at` timestamp NULL DEFAULT NULL,
  `updated_at` timestamp NULL DEFAULT NULL,
  `deleted_at` timestamp NULL DEFAULT NULL
) ENGINE=InnoDB DEFAULT CHARSET=utf8mb4 COLLATE=utf8mb4_unicode_ci;

--
-- Dumping data for table `class_subjects`
--

INSERT INTO `class_subjects` (`id`, `class_id`, `section_id`, `subject_id`, `subject_code`, `subject_type`, `subject_credit`, `sorting_order`, `is_active`, `created_at`, `updated_at`, `deleted_at`) VALUES
(3, 4, 9, 5, 'BAN-101', '1', '3', 1, 0, '2017-07-24 03:28:41', '2017-07-24 03:28:41', NULL),
(4, 4, 9, 6, 'ENG-101', '1', '3', 2, 0, '2017-07-24 03:28:42', '2017-07-24 03:28:42', NULL),
(5, 4, 9, 8, 'PHY-101', '1', '3', 3, 0, '2017-07-24 03:28:42', '2017-07-24 03:28:42', NULL),
(6, 4, 9, 7, 'MAT-101', '1', '3', 4, 0, '2017-07-24 03:28:42', '2017-07-24 03:28:42', NULL),
(7, 4, 9, 9, 'CHE-101', '1', '3', 5, 0, '2017-07-24 03:28:42', '2017-07-24 03:28:42', NULL),
(8, 4, 13, 5, 'BN-001', '1', '5.0', 1, 0, '2017-09-23 01:02:35', '2017-09-23 01:02:35', NULL),
(9, 4, 13, 6, 'EN-002', '1', '5.0', 2, 0, '2017-09-23 01:02:35', '2017-09-23 01:02:35', NULL);

-- --------------------------------------------------------

--
-- Table structure for table `class_subject_teachers`
--

CREATE TABLE `class_subject_teachers` (
  `id` int(10) UNSIGNED NOT NULL,
  `class_subject_id` int(10) UNSIGNED NOT NULL DEFAULT '0',
  `employee_id` int(10) UNSIGNED NOT NULL DEFAULT '0',
  `status` varchar(255) COLLATE utf8mb4_unicode_ci NOT NULL DEFAULT '(not set)',
  `is_active` tinyint(1) NOT NULL DEFAULT '0',
  `created_at` timestamp NULL DEFAULT NULL,
  `updated_at` timestamp NULL DEFAULT NULL,
  `deleted_at` timestamp NULL DEFAULT NULL
) ENGINE=InnoDB DEFAULT CHARSET=utf8mb4 COLLATE=utf8mb4_unicode_ci;

--
-- Dumping data for table `class_subject_teachers`
--

INSERT INTO `class_subject_teachers` (`id`, `class_subject_id`, `employee_id`, `status`, `is_active`, `created_at`, `updated_at`, `deleted_at`) VALUES
(1, 3, 1, 'PERMANENT', 1, '2017-07-25 11:49:10', '2017-07-25 11:49:10', NULL),
(2, 4, 2, 'PERMANENT', 1, '2017-07-25 11:49:46', '2017-07-25 11:49:46', NULL),
(3, 5, 3, 'PERMANENT', 1, '2017-07-25 11:50:17', '2017-07-25 11:50:17', NULL),
(4, 6, 4, 'PERMANENT', 1, '2017-07-25 11:50:44', '2017-07-25 11:50:44', NULL),
(5, 7, 1, 'PERMANENT', 1, '2017-07-25 11:51:02', '2017-07-25 11:51:02', NULL),
(6, 3, 2, 'PERMANENT', 1, '2017-09-11 00:44:41', '2017-09-11 00:44:41', NULL),
(7, 8, 2, 'PERMANENT', 1, '2017-09-23 01:02:49', '2017-09-23 01:02:49', NULL);

-- --------------------------------------------------------

--
-- Table structure for table `class_subject_teacher_timetables`
--

CREATE TABLE `class_subject_teacher_timetables` (
  `id` int(10) UNSIGNED NOT NULL,
  `created_at` timestamp NULL DEFAULT NULL,
  `updated_at` timestamp NULL DEFAULT NULL,
  `deleted_at` timestamp NULL DEFAULT NULL
) ENGINE=InnoDB DEFAULT CHARSET=utf8mb4 COLLATE=utf8mb4_unicode_ci;

-- --------------------------------------------------------

--
-- Table structure for table `class_timetables`
--

CREATE TABLE `class_timetables` (
  `id` int(10) UNSIGNED NOT NULL,
  `day` int(10) UNSIGNED NOT NULL DEFAULT '0',
  `period` int(10) UNSIGNED NOT NULL DEFAULT '0',
  `shift` tinyint(1) UNSIGNED NOT NULL DEFAULT '0',
  `room` int(10) UNSIGNED NOT NULL DEFAULT '0',
  `batch` int(10) UNSIGNED NOT NULL DEFAULT '0',
  `section` int(10) UNSIGNED NOT NULL DEFAULT '0',
  `subject` int(10) UNSIGNED NOT NULL DEFAULT '0',
  `teacher` int(10) UNSIGNED NOT NULL DEFAULT '0',
  `campus` int(10) UNSIGNED NOT NULL DEFAULT '0',
  `institute` int(10) UNSIGNED NOT NULL DEFAULT '0',
  `academic_year` int(10) UNSIGNED NOT NULL DEFAULT '0',
  `created_at` timestamp NULL DEFAULT NULL,
  `updated_at` timestamp NULL DEFAULT NULL,
  `deleted_at` timestamp NULL DEFAULT NULL
) ENGINE=InnoDB DEFAULT CHARSET=utf8mb4 COLLATE=utf8mb4_unicode_ci;

--
-- Dumping data for table `class_timetables`
--

INSERT INTO `class_timetables` (`id`, `day`, `period`, `shift`, `room`, `batch`, `section`, `subject`, `teacher`, `campus`, `institute`, `academic_year`, `created_at`, `updated_at`, `deleted_at`) VALUES
(1, 1, 1, 0, 0, 4, 9, 5, 3, 0, 0, 0, '2017-07-26 21:52:29', '2017-08-08 03:56:46', NULL),
(2, 1, 2, 0, 0, 4, 9, 4, 2, 0, 0, 0, '2017-07-26 21:52:35', '2017-07-26 21:52:35', NULL),
(3, 1, 3, 0, 0, 4, 9, 5, 3, 0, 0, 0, '2017-07-26 21:52:45', '2017-07-26 21:52:45', NULL),
(4, 1, 5, 0, 0, 4, 9, 6, 4, 0, 0, 0, '2017-07-26 21:52:53', '2017-07-26 21:52:53', NULL),
(5, 1, 4, 0, 0, 4, 9, 7, 1, 0, 0, 0, '2017-07-26 21:53:00', '2017-07-26 21:53:00', NULL),
(6, 2, 2, 0, 0, 4, 9, 7, 1, 0, 0, 0, '2017-07-26 21:53:25', '2017-07-26 21:53:25', NULL),
(7, 2, 3, 0, 0, 4, 9, 3, 1, 0, 0, 0, '2017-07-26 21:53:35', '2017-07-26 21:53:35', NULL),
(8, 2, 4, 0, 0, 4, 9, 6, 4, 0, 0, 0, '2017-07-26 21:53:45', '2017-07-26 21:53:45', NULL),
(9, 2, 5, 0, 0, 4, 9, 4, 2, 0, 0, 0, '2017-07-26 21:53:56', '2017-07-26 21:53:56', NULL),
(10, 3, 1, 0, 0, 4, 9, 5, 3, 0, 0, 0, '2017-07-26 21:54:09', '2017-07-26 21:54:09', NULL),
(11, 3, 2, 0, 0, 4, 9, 3, 1, 0, 0, 0, '2017-07-26 21:54:15', '2017-07-27 04:40:44', NULL),
(12, 3, 3, 0, 0, 4, 9, 4, 2, 0, 0, 0, '2017-07-26 21:54:21', '2017-07-26 21:54:21', NULL),
(13, 3, 4, 0, 0, 4, 9, 7, 1, 0, 0, 0, '2017-07-26 21:54:28', '2017-07-26 21:54:28', NULL),
(14, 4, 1, 0, 0, 4, 9, 3, 1, 0, 0, 0, '2017-07-26 21:54:36', '2017-07-26 21:54:36', NULL),
(15, 4, 2, 0, 0, 4, 9, 5, 3, 0, 0, 0, '2017-07-26 21:54:45', '2017-07-27 04:40:30', NULL),
(16, 4, 3, 0, 0, 4, 9, 6, 4, 0, 0, 0, '2017-07-26 21:54:53', '2017-07-26 21:54:53', NULL),
(17, 4, 4, 0, 0, 4, 9, 7, 1, 0, 0, 0, '2017-07-26 21:55:00', '2017-07-26 21:55:00', NULL),
(18, 4, 5, 0, 0, 4, 9, 5, 3, 0, 0, 0, '2017-07-26 21:55:09', '2017-07-26 21:55:09', NULL),
(19, 5, 1, 0, 0, 4, 9, 5, 3, 0, 0, 0, '2017-07-26 21:55:24', '2017-07-26 21:55:24', NULL),
(20, 5, 2, 0, 0, 4, 9, 4, 2, 0, 0, 0, '2017-07-26 21:55:31', '2017-07-26 21:55:31', NULL),
(21, 5, 4, 0, 0, 4, 9, 7, 1, 0, 0, 0, '2017-07-26 21:55:41', '2017-07-26 21:55:41', NULL),
(22, 5, 5, 0, 0, 4, 9, 5, 3, 0, 0, 0, '2017-07-26 21:55:55', '2017-07-27 04:40:22', NULL),
(23, 6, 1, 0, 0, 4, 9, 6, 4, 0, 0, 0, '2017-07-26 21:57:20', '2017-07-26 21:57:20', NULL),
(24, 6, 2, 0, 0, 4, 9, 4, 2, 0, 0, 0, '2017-07-26 21:57:28', '2017-07-26 21:57:28', NULL),
(25, 6, 3, 0, 0, 4, 9, 5, 3, 0, 0, 0, '2017-07-26 21:57:36', '2017-07-26 21:57:36', NULL);

-- --------------------------------------------------------

--
-- Table structure for table `contents`
--

CREATE TABLE `contents` (
  `id` int(10) UNSIGNED NOT NULL,
  `name` varchar(255) COLLATE utf8mb4_unicode_ci NOT NULL DEFAULT 'Not available',
  `file_name` varchar(255) COLLATE utf8mb4_unicode_ci NOT NULL DEFAULT 'Not available',
  `path` varchar(255) COLLATE utf8mb4_unicode_ci NOT NULL DEFAULT 'Not available',
  `mime` varchar(255) COLLATE utf8mb4_unicode_ci NOT NULL DEFAULT 'Not available',
  `created_at` timestamp NULL DEFAULT NULL,
  `updated_at` timestamp NULL DEFAULT NULL,
  `deleted_at` timestamp NULL DEFAULT NULL
) ENGINE=InnoDB DEFAULT CHARSET=utf8mb4 COLLATE=utf8mb4_unicode_ci;

--
-- Dumping data for table `contents`
--

INSERT INTO `contents` (`id`, `name`, `file_name`, `path`, `mime`, `created_at`, `updated_at`, `deleted_at`) VALUES
(1, 'Mobile-App.jpg', 'Mobile-App.jpg', 'assets/users/images/', 'jpg', '2017-04-06 00:08:58', '2017-04-06 00:08:58', NULL),
(2, '4185960.jpg', '4185960.jpg', 'assets/users/images/', 'jpg', '2017-04-06 00:09:14', '2017-05-21 22:35:41', NULL),
(3, 'Mobile-App.jpg', 'Mobile-App.jpg', 'assets/users/images/', 'jpg', '2017-04-06 01:00:06', '2017-04-06 01:00:06', NULL),
(4, 'ems20170516113059218198.png', 'ems20170516113059218198.png', 'assets/users/images/', 'png', '2017-04-06 01:01:01', '2017-05-16 05:30:59', NULL),
(5, 'user-icon-6.png', 'user-icon-6.png', 'assets/users/images/', 'png', '2017-04-06 04:20:19', '2017-05-21 22:35:07', NULL),
(6, 'mobile-app-img.jpg', 'mobile-app-img.jpg', 'assets/users/images/', 'jpg', '2017-04-06 04:23:32', '2017-04-06 04:23:32', NULL),
(7, 'Appointment Letter.pdf', 'Appointment Letter.pdf', 'assets/users/images/', 'pdf', '2017-04-18 22:05:36', '2017-04-18 22:05:36', NULL),
(8, '1974.png', '1974.png', 'assets/users/images/', 'png', '2017-04-18 22:11:38', '2017-04-18 22:11:38', NULL),
(9, '2010.png', '2010.png', 'assets/users/images/', 'png', '2017-04-18 22:18:42', '2017-04-18 22:18:42', NULL),
(10, '1966.png', '1966.png', 'assets/users/images/', 'png', '2017-04-18 22:23:05', '2017-04-18 22:23:05', NULL),
(11, 'ems20170703044426556468.jpg', 'ems20170703044426556468.jpg', 'assets/users/images/', 'jpg', '2017-05-04 00:13:27', '2017-07-02 22:44:26', NULL),
(12, 'user-icon-6.png', 'user-icon-6.png', 'assets/users/images/', 'png', '2017-05-21 04:14:15', '2017-05-21 04:14:15', NULL),
(13, 'student record sheet front.jpg', 'student record sheet front.jpg', 'assets/users/images/', 'jpg', '2017-06-15 02:16:22', '2017-06-15 02:16:22', NULL),
(14, 'ems20170615083116368055.jpg', 'ems20170615083116368055.jpg', 'assets/users/images/', 'jpg', '2017-06-15 02:31:16', '2017-06-15 02:31:16', NULL),
(15, '19848785_1353177408111501_1320963641_n.jpg', '19848785_1353177408111501_1320963641_n.jpg', 'assets/users/images/', 'jpg', '2017-07-25 23:47:06', '2017-07-25 23:47:06', NULL),
(16, 'ems20170921102608281836.png', 'ems20170921102608281836.png', 'assets/users/images/', 'png', '2017-07-26 00:47:58', '2017-09-21 04:26:08', NULL),
(17, '19858742_1353176621444913_889829589_n.jpg', '19858742_1353176621444913_889829589_n.jpg', 'assets/users/images/', 'jpg', '2017-08-10 05:03:20', '2017-08-10 05:03:20', NULL),
(18, 'ems20170816062531422561.pdf', 'ems20170816062531422561.pdf', 'assets/communication/notice/', 'pdf', '2017-08-16 00:25:31', '2017-08-16 00:25:31', NULL),
(19, 'ems20170816064003814789.jpg', 'ems20170816064003814789.jpg', 'assets/communication/notice/', 'jpg', '2017-08-16 00:40:03', '2017-08-16 00:40:03', NULL),
(20, '19848785_1353177408111501_1320963641_n.jpg', '19848785_1353177408111501_1320963641_n.jpg', 'assets/users/images/', 'jpg', '2017-08-16 01:35:51', '2017-08-16 01:35:51', NULL),
(21, 'ems20170820064321896256.jpg', 'ems20170820064321896256.jpg', 'assets/users/images/', 'jpg', '2017-08-20 00:43:10', '2017-08-20 00:43:21', NULL),
(22, 'ems20170911061227656724.png', 'ems20170911061227656724.png', 'assets/communication/notice/', 'png', '2017-09-11 00:12:27', '2017-09-11 00:12:27', NULL),
(23, 'ems20170911061412505643.png', 'ems20170911061412505643.png', 'assets/communication/notice/', 'png', '2017-09-11 00:14:12', '2017-09-11 00:14:12', NULL),
(24, 'ems20170911061618368478.png', 'ems20170911061618368478.png', 'assets/communication/notice/', 'png', '2017-09-11 00:16:18', '2017-09-11 00:16:18', NULL),
(25, 'ems20170911061734722878.png', 'ems20170911061734722878.png', 'assets/communication/notice/', 'png', '2017-09-11 00:17:34', '2017-09-11 00:17:34', NULL),
(26, 'ems20170911062114700975.png', 'ems20170911062114700975.png', 'assets/communication/notice/', 'png', '2017-09-11 00:21:14', '2017-09-11 00:21:14', NULL),
(27, 'ems20170911062313598422.png', 'ems20170911062313598422.png', 'assets/communication/notice/', 'png', '2017-09-11 00:23:13', '2017-09-11 00:23:13', NULL),
(28, 'ems20170911062601639088.png', 'ems20170911062601639088.png', 'assets/communication/notice/', 'png', '2017-09-11 00:26:01', '2017-09-11 00:26:01', NULL),
(29, 'ems20170911062801475350.png', 'ems20170911062801475350.png', 'assets/communication/notice/', 'png', '2017-09-11 00:28:01', '2017-09-11 00:28:01', NULL),
(30, 'ems20170911062919467443.jpg', 'ems20170911062919467443.jpg', 'assets/communication/notice/', 'jpg', '2017-09-11 00:29:19', '2017-09-11 00:29:19', NULL),
(31, 'ems20170911063055288482.jpg', 'ems20170911063055288482.jpg', 'assets/communication/notice/', 'jpg', '2017-09-11 00:30:55', '2017-09-11 00:30:55', NULL),
(32, 'ems20170911063201293527.png', 'ems20170911063201293527.png', 'assets/communication/notice/', 'png', '2017-09-11 00:32:01', '2017-09-11 00:32:01', NULL),
(33, 'ems20170911063355286271.png', 'ems20170911063355286271.png', 'assets/communication/notice/', 'png', '2017-09-11 00:33:55', '2017-09-11 00:33:55', NULL),
(34, 'ems20170911064551588531.png', 'ems20170911064551588531.png', 'assets/communication/notice/', 'png', '2017-09-11 00:45:51', '2017-09-11 00:45:51', NULL);

-- --------------------------------------------------------

--
-- Table structure for table `cup_board_shelf`
--

CREATE TABLE `cup_board_shelf` (
  `id` int(10) UNSIGNED NOT NULL,
  `name` varchar(255) COLLATE utf8mb4_unicode_ci NOT NULL,
  `book_shelf_id` int(11) NOT NULL,
  `capacity` int(11) NOT NULL,
  `details` mediumtext COLLATE utf8mb4_unicode_ci NOT NULL,
  `created_by` int(11) DEFAULT NULL,
  `updated_by` int(11) DEFAULT NULL,
  `deleted_at` timestamp NULL DEFAULT NULL,
  `created_at` timestamp NULL DEFAULT NULL,
  `updated_at` timestamp NULL DEFAULT NULL
) ENGINE=InnoDB DEFAULT CHARSET=utf8mb4 COLLATE=utf8mb4_unicode_ci;

-- --------------------------------------------------------

--
-- Table structure for table `employee_attachments`
--

CREATE TABLE `employee_attachments` (
  `id` int(10) UNSIGNED NOT NULL,
  `emp_id` int(10) UNSIGNED NOT NULL DEFAULT '0',
  `doc_id` int(10) UNSIGNED NOT NULL DEFAULT '0',
  `doc_type` varchar(255) COLLATE utf8mb4_unicode_ci NOT NULL DEFAULT 'Not available',
  `doc_details` varchar(500) COLLATE utf8mb4_unicode_ci NOT NULL DEFAULT 'Not available',
  `doc_submited_at` date DEFAULT NULL,
  `doc_status` tinyint(1) NOT NULL DEFAULT '0',
  `created_at` timestamp NULL DEFAULT NULL,
  `updated_at` timestamp NULL DEFAULT NULL,
  `deleted_at` timestamp NULL DEFAULT NULL
) ENGINE=InnoDB DEFAULT CHARSET=utf8mb4 COLLATE=utf8mb4_unicode_ci;

--
-- Dumping data for table `employee_attachments`
--

INSERT INTO `employee_attachments` (`id`, `emp_id`, `doc_id`, `doc_type`, `doc_details`, `doc_submited_at`, `doc_status`, `created_at`, `updated_at`, `deleted_at`) VALUES
(1, 5, 20, 'PROFILE_PHOTO', 'Not available', NULL, 0, '2017-08-16 01:35:51', '2017-08-16 01:35:51', NULL);

-- --------------------------------------------------------

--
-- Table structure for table `employee_departments`
--

CREATE TABLE `employee_departments` (
  `id` int(10) UNSIGNED NOT NULL,
  `name` varchar(50) COLLATE utf8mb4_unicode_ci NOT NULL DEFAULT 'Not available',
  `alias` varchar(50) COLLATE utf8mb4_unicode_ci NOT NULL DEFAULT 'Not available',
  `created_at` timestamp NULL DEFAULT NULL,
  `updated_at` timestamp NULL DEFAULT NULL,
  `deleted_at` timestamp NULL DEFAULT NULL
) ENGINE=InnoDB DEFAULT CHARSET=utf8mb4 COLLATE=utf8mb4_unicode_ci;

--
-- Dumping data for table `employee_departments`
--

INSERT INTO `employee_departments` (`id`, `name`, `alias`, `created_at`, `updated_at`, `deleted_at`) VALUES
(1, 'Hostel', 'Hostel', '2017-04-05 23:45:27', '2017-04-05 23:45:27', NULL),
(2, 'Tutor', 'Tutor', '2017-04-05 23:45:40', '2017-04-05 23:45:40', NULL),
(3, 'Operations', 'Operations', '2017-04-05 23:45:51', '2017-04-05 23:45:51', NULL),
(4, 'Human Resource', 'HR', '2017-04-05 23:46:03', '2017-04-05 23:47:33', NULL),
(5, 'Information Technology', 'IT', '2017-04-05 23:46:14', '2017-04-05 23:47:40', NULL),
(6, 'Front Desk', 'FD', '2017-04-05 23:46:38', '2017-04-05 23:47:24', NULL),
(7, 'Library', 'Library', '2017-04-05 23:46:48', '2017-04-05 23:46:48', NULL),
(8, 'Administration', 'Admin', '2017-04-05 23:47:06', '2017-04-05 23:48:17', NULL),
(9, 'Student Section', 'SS', '2017-04-05 23:48:02', '2017-04-05 23:48:02', NULL),
(10, 'another department', 'dept', '2017-04-06 04:17:48', '2017-04-06 04:17:48', NULL);

-- --------------------------------------------------------

--
-- Table structure for table `employee_designations`
--

CREATE TABLE `employee_designations` (
  `id` int(10) UNSIGNED NOT NULL,
  `name` varchar(50) COLLATE utf8mb4_unicode_ci NOT NULL DEFAULT 'Not available',
  `alias` varchar(50) COLLATE utf8mb4_unicode_ci NOT NULL DEFAULT 'Not available',
  `created_at` timestamp NULL DEFAULT NULL,
  `updated_at` timestamp NULL DEFAULT NULL,
  `deleted_at` timestamp NULL DEFAULT NULL
) ENGINE=InnoDB DEFAULT CHARSET=utf8mb4 COLLATE=utf8mb4_unicode_ci;

--
-- Dumping data for table `employee_designations`
--

INSERT INTO `employee_designations` (`id`, `name`, `alias`, `created_at`, `updated_at`, `deleted_at`) VALUES
(1, 'Student Counseler', 'Stu-Coun', '2017-04-05 23:49:38', '2017-04-05 23:49:38', NULL),
(2, 'Driver', 'Driver', '2017-04-05 23:49:50', '2017-04-05 23:49:50', NULL),
(3, 'Warden', 'Warden', '2017-04-05 23:50:09', '2017-04-05 23:50:09', NULL),
(4, 'Librarian', 'Librarian', '2017-04-05 23:50:26', '2017-04-05 23:50:26', NULL),
(5, 'Peon', 'Peon', '2017-04-05 23:50:46', '2017-04-05 23:50:46', NULL),
(6, 'Accountant', 'Accountant', '2017-04-05 23:50:58', '2017-04-05 23:50:58', NULL),
(7, 'Clerk', 'Clerk', '2017-04-05 23:51:10', '2017-04-05 23:51:10', NULL),
(8, 'Professor', 'Professor', '2017-04-05 23:51:20', '2017-04-05 23:51:20', NULL),
(9, 'Principal', 'Principal', '2017-04-05 23:51:35', '2017-04-05 23:51:35', NULL);

-- --------------------------------------------------------

--
-- Table structure for table `employee_guardians`
--

CREATE TABLE `employee_guardians` (
  `id` int(10) UNSIGNED NOT NULL,
  `emp_id` int(10) UNSIGNED NOT NULL DEFAULT '0',
  `title` enum('Mr.','Mrs.','Ms.','Prof.','Dr.') COLLATE utf8mb4_unicode_ci DEFAULT NULL,
  `first_name` varchar(255) COLLATE utf8mb4_unicode_ci NOT NULL DEFAULT 'Not Available',
  `last_name` varchar(255) COLLATE utf8mb4_unicode_ci NOT NULL DEFAULT 'Not Available',
  `email` varchar(255) COLLATE utf8mb4_unicode_ci NOT NULL DEFAULT 'Not Available',
  `mobile` varchar(20) COLLATE utf8mb4_unicode_ci NOT NULL DEFAULT 'Not Available',
  `phone` varchar(20) COLLATE utf8mb4_unicode_ci NOT NULL DEFAULT 'Not Available',
  `relation` varchar(255) COLLATE utf8mb4_unicode_ci NOT NULL DEFAULT 'Not Available',
  `income` varchar(255) COLLATE utf8mb4_unicode_ci NOT NULL DEFAULT 'Not Available',
  `qualification` varchar(255) COLLATE utf8mb4_unicode_ci NOT NULL DEFAULT 'Not Available',
  `occupation` varchar(255) COLLATE utf8mb4_unicode_ci NOT NULL DEFAULT 'Not Available',
  `home_address` varchar(255) COLLATE utf8mb4_unicode_ci NOT NULL DEFAULT 'Not Available',
  `office_address` varchar(255) COLLATE utf8mb4_unicode_ci NOT NULL DEFAULT 'Not Available',
  `is_emergency` tinyint(1) NOT NULL DEFAULT '0',
  `created_at` timestamp NULL DEFAULT NULL,
  `updated_at` timestamp NULL DEFAULT NULL,
  `deleted_at` timestamp NULL DEFAULT NULL
) ENGINE=InnoDB DEFAULT CHARSET=utf8mb4 COLLATE=utf8mb4_unicode_ci;

-- --------------------------------------------------------

--
-- Table structure for table `employee_informations`
--

CREATE TABLE `employee_informations` (
  `id` int(10) UNSIGNED NOT NULL,
  `user_id` int(10) UNSIGNED NOT NULL DEFAULT '0',
  `title` enum('Mr.','Mrs.','Ms.','Prof.','Dr.') COLLATE utf8mb4_unicode_ci DEFAULT NULL,
  `first_name` varchar(255) COLLATE utf8mb4_unicode_ci NOT NULL DEFAULT 'Not avaliable',
  `middle_name` varchar(255) COLLATE utf8mb4_unicode_ci NOT NULL DEFAULT 'Not avaliable',
  `last_name` varchar(255) COLLATE utf8mb4_unicode_ci NOT NULL DEFAULT 'Not avaliable',
  `alias` varchar(255) COLLATE utf8mb4_unicode_ci NOT NULL DEFAULT 'Not avaliable',
  `gender` enum('Male','Female') COLLATE utf8mb4_unicode_ci NOT NULL,
  `dob` date DEFAULT NULL,
  `doj` date DEFAULT NULL,
  `department` int(10) UNSIGNED NOT NULL DEFAULT '0',
  `designation` int(10) UNSIGNED NOT NULL DEFAULT '0',
  `category` int(10) UNSIGNED DEFAULT NULL,
  `email` varchar(255) COLLATE utf8mb4_unicode_ci NOT NULL DEFAULT 'Not avaliable',
  `phone` varchar(255) COLLATE utf8mb4_unicode_ci NOT NULL DEFAULT 'Not avaliable',
  `blood_group` enum('Unknown','A+','A-','B+','B-','AB+','AB-','O+','O-') COLLATE utf8mb4_unicode_ci NOT NULL DEFAULT 'Unknown',
  `birth_place` varchar(255) COLLATE utf8mb4_unicode_ci NOT NULL DEFAULT 'Not avaliable',
  `religion` int(10) UNSIGNED DEFAULT NULL,
  `marital_status` enum('MARRIED','UNMARRIED','DIVORCED') COLLATE utf8mb4_unicode_ci DEFAULT NULL,
  `nationality` int(10) UNSIGNED DEFAULT NULL,
  `experience_year` int(10) UNSIGNED NOT NULL DEFAULT '0',
  `experience_month` int(10) UNSIGNED NOT NULL DEFAULT '0',
  `created_at` timestamp NULL DEFAULT NULL,
  `updated_at` timestamp NULL DEFAULT NULL,
  `deleted_at` timestamp NULL DEFAULT NULL
) ENGINE=InnoDB DEFAULT CHARSET=utf8mb4 COLLATE=utf8mb4_unicode_ci;

--
-- Dumping data for table `employee_informations`
--

INSERT INTO `employee_informations` (`id`, `user_id`, `title`, `first_name`, `middle_name`, `last_name`, `alias`, `gender`, `dob`, `doj`, `department`, `designation`, `category`, `email`, `phone`, `blood_group`, `birth_place`, `religion`, `marital_status`, `nationality`, `experience_year`, `experience_month`, `created_at`, `updated_at`, `deleted_at`) VALUES
(1, 8, 'Mr.', 'Md', 'Nasir', 'Uddin', 'Nasir', 'Male', '2017-07-14', '2017-07-08', 5, 8, 1, 'nasir@gmail.com', '01733869659', 'Unknown', 'Not avaliable', 1, 'MARRIED', 2, 5, 11, '2017-07-24 01:22:53', '2017-08-16 02:09:50', NULL),
(2, 9, 'Mr.', 'Md', 'Iftekhar', 'Uddin', 'iftekhar', 'Male', '2017-08-02', '2017-07-08', 5, 8, 1, 'iftekhar@gmail.com', '01766090110', 'Unknown', 'Not avaliableasdfasd', 1, 'DIVORCED', 2, 5, 11, '2017-07-24 01:23:27', '2017-08-20 05:40:06', NULL),
(3, 10, 'Mr.', 'Md', 'Amirul', 'Islam', 'amirul', 'Male', '2017-07-14', '2017-07-08', 5, 8, 1, 'amirul@gmail.com', '01717375219', 'Unknown', 'Not avaliable', 1, 'MARRIED', 2, 5, 11, '2017-07-24 01:24:09', '2017-08-16 02:10:24', NULL),
(4, 11, 'Mr.', 'Romesh', 'Chandra', 'Shill', 'rom', 'Male', '2017-07-14', '2017-07-08', 5, 8, 1, 'rom@gmail.com', '01717375219', 'Unknown', 'Not avaliable', 2, 'MARRIED', 2, 5, 11, '2017-07-24 01:24:51', '2017-08-16 02:10:36', NULL),
(5, 17, 'Mr.', 'hr first name', 'hr middle name', 'hr last name', 'hr alias', 'Male', '2017-08-16', '2017-08-18', 4, 6, 1, 'asfasd@asdgfasd.coiad', '234123412123', 'B+', 'Not avaliable', 2, 'MARRIED', 1, 5, 10, '2017-08-16 01:34:04', '2017-08-20 04:09:49', NULL),
(6, 18, 'Mr.', 'asdfasd', 'afsdfasdf', 'asdfasd', 'asdfasd', 'Male', '2017-08-01', '2017-08-04', 5, 9, 1, 'asdfasasfasddf@asdlkf.comd', '23452343333', 'Unknown', 'Not avaliable', 1, 'MARRIED', 1, 4, 11, '2017-08-16 01:53:36', '2017-08-16 04:56:23', NULL),
(7, 19, 'Mr.', 'Md', 'Amirul', 'Islam', 'amirul', 'Male', '1991-12-31', '2009-01-01', 10, 6, 1, 'mdamirul@gmail.com', '00000000000', 'Unknown', 'Not avaliable', 1, 'MARRIED', 1, 0, 0, '2017-08-17 04:15:34', '2017-08-17 04:28:38', NULL),
(8, 20, 'Mr.', 'Romesh', 'chandra', 'shill', 'chandra', 'Male', '1991-12-31', '2009-01-01', 10, 6, 1, 'romeshshill.bd@gmail.com', '0', 'Unknown', 'Not avaliable', 0, 'MARRIED', 1, 0, 0, '2017-08-17 04:15:34', '2017-08-17 04:15:34', NULL),
(9, 21, 'Mr.', 'asdf', 'Amirul asdfa', 'Islamfdsfa', 'amirul asdfa', 'Male', '1991-12-31', '2009-01-01', 8, 6, 1, 'ddmdamirul@gmail.com', '0', 'Unknown', 'Not avaliable', 0, 'MARRIED', 1, 0, 0, '2017-08-17 04:19:24', '2017-08-17 04:19:24', NULL),
(10, 22, 'Mrs.', 'Romesh', 'chandra', 'shilldsfa', 'chandra', 'Female', '1991-12-31', '2009-01-01', 10, 7, 1, 'ddromeshshill.bd@gmail.com', '0', 'Unknown', 'Not avaliable', 0, 'MARRIED', 1, 0, 0, '2017-08-17 04:19:24', '2017-08-17 04:19:24', NULL),
(11, 23, 'Mrs.', 'AKM', 'Amirul', 'asdfdsf', 'amirul', 'Male', '1991-12-31', '2009-01-01', 6, 6, 0, 'akmislam@gmail.comd', '04444444444', 'Unknown', 'Not avaliable', 2, 'MARRIED', 1, 0, 0, '2017-08-17 04:19:24', '2017-08-17 05:06:15', NULL),
(12, 24, 'Mr.', 'asdf', 'Amirul asdfa', 'Islamfdsfa', 'amirul asdfa', 'Male', '1991-12-31', '2009-01-01', 10, 6, 1, 'sadmdamirul@gmail.com', '0', 'Unknown', 'Not avaliable', 0, 'MARRIED', 1, 0, 0, '2017-08-17 04:29:59', '2017-08-17 04:29:59', NULL),
(13, 25, 'Mr.', 'Romesh', 'chandra', 'shilldsfa', 'chandra', 'Male', '1991-12-31', '2009-01-01', 10, 7, 1, 'sadddromeshshill.bd@gmail.com', '0', 'Unknown', 'Not avaliable', 0, 'MARRIED', 1, 0, 0, '2017-08-17 04:29:59', '2017-08-17 04:29:59', NULL),
(14, 26, 'Mr.', 'AKM', 'Amirul', 'asdfdsf', 'amirul', 'Male', '1991-12-31', '2009-01-01', 10, 6, 1, 'sdfasakmislam@gmail.comd', '23452343333', 'Unknown', 'Not avaliable', 1, 'MARRIED', 1, 0, 0, '2017-08-17 04:29:59', '2017-08-17 05:05:38', NULL),
(15, 27, 'Mr.', 'asdf', 'Amirul asdfa', 'Islamfdsfa', 'amirul asdfa', 'Male', '1991-12-31', '2009-01-01', 8, 6, 0, 'asdasldnf@asdljkf.com', '0', 'Unknown', 'Not avaliable', NULL, NULL, 1, 0, 0, '2017-08-17 05:09:59', '2017-08-17 05:09:59', NULL),
(16, 28, 'Mr.', 'Romesh', 'chandra', 'shilldsfa', 'chandra', 'Male', '1991-12-31', '2009-01-01', 8, 6, 1, 'asdasldndsdf@assdljkf.com', '0', 'Unknown', 'Not avaliable', NULL, NULL, 1, 0, 0, '2017-08-17 05:09:59', '2017-08-17 05:09:59', NULL),
(17, 29, 'Mr.', 'AKM', 'Amirul', 'asdfdsf', 'amirul', 'Male', '1991-12-31', '2009-01-01', 8, 6, 1, 'asdassslsadnf@aassdljkf.coma', '0', 'Unknown', 'Not avaliable', NULL, NULL, 1, 0, 0, '2017-08-17 05:09:59', '2017-08-17 05:09:59', NULL),
(18, 30, 'Mr.', 'asdf', 'Amirul asdfa', 'Islamfdsfa', 'amirul asdfa', 'Male', '1991-12-31', '2009-01-01', 10, 6, 1, 'asdasldnf@asdljkf.com', '0', 'Unknown', 'Not avaliable', NULL, NULL, 1, 0, 0, '2017-08-17 05:13:33', '2017-08-17 05:13:33', NULL),
(19, 31, 'Mr.', 'Romesh', 'chandra', 'shilldsfa', 'chandra', 'Male', '1991-12-31', '2009-01-01', 10, 6, 1, 'asdasldndsdf@assdljkf.com', '0', 'Unknown', 'Not avaliable', NULL, NULL, 1, 0, 0, '2017-08-17 05:13:33', '2017-08-17 05:13:33', NULL),
(20, 32, 'Mr.', 'AKM', 'Amirul', 'asdfdsf', 'amirul', 'Male', '1991-12-31', '2009-01-01', 10, 6, 1, 'asdassslsadnf@aassdljkf.coma', '0', 'Unknown', 'Not avaliable', NULL, NULL, 1, 0, 0, '2017-08-17 05:13:33', '2017-08-17 05:13:33', NULL),
(21, 33, 'Mr.', 'asdf', 'Amirul asdfa', 'Islamfdsfa', 'amirul asdfa', 'Male', '1991-12-31', '2009-01-01', 10, 6, 1, 'ghfgasdasldnf@asdljkf.com', '0', 'Unknown', 'Not avaliable', NULL, NULL, 1, 0, 0, '2017-08-17 05:15:26', '2017-08-17 05:15:26', NULL),
(22, 34, 'Mr.', 'Romesh', 'chandra', 'shilldsfa', 'chandra', 'Male', '1991-12-31', '2009-01-01', 10, 6, 1, 'asdasdfghldndsdf@assdljkf.com', '0', 'Unknown', 'Not avaliable', NULL, NULL, 6, 0, 0, '2017-08-17 05:15:26', '2017-08-17 05:15:26', NULL),
(23, 35, 'Mr.', 'AKM', 'Amirul', 'asdfdsf', 'amirul', 'Male', '1991-12-31', '2009-01-01', 10, 6, 1, 'asdsdfgsdadfgdssslsadnf@aassdljkf.coma', '01717375219', 'Unknown', 'Not avaliable', 2, NULL, 6, 0, 0, '2017-08-17 05:15:26', '2017-08-20 04:01:08', NULL),
(24, 46, 'Mr.', 'First Name', 'Middle Name', 'Last Name', 'middle name', 'Male', '1991-12-31', '2009-01-01', 8, 6, 1, 'adfaexample@email.com', '01717375219', 'Unknown', 'Not avaliable', 1, NULL, 1, 0, 0, '2017-08-20 04:52:54', '2017-08-20 05:27:46', NULL);

-- --------------------------------------------------------

--
-- Table structure for table `employee_leave_entitlements`
--

CREATE TABLE `employee_leave_entitlements` (
  `id` int(10) UNSIGNED NOT NULL,
  `category` int(11) DEFAULT NULL,
  `employee` int(11) DEFAULT NULL,
  `department` int(11) DEFAULT NULL,
  `structure` int(11) DEFAULT NULL,
  `created_at` timestamp NULL DEFAULT NULL,
  `updated_at` timestamp NULL DEFAULT NULL,
  `deleted_at` timestamp NULL DEFAULT NULL
) ENGINE=InnoDB DEFAULT CHARSET=utf8mb4 COLLATE=utf8mb4_unicode_ci;

-- --------------------------------------------------------

--
-- Table structure for table `employee_leave_structures`
--

CREATE TABLE `employee_leave_structures` (
  `id` int(10) UNSIGNED NOT NULL,
  `name` varchar(255) COLLATE utf8mb4_unicode_ci NOT NULL DEFAULT 'not set',
  `start_date` date NOT NULL,
  `end_date` date NOT NULL,
  `status` tinyint(1) NOT NULL DEFAULT '0',
  `parent` int(10) NOT NULL DEFAULT '0',
  `created_at` timestamp NULL DEFAULT NULL,
  `updated_at` timestamp NULL DEFAULT NULL,
  `deleted_at` timestamp NULL DEFAULT NULL
) ENGINE=InnoDB DEFAULT CHARSET=utf8mb4 COLLATE=utf8mb4_unicode_ci;

--
-- Dumping data for table `employee_leave_structures`
--

INSERT INTO `employee_leave_structures` (`id`, `name`, `start_date`, `end_date`, `status`, `parent`, `created_at`, `updated_at`, `deleted_at`) VALUES
(1, 'structure 01', '2017-05-01', '2017-05-02', 1, 0, '2017-05-09 04:32:01', '2017-05-09 04:33:09', NULL),
(2, 'structure 02', '2017-05-01', '2017-05-02', 0, 0, '2017-05-09 04:32:15', '2017-05-09 04:32:15', NULL),
(3, 'structure 01 Extended-1', '2017-05-01', '2017-05-02', 0, 1, '2017-05-09 04:33:46', '2017-05-09 04:33:46', NULL),
(4, 'Extended-2', '2017-05-01', '2017-05-02', 0, 1, '2017-05-09 04:37:48', '2017-05-09 04:37:48', NULL);

-- --------------------------------------------------------

--
-- Table structure for table `employee_leave_structure_type`
--

CREATE TABLE `employee_leave_structure_type` (
  `id` int(10) UNSIGNED NOT NULL,
  `structure_id` int(10) UNSIGNED NOT NULL DEFAULT '0',
  `type_id` int(10) UNSIGNED NOT NULL DEFAULT '0',
  `leave_days` int(10) UNSIGNED NOT NULL DEFAULT '0',
  `parent` int(10) UNSIGNED NOT NULL DEFAULT '0',
  `created_at` timestamp NULL DEFAULT NULL,
  `updated_at` timestamp NULL DEFAULT NULL,
  `deleted_at` timestamp NULL DEFAULT NULL
) ENGINE=InnoDB DEFAULT CHARSET=utf8mb4 COLLATE=utf8mb4_unicode_ci;

--
-- Dumping data for table `employee_leave_structure_type`
--

INSERT INTO `employee_leave_structure_type` (`id`, `structure_id`, `type_id`, `leave_days`, `parent`, `created_at`, `updated_at`, `deleted_at`) VALUES
(1, 1, 2, 11, 0, '2017-05-09 04:32:42', '2017-05-09 04:32:42', NULL),
(2, 1, 3, 12, 0, '2017-05-09 04:32:42', '2017-05-09 04:32:42', NULL),
(3, 1, 1, 13, 0, '2017-05-09 04:32:42', '2017-05-09 04:32:42', NULL),
(4, 3, 2, 11, 0, '2017-05-09 04:33:46', '2017-05-09 04:33:46', NULL),
(5, 3, 3, 12, 0, '2017-05-09 04:33:47', '2017-05-09 04:33:47', NULL),
(6, 3, 1, 13, 0, '2017-05-09 04:33:47', '2017-05-09 04:33:47', NULL),
(7, 4, 2, 112, 0, '2017-05-09 04:37:48', '2017-05-09 04:37:48', NULL),
(8, 4, 3, 122, 0, '2017-05-09 04:37:48', '2017-05-09 04:37:48', NULL),
(9, 4, 1, 132, 0, '2017-05-09 04:37:48', '2017-05-09 04:37:48', NULL);

-- --------------------------------------------------------

--
-- Table structure for table `employee_leave_types`
--

CREATE TABLE `employee_leave_types` (
  `id` int(10) UNSIGNED NOT NULL,
  `name` varchar(255) COLLATE utf8mb4_unicode_ci NOT NULL DEFAULT 'not set',
  `details` varchar(255) COLLATE utf8mb4_unicode_ci NOT NULL DEFAULT 'not set',
  `proportinate_on_joined_date` tinyint(1) NOT NULL,
  `carray_forward` tinyint(1) NOT NULL DEFAULT '0',
  `percentage_of_cf` int(10) UNSIGNED NOT NULL DEFAULT '0',
  `max_cf_amount` int(10) UNSIGNED NOT NULL DEFAULT '0',
  `cf_availability_period` int(10) UNSIGNED NOT NULL DEFAULT '0',
  `created_at` timestamp NULL DEFAULT NULL,
  `updated_at` timestamp NULL DEFAULT NULL,
  `deleted_at` timestamp NULL DEFAULT NULL
) ENGINE=InnoDB DEFAULT CHARSET=utf8mb4 COLLATE=utf8mb4_unicode_ci;

--
-- Dumping data for table `employee_leave_types`
--

INSERT INTO `employee_leave_types` (`id`, `name`, `details`, `proportinate_on_joined_date`, `carray_forward`, `percentage_of_cf`, `max_cf_amount`, `cf_availability_period`, `created_at`, `updated_at`, `deleted_at`) VALUES
(1, 'sick', 'sdfasdfas', 1, 0, 20, 100, 1, '2017-05-06 05:18:18', '2017-05-07 04:14:27', NULL),
(2, 'casual', 'adfadfa', 1, 1, 30, 2452, 6, '2017-05-06 23:42:34', '2017-05-06 23:42:34', NULL),
(3, 'personal', 'asd', 1, 0, 30, 2345, 3, '2017-05-07 05:36:01', '2017-05-07 05:36:01', NULL);

-- --------------------------------------------------------

--
-- Table structure for table `fees`
--

CREATE TABLE `fees` (
  `id` int(10) UNSIGNED NOT NULL,
  `fee_name` varchar(255) COLLATE utf8mb4_unicode_ci NOT NULL DEFAULT 'Not Available',
  `due_date` date NOT NULL,
  `fee_type` int(11) NOT NULL,
  `description` varchar(255) COLLATE utf8mb4_unicode_ci NOT NULL DEFAULT 'Not Available',
  `fee_status` varchar(255) COLLATE utf8mb4_unicode_ci NOT NULL DEFAULT 'Not Available',
  `partial_allowed` varchar(255) COLLATE utf8mb4_unicode_ci NOT NULL DEFAULT 'Not Available',
  `created_at` timestamp NULL DEFAULT NULL,
  `updated_at` timestamp NULL DEFAULT NULL,
  `created_by` int(11) DEFAULT NULL,
  `updated_by` int(11) DEFAULT NULL,
  `deleted_at` timestamp NULL DEFAULT NULL
) ENGINE=InnoDB DEFAULT CHARSET=utf8mb4 COLLATE=utf8mb4_unicode_ci;

--
-- Dumping data for table `fees`
--

INSERT INTO `fees` (`id`, `fee_name`, `due_date`, `fee_type`, `description`, `fee_status`, `partial_allowed`, `created_at`, `updated_at`, `created_by`, `updated_by`, `deleted_at`) VALUES
(1, 'ewrwer', '2017-08-09', 1, 'werwer', '0', 'Not Available', '2017-08-15 23:56:10', '2017-08-15 23:56:10', NULL, NULL, NULL),
(2, 'First Fees Template', '2017-09-21', 1, 'sdfaasdf', '0', 'Not Available', '2017-09-21 03:16:21', '2017-09-21 03:16:21', NULL, NULL, NULL),
(3, 'Gopala Fees', '2017-09-21', 1, 'sdaffads', '1', 'Not Available', '2017-09-21 03:36:31', '2017-09-21 03:36:31', NULL, NULL, NULL),
(4, 'Tution Fees (September)', '2017-09-21', 1, 'dsfasdfd', '0', 'Not Available', '2017-09-23 00:05:49', '2017-09-23 00:05:49', NULL, NULL, NULL),
(5, 'Tution Fees (September)', '2017-09-30', 1, 'sdfdsfsadf', '0', 'Not Available', '2017-09-23 00:50:53', '2017-09-23 00:50:53', NULL, NULL, NULL),
(6, 'Tution Fees (September)', '2017-09-22', 1, 'sdfasdf', '0', 'Not Available', '2017-09-23 00:51:58', '2017-09-23 00:51:58', NULL, NULL, NULL),
(7, 'First Fees Template', '2017-09-30', 1, 'sdafsdfs', '0', 'Not Available', '2017-09-23 01:28:08', '2017-09-23 01:28:08', NULL, NULL, NULL),
(8, 'Tution Fees (September)', '2017-09-29', 1, 'sdafsdf', '0', 'Not Available', '2017-09-23 01:33:47', '2017-09-23 01:33:47', NULL, NULL, NULL),
(9, 'Gopala Fees', '2017-09-13', 1, 'sdafdsf', '0', 'Not Available', '2017-09-23 01:44:48', '2017-09-23 01:44:48', NULL, NULL, NULL),
(10, 'First Fees Template', '2017-09-21', 1, 'sdafdsf', '0', 'Not Available', '2017-09-23 01:54:05', '2017-09-23 01:54:05', NULL, NULL, NULL),
(11, 'Tution Fees (September)', '2017-09-29', 1, 'sdfasadfs', '0', 'Not Available', '2017-09-23 01:58:42', '2017-09-23 01:58:42', NULL, NULL, NULL),
(12, 'Tution Fees (September)', '2017-09-30', 1, 'sdfasfd', '0', 'Not Available', '2017-09-23 02:03:20', '2017-09-23 02:03:20', NULL, NULL, NULL);

-- --------------------------------------------------------

--
-- Table structure for table `fees_collection`
--

CREATE TABLE `fees_collection` (
  `id` int(10) UNSIGNED NOT NULL,
  `from_date` date NOT NULL,
  `to_date` date NOT NULL,
  `fees_code` varchar(255) COLLATE utf8mb4_unicode_ci NOT NULL,
  `amount` double(8,2) NOT NULL,
  `company_id` int(11) DEFAULT NULL,
  `created_at` timestamp NULL DEFAULT NULL,
  `updated_at` timestamp NULL DEFAULT NULL,
  `deleted_at` timestamp NULL DEFAULT NULL
) ENGINE=InnoDB DEFAULT CHARSET=utf8mb4 COLLATE=utf8mb4_unicode_ci;

-- --------------------------------------------------------

--
-- Table structure for table `fees_discount`
--

CREATE TABLE `fees_discount` (
  `id` int(10) UNSIGNED NOT NULL,
  `fees_id` int(11) NOT NULL,
  `discount_name` varchar(255) COLLATE utf8mb4_unicode_ci NOT NULL,
  `discount_percent` double(15,8) NOT NULL,
  `status` varchar(255) COLLATE utf8mb4_unicode_ci DEFAULT NULL,
  `created_at` timestamp NULL DEFAULT NULL,
  `updated_at` timestamp NULL DEFAULT NULL,
  `created_by` int(11) DEFAULT NULL,
  `updated_by` int(11) DEFAULT NULL,
  `deleted_at` timestamp NULL DEFAULT NULL
) ENGINE=InnoDB DEFAULT CHARSET=utf8mb4 COLLATE=utf8mb4_unicode_ci;

--
-- Dumping data for table `fees_discount`
--

INSERT INTO `fees_discount` (`id`, `fees_id`, `discount_name`, `discount_percent`, `status`, `created_at`, `updated_at`, `created_by`, `updated_by`, `deleted_at`) VALUES
(1, 2, 'sdfasdf', 10.00000000, '', '2017-09-21 03:16:21', '2017-09-21 03:16:21', NULL, NULL, NULL),
(2, 3, '40', 40.00000000, '', '2017-09-21 03:36:31', '2017-09-21 03:36:31', NULL, NULL, NULL),
(3, 4, 'sdfasdf', 2.00000000, '', '2017-09-23 00:05:49', '2017-09-23 00:05:49', NULL, NULL, NULL),
(4, 6, 'sdfadsf', 20.00000000, '', '2017-09-23 00:51:58', '2017-09-23 00:51:58', NULL, NULL, NULL),
(5, 7, 'sdfasdf', 10.00000000, '', '2017-09-23 01:28:08', '2017-09-23 01:28:08', NULL, NULL, NULL),
(6, 8, 'sdfasdf', 70.00000000, '', '2017-09-23 01:33:47', '2017-09-23 01:33:47', NULL, NULL, NULL),
(7, 9, 'sdfasdf', 44.00000000, '', '2017-09-23 01:44:48', '2017-09-23 01:44:48', NULL, NULL, NULL),
(8, 10, '500', 10.00000000, '', '2017-09-23 01:54:05', '2017-09-23 01:54:05', NULL, NULL, NULL),
(9, 12, 'sdfsdf', 20.00000000, '', '2017-09-23 02:03:20', '2017-09-23 02:03:20', NULL, NULL, NULL);

-- --------------------------------------------------------

--
-- Table structure for table `fees_invoices`
--

CREATE TABLE `fees_invoices` (
  `id` int(10) UNSIGNED NOT NULL,
  `fees_id` int(11) NOT NULL,
  `payer_id` int(11) NOT NULL,
  `payer_type` int(11) DEFAULT NULL,
  `payer_status` varchar(255) COLLATE utf8mb4_unicode_ci DEFAULT NULL,
  `inform_status` varchar(255) COLLATE utf8mb4_unicode_ci DEFAULT NULL,
  `invoice_status` varchar(255) COLLATE utf8mb4_unicode_ci DEFAULT NULL,
  `created_at` timestamp NULL DEFAULT NULL,
  `updated_at` timestamp NULL DEFAULT NULL,
  `created_by` int(11) DEFAULT NULL,
  `updated_by` int(11) DEFAULT NULL,
  `deleted_at` timestamp NULL DEFAULT NULL
) ENGINE=InnoDB DEFAULT CHARSET=utf8mb4 COLLATE=utf8mb4_unicode_ci;

--
-- Dumping data for table `fees_invoices`
--

INSERT INTO `fees_invoices` (`id`, `fees_id`, `payer_id`, `payer_type`, `payer_status`, `inform_status`, `invoice_status`, `created_at`, `updated_at`, `created_by`, `updated_by`, `deleted_at`) VALUES
(1, 1, 1, 1, NULL, NULL, '2', '2017-08-15 23:56:59', '2017-08-15 23:56:59', NULL, NULL, NULL),
(2, 2, 1, 1, NULL, NULL, '2', '2017-09-21 03:16:49', '2017-09-21 03:16:49', NULL, NULL, NULL),
(3, 2, 22, 1, NULL, NULL, '1', '2017-09-21 03:16:56', '2017-09-21 03:40:47', NULL, NULL, NULL),
(4, 4, 1, 1, NULL, NULL, '1', '2017-09-23 00:05:57', '2017-09-23 00:44:24', NULL, NULL, NULL),
(5, 4, 22, 1, NULL, NULL, '1', '2017-09-23 00:06:03', '2017-09-23 01:43:38', NULL, NULL, NULL),
(6, 5, 1, 1, NULL, NULL, '1', '2017-09-23 00:51:01', '2017-09-23 01:32:38', NULL, NULL, NULL),
(7, 6, 1, 1, NULL, NULL, '1', '2017-09-23 00:52:07', '2017-09-23 00:52:54', NULL, NULL, NULL),
(8, 7, 40, 1, NULL, NULL, '1', '2017-09-23 01:28:23', '2017-09-23 01:28:50', NULL, NULL, NULL),
(9, 8, 40, 1, NULL, NULL, '1', '2017-09-23 01:34:06', '2017-09-23 01:34:39', NULL, NULL, NULL),
(10, 9, 1, 1, NULL, NULL, '1', '2017-09-23 01:44:56', '2017-09-23 01:45:27', NULL, NULL, NULL),
(11, 9, 40, 1, NULL, NULL, '1', '2017-09-23 01:45:01', '2017-09-23 01:48:46', NULL, NULL, NULL),
(12, 10, 40, 1, NULL, NULL, '1', '2017-09-23 01:54:16', '2017-09-23 01:55:39', NULL, NULL, NULL),
(13, 10, 1, 1, NULL, NULL, '1', '2017-09-23 01:54:21', '2017-09-23 01:54:38', NULL, NULL, NULL),
(14, 11, 40, 1, NULL, NULL, '1', '2017-09-23 01:58:52', '2017-09-23 02:02:21', NULL, NULL, NULL),
(15, 11, 1, 1, NULL, NULL, '1', '2017-09-23 01:58:56', '2017-09-23 02:00:33', NULL, NULL, NULL),
(16, 11, 22, 1, NULL, NULL, '1', '2017-09-23 01:59:00', '2017-09-23 01:59:28', NULL, NULL, NULL),
(17, 12, 40, 1, NULL, NULL, '1', '2017-09-23 02:03:28', '2017-09-23 02:04:45', NULL, NULL, NULL);

-- --------------------------------------------------------

--
-- Table structure for table `fees_item`
--

CREATE TABLE `fees_item` (
  `id` int(10) UNSIGNED NOT NULL,
  `fees_id` int(11) NOT NULL,
  `item_name` varchar(255) COLLATE utf8mb4_unicode_ci NOT NULL DEFAULT 'Not Available',
  `rate` double(15,8) NOT NULL,
  `qty` int(11) NOT NULL,
  `status` varchar(255) COLLATE utf8mb4_unicode_ci NOT NULL DEFAULT 'Not Available',
  `created_at` timestamp NULL DEFAULT NULL,
  `updated_at` timestamp NULL DEFAULT NULL,
  `created_by` int(11) DEFAULT NULL,
  `updated_by` int(11) DEFAULT NULL,
  `deleted_at` timestamp NULL DEFAULT NULL
) ENGINE=InnoDB DEFAULT CHARSET=utf8mb4 COLLATE=utf8mb4_unicode_ci;

--
-- Dumping data for table `fees_item`
--

INSERT INTO `fees_item` (`id`, `fees_id`, `item_name`, `rate`, `qty`, `status`, `created_at`, `updated_at`, `created_by`, `updated_by`, `deleted_at`) VALUES
(1, 1, 'ewrwer', 222.00000000, 1, '', '2017-08-15 23:56:10', '2017-08-15 23:56:10', NULL, NULL, NULL),
(2, 1, 'asdasdad', 121.00000000, 1, '', '2017-08-15 23:56:10', '2017-08-15 23:56:10', NULL, NULL, NULL),
(3, 2, 'Item One', 500.00000000, 1, '', '2017-09-21 03:16:21', '2017-09-21 03:16:21', NULL, NULL, NULL),
(4, 3, 'Firest Item', 444.00000000, 4, '', '2017-09-21 03:36:31', '2017-09-21 03:36:31', NULL, NULL, NULL),
(5, 4, 'Fees', 600.00000000, 1, '', '2017-09-23 00:05:49', '2017-09-23 00:05:49', NULL, NULL, NULL),
(6, 5, 'Item One', 500.00000000, 4, '', '2017-09-23 00:50:53', '2017-09-23 00:50:53', NULL, NULL, NULL),
(7, 6, 'Item One', 2000.00000000, 1, '', '2017-09-23 00:51:58', '2017-09-23 00:51:58', NULL, NULL, NULL),
(8, 7, 'Item One', 400.00000000, 1, '', '2017-09-23 01:28:08', '2017-09-23 01:28:08', NULL, NULL, NULL),
(9, 8, 'Fees', 444.00000000, 11, '', '2017-09-23 01:33:47', '2017-09-23 01:33:47', NULL, NULL, NULL),
(10, 9, 'Item z', 5558.00000000, 1, '', '2017-09-23 01:44:48', '2017-09-23 01:44:48', NULL, NULL, NULL),
(11, 10, 'Item One', 500.00000000, 1, '', '2017-09-23 01:54:05', '2017-09-23 01:54:05', NULL, NULL, NULL),
(12, 11, 'Firest Item', 500.00000000, 2, '', '2017-09-23 01:58:42', '2017-09-23 01:58:42', NULL, NULL, NULL),
(13, 12, 'Item One', 501.00000000, 1, '', '2017-09-23 02:03:20', '2017-09-23 02:03:20', NULL, NULL, NULL);

-- --------------------------------------------------------

--
-- Table structure for table `fee_type`
--

CREATE TABLE `fee_type` (
  `id` int(10) UNSIGNED NOT NULL,
  `fee_type_name` varchar(255) COLLATE utf8mb4_unicode_ci NOT NULL DEFAULT 'Not Available',
  `status` varchar(255) COLLATE utf8mb4_unicode_ci NOT NULL DEFAULT '0',
  `created_at` timestamp NULL DEFAULT NULL,
  `updated_at` timestamp NULL DEFAULT NULL,
  `created_by` int(11) DEFAULT NULL,
  `updated_by` int(11) DEFAULT NULL,
  `deleted_at` timestamp NULL DEFAULT NULL
) ENGINE=InnoDB DEFAULT CHARSET=utf8mb4 COLLATE=utf8mb4_unicode_ci;

--
-- Dumping data for table `fee_type`
--

INSERT INTO `fee_type` (`id`, `fee_type_name`, `status`, `created_at`, `updated_at`, `created_by`, `updated_by`, `deleted_at`) VALUES
(1, 'werwer', '0', '2017-08-15 23:55:44', '2017-08-15 23:55:44', NULL, NULL, NULL);

-- --------------------------------------------------------

--
-- Table structure for table `institute_language`
--

CREATE TABLE `institute_language` (
  `id` int(10) UNSIGNED NOT NULL,
  `institute_id` int(11) NOT NULL,
  `language_id` int(11) NOT NULL,
  `created_at` timestamp NULL DEFAULT NULL,
  `updated_at` timestamp NULL DEFAULT NULL,
  `created_by` int(11) DEFAULT NULL,
  `updated_by` int(11) DEFAULT NULL,
  `deleted_at` timestamp NULL DEFAULT NULL
) ENGINE=InnoDB DEFAULT CHARSET=utf8mb4 COLLATE=utf8mb4_unicode_ci;

-- --------------------------------------------------------

--
-- Table structure for table `invoice_payment`
--

CREATE TABLE `invoice_payment` (
  `id` int(10) UNSIGNED NOT NULL,
  `fees_id` int(11) NOT NULL,
  `invoice_id` int(11) NOT NULL,
  `payment_amount` varchar(255) COLLATE utf8mb4_unicode_ci NOT NULL,
  `extra_payment_amount` double NOT NULL,
  `payment_method_id` int(11) NOT NULL,
  `transaction_id` varchar(255) COLLATE utf8mb4_unicode_ci NOT NULL,
  `payment_date` date NOT NULL,
  `payment_status` varchar(255) COLLATE utf8mb4_unicode_ci DEFAULT NULL,
  `paid_by` varchar(255) COLLATE utf8mb4_unicode_ci DEFAULT NULL,
  `created_at` timestamp NULL DEFAULT NULL,
  `updated_at` timestamp NULL DEFAULT NULL,
  `created_by` int(11) DEFAULT NULL,
  `updated_by` int(11) DEFAULT NULL,
  `deleted_at` timestamp NULL DEFAULT NULL
) ENGINE=InnoDB DEFAULT CHARSET=utf8mb4 COLLATE=utf8mb4_unicode_ci;

--
-- Dumping data for table `invoice_payment`
--

INSERT INTO `invoice_payment` (`id`, `fees_id`, `invoice_id`, `payment_amount`, `extra_payment_amount`, `payment_method_id`, `transaction_id`, `payment_date`, `payment_status`, `paid_by`, `created_at`, `updated_at`, `created_by`, `updated_by`, `deleted_at`) VALUES
(1, 2, 3, '450', 550, 2, '123123123', '2017-09-21', 'paid', 'parents', '2017-09-21 03:40:47', '2017-09-21 03:40:47', NULL, NULL, NULL),
(2, 4, 4, '588', 412, 2, '435325325345', '2017-09-28', 'paid', 'parents', '2017-09-23 00:44:24', '2017-09-23 00:44:24', NULL, NULL, NULL),
(3, 4, 4, '588', 412, 2, '435325325345', '2017-09-28', 'paid', 'parents', '2017-09-23 00:44:32', '2017-09-23 00:44:32', NULL, NULL, NULL),
(4, 4, 4, '588', 412, 2, '435325325345', '2017-09-28', 'paid', 'parents', '2017-09-23 00:48:13', '2017-09-23 00:48:13', NULL, NULL, NULL),
(5, 4, 4, '588', 412, 2, '435325325345', '2017-09-28', 'paid', 'parents', '2017-09-23 00:48:21', '2017-09-23 00:48:21', NULL, NULL, NULL),
(6, 6, 7, '1600', 400, 2, '123123123', '2017-09-23', 'paid', 'student', '2017-09-23 00:52:54', '2017-09-23 00:52:54', NULL, NULL, NULL),
(7, 7, 8, '360', 0, 2, '435325325345', '2017-09-23', 'paid', 'parents', '2017-09-23 01:28:50', '2017-09-23 01:28:50', NULL, NULL, NULL),
(8, 5, 6, '2000', 1000, 2, '435325325345', '2017-09-12', 'paid', 'student', '2017-09-23 01:32:38', '2017-09-23 01:32:38', NULL, NULL, NULL),
(9, 8, 9, '1465.2', 34.799999999999955, 1, '123123123', '2017-09-23', 'paid', 'student', '2017-09-23 01:34:39', '2017-09-23 01:34:39', NULL, NULL, NULL),
(10, 4, 5, '588', 12, 2, '435325325345', '2017-09-23', 'paid', 'parents', '2017-09-23 01:43:38', '2017-09-23 01:43:38', NULL, NULL, NULL),
(11, 4, 5, '588', 12, 2, '435325325345', '2017-09-23', 'paid', 'parents', '2017-09-23 01:43:45', '2017-09-23 01:43:45', NULL, NULL, NULL),
(12, 9, 10, '3112.48', 887.52, 1, '435325325345', '2017-09-23', 'paid', 'parents', '2017-09-23 01:45:27', '2017-09-23 01:45:27', NULL, NULL, NULL),
(13, 9, 11, '3112.48', 1887.52, 2, '435325325345', '2017-09-23', 'paid', 'parents', '2017-09-23 01:48:46', '2017-09-23 01:48:46', NULL, NULL, NULL),
(14, 10, 13, '450', 0, 1, 'sdfasdf', '2017-09-23', 'paid', 'parents', '2017-09-23 01:54:38', '2017-09-23 01:54:38', NULL, NULL, NULL),
(15, 10, 12, '450', 0, 1, '123123123', '2017-09-13', 'paid', 'parents', '2017-09-23 01:55:39', '2017-09-23 01:55:39', NULL, NULL, NULL),
(16, 11, 16, '1000', 4555, 2, 'sdfasdf', '2017-09-12', 'paid', 'parents', '2017-09-23 01:59:28', '2017-09-23 01:59:28', NULL, NULL, NULL),
(17, 11, 16, '1000', 4555, 2, 'sdfasdf', '2017-09-12', 'paid', 'parents', '2017-09-23 01:59:34', '2017-09-23 01:59:34', NULL, NULL, NULL),
(18, 11, 15, '1000', 4555, 1, '435325325345', '2017-09-23', 'paid', 'student', '2017-09-23 02:00:33', '2017-09-23 02:00:33', NULL, NULL, NULL),
(19, 11, 14, '1000', 0, 1, '435325325345', '2017-09-23', 'paid', 'student', '2017-09-23 02:02:20', '2017-09-23 02:02:20', NULL, NULL, NULL),
(20, 12, 17, '400.8', 4599.2, 2, 'sdfasdf', '2017-09-23', 'paid', 'parents', '2017-09-23 02:04:44', '2017-09-23 02:04:44', NULL, NULL, NULL);

-- --------------------------------------------------------

--
-- Table structure for table `issue_book`
--

CREATE TABLE `issue_book` (
  `id` int(10) UNSIGNED NOT NULL,
  `asn_no` varchar(255) COLLATE utf8mb4_unicode_ci NOT NULL,
  `holder_type` int(11) NOT NULL,
  `holder_name` int(11) NOT NULL,
  `issue_date` date NOT NULL,
  `due_date` date NOT NULL,
  `created_by` int(11) DEFAULT NULL,
  `updated_by` int(11) DEFAULT NULL,
  `deleted_at` timestamp NULL DEFAULT NULL,
  `created_at` timestamp NULL DEFAULT NULL,
  `updated_at` timestamp NULL DEFAULT NULL
) ENGINE=InnoDB DEFAULT CHARSET=utf8mb4 COLLATE=utf8mb4_unicode_ci;

-- --------------------------------------------------------

--
-- Table structure for table `jobs`
--

CREATE TABLE `jobs` (
  `id` bigint(20) UNSIGNED NOT NULL,
  `queue` varchar(255) COLLATE utf8mb4_unicode_ci NOT NULL,
  `payload` longtext COLLATE utf8mb4_unicode_ci NOT NULL,
  `attempts` tinyint(3) UNSIGNED NOT NULL,
  `reserved_at` int(10) UNSIGNED DEFAULT NULL,
  `available_at` int(10) UNSIGNED NOT NULL,
  `created_at` int(10) UNSIGNED NOT NULL
) ENGINE=InnoDB DEFAULT CHARSET=utf8mb4 COLLATE=utf8mb4_unicode_ci;

-- --------------------------------------------------------

--
-- Table structure for table `language`
--

CREATE TABLE `language` (
  `id` int(10) UNSIGNED NOT NULL,
  `language_name` varchar(255) COLLATE utf8mb4_unicode_ci NOT NULL,
  `language_slug` varchar(255) COLLATE utf8mb4_unicode_ci NOT NULL,
  `created_at` timestamp NULL DEFAULT NULL,
  `updated_at` timestamp NULL DEFAULT NULL,
  `created_by` int(11) DEFAULT NULL,
  `updated_by` int(11) DEFAULT NULL,
  `deleted_at` timestamp NULL DEFAULT NULL
) ENGINE=InnoDB DEFAULT CHARSET=utf8mb4 COLLATE=utf8mb4_unicode_ci;

--
-- Dumping data for table `language`
--

INSERT INTO `language` (`id`, `language_name`, `language_slug`, `created_at`, `updated_at`, `created_by`, `updated_by`, `deleted_at`) VALUES
(1, 'Bangla', 'bn', '2017-08-06 03:40:26', '2017-09-11 00:39:56', NULL, NULL, NULL),
(2, 'English', 'en', '2017-08-06 03:40:45', '2017-09-11 00:40:07', NULL, NULL, NULL);

-- --------------------------------------------------------

--
-- Table structure for table `migrations`
--

CREATE TABLE `migrations` (
  `id` int(10) UNSIGNED NOT NULL,
  `migration` varchar(255) COLLATE utf8mb4_unicode_ci NOT NULL,
  `batch` int(11) NOT NULL
) ENGINE=InnoDB DEFAULT CHARSET=utf8mb4 COLLATE=utf8mb4_unicode_ci;

--
-- Dumping data for table `migrations`
--

INSERT INTO `migrations` (`id`, `migration`, `batch`) VALUES
(1, '2013_01_12_084934_create_setting_institute_table', 1),
(2, '2013_01_15_044834_create_setting_country_table', 1),
(3, '2013_01_20_060051_create_setting_state_table', 1),
(4, '2014_01_15_061640_create_setting_city_table', 1),
(5, '2014_10_12_000000_create_users_table', 1),
(6, '2014_10_12_100000_create_password_resets_table', 1),
(7, '2017_01_15_090921_create_academics_year_table', 1),
(8, '2017_01_15_093737_create_academics_level_table', 1),
(9, '2017_01_23_102406_create_academics_division_table', 1),
(10, '2017_02_23_062426_create_contents_table', 1),
(11, '2017_02_23_075055_create_addresses_table', 1),
(13, '2017_02_23_110028_crate_student_attachments_table', 1),
(14, '2017_02_26_084005_create_student_subject', 1),
(15, '2017_02_28_065901_create_academicyear_table', 1),
(16, '2017_03_02_065319_create_batch_table', 1),
(18, '2017_03_07_050132_create_section_table', 1),
(19, '2017_03_09_102239_create_student_guardians_table', 1),
(21, '2017_03_14_061025_create_student_extends_table', 1),
(23, '2017_03_15_090306_create_academics_admissionyear_table', 1),
(24, '2017_03_21_053333_create_extends_table', 2),
(25, '2017_03_27_064645_create_employee_designations_table', 2),
(26, '2017_03_27_064659_create_employee_departments_table', 2),
(27, '2017_03_27_064665_create_employee_informations_table', 2),
(28, '2017_03_28_060015_create_employee_attachments_table', 2),
(29, '2017_03_29_060319_create_employee_guardians_table', 2),
(30, '2014_01_15_061640_create_setting_city_table', 1),
(31, '2017_03_14_064152_create_setting_city_table', 1),
(32, '2013_01_15_061640_create_setting_city_table', 3),
(33, '2017_02_23_105859_crate_student_informations_table', 3),
(37, '2017_04_09_050758_create_academics_class_subjects_table', 4),
(38, '2017_04_09_050924_create_academics_class_subject_teachers_table', 4),
(39, '2017_04_11_064408_create_audits_table', 5),
(44, '2017_04_13_054256_academics_grade_categories_table', 6),
(45, '2017_04_13_054315_academics_grade_scales_table', 6),
(46, '2017_04_13_054333_academics_grades_table', 6),
(47, '2017_04_13_054413_academics_grades_details_table', 7),
(48, '2017_03_20_054155_create_room_category_table', 8),
(50, '2017_04_20_094041_create_room_master_table', 8),
(53, '2017_04_14_050833_create_academics_assessments_table', 9),
(59, '2017_04_18_052841_create_academics_attendance_settings_table', 1),
(60, '2017_04_18_052731_create_academics_attendance_types_table', 1),
(61, '2017_04_18_052911_create_academics_attendance_sessions_table', 1),
(62, '2017_04_19_043914_create_academices_student_attendances_table', 10),
(63, '2017_04_19_043937_create_academices_student_attendances_details_table', 11),
(69, '2017_05_06_102854_create_employee_leave_structures_table', 12),
(70, '2017_05_04_114905_create_employee_leave_types_table', 13),
(71, '2017_05_07_050509_create_employee_leave_structure_type_table', 14),
(74, '2017_05_23_052749_create_student_grades_table', 16),
(76, '2017_05_23_052938_create_student_marks_table', 17),
(78, '2017_06_13_075243_create_academics_class_grade_scales_table', 18),
(95, '2017_03_14_064152_create_setting_campus_table', 26),
(103, '2017_05_16_110528_create_academics_module_views', 29),
(107, '2017_07_12_083537_create_language_table', 31),
(108, '2017_07_13_090145_create_institute_language_table', 31),
(109, '2017_07_20_055706_create_sms_institution_getway_table', 31),
(120, '2017_07_04_073825_create_class_period_categories_table', 33),
(121, '2017_07_04_073826_create_class_periods_table', 33),
(122, '2017_07_04_074117_create_class_timetables_table', 33),
(123, '2017_07_04_074158_create_teacher_timetables_table', 33),
(124, '2017_07_17_070757_create_sms_credit_table', 34),
(125, '2017_07_17_110357_create_sms_log_table', 34),
(126, '2017_07_18_044729_create_sms_message_table', 34),
(127, '2017_05_08_090758_create_employee_leave_entitlements_table', 35),
(129, '2017_06_07_090511_create_fees_table', 36),
(130, '2017_06_07_090825_create_frees_item_table', 36),
(131, '2017_06_15_065648_create_fees_invoices_table', 36),
(132, '2017_06_20_050718_create_payment_method_table', 36),
(133, '2017_06_20_061557_create_invoice_payment_table', 36),
(134, '2017_07_06_052909_create_fees_discount_table', 36),
(138, '2017_03_17_075612_create_student_enrollments_table', 38),
(143, '2017_07_24_070120_create_modules_table', 39),
(144, '2017_07_24_070213_create_menus_table', 39),
(145, '2017_07_26_092441_create_institute_modules_table', 39),
(146, '2017_08_01_060457_create_setting_menu_permission_table', 39),
(147, '2017_07_23_065506_entrust_setup_tables', 40),
(149, '2017_08_07_084233_create_academics_year_semesters_table', 41),
(154, '2017_08_03_060844_create_fee_type_table', 43),
(174, '2017_08_08_105332_create_applicant_user_table', 44),
(175, '2017_08_08_105532_create_applicant_information_table', 44),
(177, '2017_08_08_105710_create_applicant_address_table', 44),
(178, '2017_08_09_052831_create_applicant_document_table', 44),
(180, '2017_08_03_094732_creat_notice_table', 45),
(182, '2017_08_13_054202_create__payment_extra_table', 47),
(183, '2017_08_20_045752_create_user_institution_campus', 48),
(184, '2017_03_06_095251_extend_batch_table', 49),
(185, '2017_08_22_093535_create_student_enrollment_history_table', 50),
(186, '2017_08_12_085114_create_applicant_fees_table', 51),
(188, '2017_08_08_105605_create_applicant_enrollment_table', 52),
(190, '2017_08_20_055531_create_setting_inst_prop', 54),
(191, '2017_08_12_102743_create_applicant_exam_settings_table', 55),
(193, '2017_08_28_065007_create_applicant_grades_table', 56),
(194, '2017_08_29_095642_create_applicant_follow_ups_table', 57),
(195, '2017_09_10_073807_create_applicant_results_table', 57),
(196, '2017_08_29_050044_create_book_category_table', 58),
(197, '2017_08_29_060602_create_book_shelf_table', 58),
(198, '2017_08_29_062543_create_cup_board_shelf_table', 58),
(199, '2017_08_29_065128_create_book_vendor_table', 58),
(200, '2017_08_29_071314_create_book_table', 58),
(201, '2017_09_10_101704_create_issue_book_table', 59),
(203, '2017_09_12_121359_create_applicant_merit_batch_table', 60),
(204, '2017_09_16_081627_create_academics_syllabus_table', 61),
(207, '2017_09_17_053840_create_student_parents_table', 62),
(208, '2017_09_18_073335_create_class_section_period_table', 63),
(209, '2017_08_16_050626_create_sms_batch_table', 64),
(210, '2017_09_13_105030_create_sms_status_table', 64),
(211, '2017_09_14_091307_create_sms_template_table', 64),
(212, '2017_09_17_063829_create_auto_sms_module_table', 65),
(213, '2017_09_17_095158_create_auto_sms_settings_table', 65),
(214, '2017_07_11_094824_create_schedule_log', 66),
(215, '2017_08_16_095321_create_jobs_table', 67),
(216, '2017_03_22_101528_create_acc_charts', 68),
(217, '2017_03_29_071603_create_acc_subledger', 68),
(218, '2017_03_30_060309_create_acc_bank', 68),
(219, '2017_03_30_120415_create_acc_voucher_type', 68),
(220, '2017_04_05_101328_create_acc_tran', 68),
(221, '2017_05_23_064633_create_acc_fyear', 68),
(222, '2017_06_07_061233_create_acc_closing_balance', 68),
(223, '2017_09_17_095724_create_acc_fees_collection', 68);

-- --------------------------------------------------------

--
-- Table structure for table `notice`
--

CREATE TABLE `notice` (
  `id` int(10) UNSIGNED NOT NULL,
  `title` varchar(255) COLLATE utf8mb4_unicode_ci NOT NULL,
  `notice_date` date NOT NULL,
  `desc` varchar(255) COLLATE utf8mb4_unicode_ci DEFAULT NULL,
  `user_type` int(11) NOT NULL,
  `notice_file` int(11) NOT NULL,
  `status` int(11) NOT NULL,
  `created_at` timestamp NULL DEFAULT NULL,
  `updated_at` timestamp NULL DEFAULT NULL,
  `created_by` int(11) DEFAULT NULL,
  `updated_by` int(11) DEFAULT NULL,
  `deleted_at` timestamp NULL DEFAULT NULL
) ENGINE=InnoDB DEFAULT CHARSET=utf8mb4 COLLATE=utf8mb4_unicode_ci;

--
-- Dumping data for table `notice`
--

INSERT INTO `notice` (`id`, `title`, `notice_date`, `desc`, `user_type`, `notice_file`, `status`, `created_at`, `updated_at`, `created_by`, `updated_by`, `deleted_at`) VALUES
(1, 'Assignment Submission', '2017-08-24', 'Final date of assignment submission is 20-9-2017', 4, 29, 1, '2017-08-16 00:25:31', '2017-09-11 00:28:01', NULL, NULL, NULL),
(2, 'Student Absent Notice', '2017-08-01', 'This is student absent notice', 2, 32, 1, '2017-08-16 00:40:03', '2017-09-11 00:32:01', NULL, NULL, NULL),
(3, 'Holiday Notice', '2017-09-11', 'This is holiday notice', 1, 22, 1, '2017-09-11 00:12:27', '2017-09-11 00:12:27', NULL, NULL, NULL),
(4, 'Weekly Meeting Notice', '2017-09-11', 'This is weekly notice', 1, 23, 1, '2017-09-11 00:14:12', '2017-09-11 00:14:12', NULL, NULL, NULL),
(5, 'Monthly Meeting Notice', '2017-09-11', 'This is monthly meeting notice', 1, 24, 1, '2017-09-11 00:16:18', '2017-09-11 00:16:18', NULL, NULL, NULL),
(6, 'Annual Sports Notice', '2017-04-02', 'This is annual sports notice', 1, 25, 1, '2017-09-11 00:17:34', '2017-09-11 00:17:34', NULL, NULL, NULL),
(7, 'Final Examination - 2017', '2017-12-01', 'Final Examination Notice', 1, 26, 1, '2017-09-11 00:21:14', '2017-09-11 00:21:14', NULL, NULL, NULL),
(8, 'Monthly Fees Notice', '2017-09-02', 'This is monthly fees notice', 2, 27, 1, '2017-09-11 00:23:13', '2017-09-11 00:23:13', NULL, NULL, NULL),
(9, 'Class Test Notice', '2017-03-14', 'Class test notice', 4, 28, 1, '2017-09-11 00:26:01', '2017-09-11 00:26:01', NULL, NULL, NULL),
(10, 'Monthly Parents Meeting', '2017-03-02', 'This is monthly parents meeting', 2, 33, 1, '2017-09-11 00:33:55', '2017-09-11 00:33:55', NULL, NULL, NULL),
(11, 'Weekly HR Meeting Notice', '2017-09-01', 'This is weekly HR meeting notice', 3, 34, 1, '2017-09-11 00:45:51', '2017-09-11 00:45:51', NULL, NULL, NULL);

-- --------------------------------------------------------

--
-- Table structure for table `password_resets`
--

CREATE TABLE `password_resets` (
  `email` varchar(255) COLLATE utf8mb4_unicode_ci NOT NULL,
  `token` varchar(255) COLLATE utf8mb4_unicode_ci NOT NULL,
  `created_at` timestamp NULL DEFAULT NULL
) ENGINE=InnoDB DEFAULT CHARSET=utf8mb4 COLLATE=utf8mb4_unicode_ci;

-- --------------------------------------------------------

--
-- Table structure for table `payment_extra`
--

CREATE TABLE `payment_extra` (
  `id` int(10) UNSIGNED NOT NULL,
  `student_id` int(11) NOT NULL,
  `extra_amount` double NOT NULL,
  `created_at` timestamp NULL DEFAULT NULL,
  `updated_at` timestamp NULL DEFAULT NULL,
  `created_by` int(11) DEFAULT NULL,
  `updated_by` int(11) DEFAULT NULL,
  `deleted_at` timestamp NULL DEFAULT NULL
) ENGINE=InnoDB DEFAULT CHARSET=utf8mb4 COLLATE=utf8mb4_unicode_ci;

--
-- Dumping data for table `payment_extra`
--

INSERT INTO `payment_extra` (`id`, `student_id`, `extra_amount`, `created_at`, `updated_at`, `created_by`, `updated_by`, `deleted_at`) VALUES
(1, 22, 9684, '2017-09-21 03:40:47', '2017-09-23 01:59:34', NULL, NULL, NULL),
(2, 1, 8490.52, '2017-09-23 00:44:24', '2017-09-23 02:00:33', NULL, NULL, NULL),
(3, 40, 6521.5199999999995, '2017-09-23 01:34:40', '2017-09-23 02:04:45', NULL, NULL, NULL);

-- --------------------------------------------------------

--
-- Table structure for table `payment_method`
--

CREATE TABLE `payment_method` (
  `id` int(10) UNSIGNED NOT NULL,
  `method_name` varchar(255) COLLATE utf8mb4_unicode_ci NOT NULL,
  `created_at` timestamp NULL DEFAULT NULL,
  `updated_at` timestamp NULL DEFAULT NULL,
  `created_by` int(11) DEFAULT NULL,
  `updated_by` int(11) DEFAULT NULL,
  `deleted_at` timestamp NULL DEFAULT NULL
) ENGINE=InnoDB DEFAULT CHARSET=utf8mb4 COLLATE=utf8mb4_unicode_ci;

--
-- Dumping data for table `payment_method`
--

INSERT INTO `payment_method` (`id`, `method_name`, `created_at`, `updated_at`, `created_by`, `updated_by`, `deleted_at`) VALUES
(1, 'Cash', NULL, NULL, NULL, NULL, NULL),
(2, 'Bank', NULL, NULL, NULL, NULL, NULL);

-- --------------------------------------------------------

--
-- Table structure for table `permissions`
--

CREATE TABLE `permissions` (
  `id` int(10) UNSIGNED NOT NULL,
  `name` varchar(255) COLLATE utf8mb4_unicode_ci NOT NULL,
  `module_id` int(10) UNSIGNED NOT NULL DEFAULT '0',
  `sub_module_id` int(10) UNSIGNED NOT NULL DEFAULT '0',
  `display_name` varchar(255) COLLATE utf8mb4_unicode_ci DEFAULT NULL,
  `description` varchar(255) COLLATE utf8mb4_unicode_ci DEFAULT NULL,
  `status` tinyint(1) NOT NULL DEFAULT '1',
  `created_at` timestamp NULL DEFAULT NULL,
  `updated_at` timestamp NULL DEFAULT NULL
) ENGINE=InnoDB DEFAULT CHARSET=utf8mb4 COLLATE=utf8mb4_unicode_ci;

--
-- Dumping data for table `permissions`
--

INSERT INTO `permissions` (`id`, `name`, `module_id`, `sub_module_id`, `display_name`, `description`, `status`, `created_at`, `updated_at`) VALUES
(1, 'manage-academics-module', 1, 0, 'Manage Academics (Module)', 'can manage academics module', 1, '2017-08-05 03:31:35', '2017-08-05 23:18:27'),
(2, 'manage-timetable-management', 1, 0, 'Manage Timetable  Management', 'can manage timetable management', 1, '2017-08-05 03:32:21', '2017-08-06 01:34:04'),
(3, 'manage-std-attendance-management', 1, 0, 'Student Attendance Management', 'can manage student attendance manangement', 1, '2017-08-05 03:33:12', '2017-08-06 01:31:00'),
(4, 'manage-course-management', 1, 0, 'Manage Course Management', 'can manage course management', 1, '2017-08-05 03:34:30', '2017-08-06 01:32:35'),
(5, 'manage-assessment-management', 1, 0, 'Manage Assessment Management', 'can manage assessment management', 1, '2017-08-05 03:35:08', '2017-08-06 01:33:10'),
(6, 'manage-academic-year', 1, 12, 'Manage Academic Year', 'can manage academic year', 1, '2017-08-05 03:44:18', '2017-08-05 10:14:53'),
(7, 'add-academic-year', 1, 12, 'Add Academic Year', 'can add academic year', 1, '2017-08-05 03:45:45', '2017-08-05 03:45:45'),
(8, 'edit-academic-year', 1, 12, 'Edit Academic Year', 'can edit academic year', 1, '2017-08-05 03:46:42', '2017-08-05 03:46:42'),
(9, 'delete-academic-year', 1, 12, 'Delete Academic Year', 'can delete academic year', 1, '2017-08-05 03:47:31', '2017-08-05 03:47:31'),
(10, 'manage-academic-level', 1, 12, 'Manage Academic Level', 'can manage academic level', 1, '2017-08-05 03:57:45', '2017-08-05 04:02:49'),
(11, 'add-academic-level', 1, 12, 'Add Academic Level', 'can add academic level', 1, '2017-08-05 03:58:39', '2017-08-05 03:58:39'),
(12, 'edit-academic-level', 1, 12, 'Edit Academic level', 'can edit academic level', 1, '2017-08-05 03:59:22', '2017-08-05 10:14:48'),
(13, 'delete-academic-level', 1, 12, 'Delete Academic Level', 'can delete academic level', 1, '2017-08-05 04:00:03', '2017-08-05 04:00:03'),
(14, 'manage-batch', 1, 12, 'Manage Batch', 'can manage batch', 1, '2017-08-05 04:04:04', '2017-08-05 04:04:04'),
(15, 'add-batch', 1, 12, 'Add Batch', 'can add batch', 1, '2017-08-05 04:04:33', '2017-08-05 10:15:45'),
(16, 'edit-batch', 1, 12, 'Edit Batch', 'can edit batch', 1, '2017-08-05 04:05:16', '2017-08-05 04:05:16'),
(17, 'delete-batch', 1, 12, 'Delete Batch', 'can delete batch', 1, '2017-08-05 04:08:15', '2017-08-05 04:08:15'),
(18, 'manage-subject', 1, 12, 'Manage Subject', 'can manage subject', 1, '2017-08-05 04:11:13', '2017-08-05 04:11:13'),
(19, 'add-subject', 1, 12, 'Add Subject', 'can add subject', 1, '2017-08-05 04:12:48', '2017-08-05 04:12:48'),
(20, 'edit-subject', 1, 12, 'Edit Subject', 'can edit subject', 1, '2017-08-05 04:14:13', '2017-08-05 04:14:13'),
(21, 'delete-subject', 1, 12, 'Delete Subject', 'can delete subject', 1, '2017-08-05 04:14:44', '2017-08-05 04:14:44'),
(22, 'manage-section', 1, 12, 'Manage Section', 'can manage section', 1, '2017-08-05 04:15:53', '2017-08-05 04:15:53'),
(23, 'add-section', 1, 12, 'Add Section', 'can add section', 1, '2017-08-05 04:16:32', '2017-08-05 04:16:32'),
(24, 'edit-section', 1, 12, 'Edit Section', 'can edit section', 1, '2017-08-05 04:17:56', '2017-08-05 04:17:56'),
(26, 'manage-grade-setup', 1, 14, 'Manage Grade Setup', 'can manage grade setup', 1, '2017-08-05 04:29:28', '2017-08-05 04:34:12'),
(27, 'add-grade-category', 1, 14, 'Add Grade Category', 'can add assessment grade category', 1, '2017-08-05 04:30:25', '2017-08-05 04:33:45'),
(28, 'edit-grade-category', 1, 14, 'Edit Grade Category', 'can edit assessment grade category', 1, '2017-08-05 04:31:24', '2017-08-05 04:31:24'),
(29, 'delete-grade-category', 1, 14, 'Delete Grade Category', 'can delete assessment grade category', 1, '2017-08-05 04:35:15', '2017-08-05 04:35:15'),
(30, 'add-assessment', 1, 14, 'Add Assessment', 'can add new assessment', 1, '2017-08-05 04:37:04', '2017-08-05 04:37:04'),
(31, 'edit-assessment', 1, 14, 'Edit Assessment', 'can edit assessment', 1, '2017-08-05 04:37:57', '2017-08-05 04:37:57'),
(32, 'delete-assessment', 1, 14, 'Delete Assessment', 'can delete assessment', 1, '2017-08-05 04:38:48', '2017-08-05 04:38:48'),
(33, 'manage-report-card', 1, 14, 'Manage Report Card', 'can manage report card', 1, '2017-08-05 04:40:54', '2017-08-05 04:40:54'),
(34, 'download-student-report-card', 1, 14, 'Download Student Report Card', 'can download single student report card', 1, '2017-08-05 04:43:22', '2017-08-05 04:43:22'),
(35, 'manage-grade-book', 1, 14, 'Manage Grade Book', 'can manage grade book', 1, '2017-08-05 04:44:27', '2017-08-05 04:44:27'),
(36, 'export-grade-book', 1, 14, 'Export GradeBook', 'Can export grade book', 1, '2017-08-05 04:46:02', '2017-08-05 04:47:32'),
(37, 'import-grade-book', 1, 14, 'Import GradeBook', 'can import grade book', 1, '2017-08-05 04:47:19', '2017-08-05 04:47:19'),
(38, 'manage-result', 1, 14, 'Manage Result', 'can manage result', 1, '2017-08-05 04:49:59', '2017-08-05 04:49:59'),
(39, 'manage-student-module', 3, 0, 'Manage Student Module', 'Has access to Student module', 1, '2017-08-05 04:58:52', '2017-08-05 05:03:03'),
(40, 'manage-student-management', 3, 0, 'Manage Student Management', 'Has access and can manage student management', 1, '2017-08-05 05:09:16', '2017-08-06 01:22:52'),
(41, 'manage-enquiry-management', 3, 0, 'Manage Enquiry Management', 'Has access and can manage student enquiry management', 1, '2017-08-05 05:11:10', '2017-08-06 01:23:40'),
(42, 'add-student', 3, 17, 'Add Student', 'can add a student', 1, '2017-08-05 05:12:34', '2017-08-05 05:12:34'),
(43, 'edit-student', 3, 17, 'Edit Student', 'can edit a student', 1, '2017-08-05 05:13:18', '2017-08-05 05:13:18'),
(44, 'delete-student', 3, 17, 'Delete Student', 'can delete a student', 1, '2017-08-05 05:14:05', '2017-08-05 05:14:05'),
(45, 'import-student', 3, 17, 'Import Student', 'can import student', 1, '2017-08-05 05:14:59', '2017-08-05 05:14:59'),
(46, 'promote-student', 3, 17, 'Promote Student', 'can promote a student', 1, '2017-08-05 05:15:58', '2017-08-05 05:15:58'),
(47, 'delete-section', 1, 12, 'Delete Section', 'can delete section', 1, '2017-08-05 09:59:17', '2017-08-05 09:59:17'),
(48, 'manage-setting-module', 10, 0, 'Manage Settiing(Module)', 'can manage setting module', 1, '2017-08-05 23:54:01', '2017-08-05 23:54:01'),
(49, 'manage-configure-sub-module', 10, 0, 'Manage Configure (Sub Module)', 'can manage configure sub module', 1, '2017-08-06 00:03:40', '2017-08-06 00:03:50'),
(50, 'manage-sms-sub-module', 10, 0, 'Manage SMS (Sub Module)', 'can manage sms sub module', 1, '2017-08-06 00:04:57', '2017-08-06 00:04:57'),
(51, 'manage-users-sub-module', 10, 0, 'Manage Users (Sub Module)', 'can manage users sub module', 1, '2017-08-06 00:06:15', '2017-08-06 00:06:15'),
(52, 'manage-user-rights-sub-module', 10, 0, 'Manage User Rights (Sub Module)', 'can manage user rights sub module', 1, '2017-08-06 00:08:28', '2017-08-06 00:08:28'),
(53, 'manage-additional-sub-module', 10, 0, 'Manage Additional (Sub Module)', 'can manage additional sub module', 1, '2017-08-06 00:09:45', '2017-08-06 00:09:45'),
(54, 'manage-country', 10, 29, 'Manage Country (Menu)', 'can manage country', 1, '2017-08-06 00:12:50', '2017-08-06 00:15:17'),
(55, 'manage-state', 10, 29, 'Manage State (Menu)', 'can manage state', 1, '2017-08-06 00:14:08', '2017-08-06 00:15:22'),
(56, 'manage-city', 10, 29, 'Manage City (Menu)', 'can manage city', 1, '2017-08-06 00:16:20', '2017-08-06 00:16:20'),
(57, 'manage-institue', 10, 29, 'Manage Institute (Menu)', 'can manage institute', 1, '2017-08-06 00:17:22', '2017-08-06 00:17:22'),
(58, 'manange-language', 10, 29, 'Manage Language (Menu)', 'can manage language', 1, '2017-08-06 00:18:23', '2017-08-06 00:18:23'),
(59, 'manage-nationality', 10, 29, 'Manage Nationality (Menu)', 'can manage nationality', 1, '2017-08-06 00:19:04', '2017-08-06 00:19:13'),
(60, 'manage-sms-settings', 10, 30, 'Manage SMS Settings (Menu)', 'can manage sms settings', 1, '2017-08-06 00:20:31', '2017-08-06 00:20:31'),
(61, 'manage-sms-getway', 10, 30, 'Manage SMS Getway (Menu)', 'can manage sms getway', 1, '2017-08-06 00:21:49', '2017-08-06 00:21:49'),
(62, 'manage-roles', 10, 32, 'Manage Roles (Menu)', 'can manage roles', 1, '2017-08-06 00:24:01', '2017-08-06 00:24:01'),
(63, 'manage-permission', 10, 32, 'Manage Permission (Menu)', 'can manage permissions', 1, '2017-08-06 00:24:54', '2017-08-06 00:27:14'),
(64, 'add-role', 10, 32, 'Add Role (Menu)', 'can add role', 1, '2017-08-06 00:25:33', '2017-08-06 00:25:33'),
(65, 'edit-role', 10, 32, 'Edit Role (Menu)', 'can edit role', 1, '2017-08-06 00:26:06', '2017-08-06 00:26:06'),
(66, 'delete-role', 10, 32, 'Delete Role (Menu)', 'can delete role', 1, '2017-08-06 00:27:03', '2017-08-06 00:27:03'),
(67, 'add-permission', 10, 32, 'Add Permission', 'can add permission', 1, '2017-08-06 00:27:55', '2017-08-06 00:27:55'),
(68, 'edit-permission', 10, 32, 'Edit Permission', 'can edit permission', 1, '2017-08-06 00:28:25', '2017-08-06 00:28:25'),
(69, 'delete-permission', 10, 32, 'Delete Permission (Menu)', 'can delete permission', 1, '2017-08-06 00:29:08', '2017-08-06 00:29:08'),
(70, 'manage-hr-module', 2, 0, 'Manage HR (Module)', 'Has access to  human resources (HR) module and routes', 1, '2017-08-06 00:34:54', '2017-08-06 00:47:05'),
(71, 'manage-employee-management', 2, 0, 'Manage Employee Management (Sub Module)', 'can manage employee management sub module and routes', 1, '2017-08-06 00:37:45', '2017-08-06 00:46:56'),
(72, 'manage-employee-congfiguation', 2, 0, 'Manage Employee  Configuration (Sub Module)', 'can manage employee configuration sub module', 1, '2017-08-06 00:40:03', '2017-08-06 00:40:03'),
(73, 'manage-leave-management', 2, 0, 'Manage Leave Management (Sub Module)', 'can manage employee leave management sub module', 1, '2017-08-06 00:42:26', '2017-08-06 00:42:26'),
(74, 'manage-attendance-management', 2, 0, 'Manage Attendance Management (Sub Module))', 'can manage employee attendance sub module', 1, '2017-08-06 00:44:24', '2017-08-06 01:16:37'),
(75, 'manage-payroll', 2, 0, 'Manage Payroll (Sub Module)', 'can manage payroll sub module', 1, '2017-08-06 00:46:04', '2017-08-06 00:46:04'),
(76, 'manage-department', 2, 19, 'Manage Department (Menu)', 'has access to  manage department and its routes', 1, '2017-08-06 00:52:43', '2017-08-06 00:52:43'),
(77, 'add-department', 2, 19, 'Add Department', 'can add department', 1, '2017-08-06 00:54:49', '2017-08-06 00:54:49'),
(78, 'edit-department', 2, 19, 'Edit Department (Menu)', 'has access and can edit department', 1, '2017-08-06 00:56:17', '2017-08-06 00:56:17'),
(79, 'delete-department', 2, 19, 'Delete Department (Menu)', 'has access and can delete department', 1, '2017-08-06 00:57:09', '2017-08-06 00:57:09'),
(80, 'manage-designation', 2, 19, 'Manage Designation (Menu)', 'has access and can manage designtion', 1, '2017-08-06 00:58:12', '2017-08-06 00:58:12'),
(81, 'add-designation', 2, 19, 'Add Designation (Menu)', 'has access and can add designtion', 1, '2017-08-06 00:59:59', '2017-08-06 00:59:59'),
(82, 'edit-designation', 2, 19, 'Edit Designation', 'has access and can edit designtion', 1, '2017-08-06 01:00:37', '2017-08-06 01:00:37'),
(83, 'delete-designation', 2, 19, 'Delete Designation (Menu)', 'has access and can delete designtion', 1, '2017-08-06 01:01:27', '2017-08-06 01:01:27'),
(84, 'manage-employees', 2, 19, 'Manage Employee (Menu)', 'has access and can manage employee', 1, '2017-08-06 01:04:37', '2017-08-06 01:04:37'),
(85, 'add-employee', 2, 19, 'Add Employee (Menu)', 'Has access and can add employee', 1, '2017-08-06 01:05:23', '2017-08-06 01:05:23'),
(86, 'edit-employee', 2, 19, 'Edit Employee (Menu)', 'Has access and can edit employee', 1, '2017-08-06 01:05:55', '2017-08-06 01:05:55'),
(87, 'delete-employee', 2, 19, 'Delete Employee (Menu)', 'Has access and can delete employee', 1, '2017-08-06 01:06:58', '2017-08-06 01:07:34'),
(88, 'import-employee', 2, 19, 'Import Employee (Menu)', 'Has access and can import employee', 1, '2017-08-06 01:09:17', '2017-08-06 01:09:17'),
(89, 'manage-shift-allocation', 2, 19, 'Manage Shift Allocation (Menu)', 'Has access and can allocate shift to the employee', 1, '2017-08-06 01:12:25', '2017-08-06 01:12:45'),
(90, 'manage-employee-settings', 2, 19, 'Manage Employee Settings', 'Has access and can manage employee settings', 1, '2017-08-06 01:13:59', '2017-08-06 01:13:59'),
(91, 'manage-employee-attendance', 2, 22, 'Manange Employee Attendance', 'Has access and can manage employee attendacne', 1, '2017-08-06 01:17:55', '2017-08-06 01:17:55'),
(92, 'take-employee-attendance', 2, 22, 'Take Employee Attendance', 'Has access and can take employee attenadance', 1, '2017-08-06 01:18:56', '2017-08-06 01:18:56'),
(93, 'import-employee-attendance', 2, 22, 'Import Employee Attendance', 'Has access and can import employee attendance', 1, '2017-08-06 01:19:49', '2017-08-06 01:20:05'),
(94, 'manage-student', 3, 17, 'Manage Student', 'has access and can manage student', 1, '2017-08-06 01:24:39', '2017-08-06 01:24:47'),
(95, 'manage-student-attendance', 1, 15, 'Manage Student Attendance', 'has access and can manage student attendance', 1, '2017-08-06 01:35:53', '2017-08-06 01:35:53'),
(96, 'take-student-attendance', 1, 15, 'Take Student Attendance', 'Has access and can take student attenadance', 1, '2017-08-06 01:36:46', '2017-08-06 01:36:52'),
(97, 'import-student-attendance', 1, 15, 'Import Student Attendance', 'Has access and can import student attendance', 1, '2017-08-06 01:38:02', '2017-08-06 01:38:02'),
(98, 'manage-fees-module', 4, 0, 'Manage Fees (Module)', 'Has access to the fees module and routes', 1, '2017-08-06 01:44:44', '2017-08-06 01:47:15'),
(99, 'manage-fees-management', 4, 0, 'Manage Fees Management', 'Has access and can manage fees management', 1, '2017-08-06 01:46:21', '2017-08-06 01:46:21'),
(100, 'manage-fees', 4, 37, 'Manage Fees', 'Has access and manage fees', 1, '2017-08-06 01:48:56', '2017-08-06 01:48:56'),
(101, 'add-fees', 4, 37, 'Add Fees', 'Has access and add fees', 1, '2017-08-06 01:53:36', '2017-08-06 01:53:36'),
(102, 'delete-fees', 4, 37, 'Delete Fees', 'has access and can delete fees', 1, '2017-08-06 01:54:51', '2017-08-06 01:54:51'),
(103, 'manage-payment-transaction', 4, 37, 'Manage Payment Transacation', 'has access and can manage payment transaction', 1, '2017-08-06 01:57:05', '2017-08-06 01:57:05'),
(104, 'invoice-management', 4, 37, 'Invoice Management', 'has access and can manage invoice', 1, '2017-08-06 01:59:13', '2017-08-06 01:59:13'),
(105, 'invoice-generate', 4, 37, 'Invoice Generation', 'has access and generate invoice', 1, '2017-08-06 02:01:23', '2017-08-06 02:01:23'),
(106, 'invoice-cancel', 4, 37, 'Cancel Invoice', 'can cancel a invoice', 1, '2017-08-06 03:03:06', '2017-08-06 03:03:06'),
(107, 'download-result', 1, 14, 'Download Result', 'has access and can download result', 1, '2017-08-06 03:05:46', '2017-08-06 03:05:46'),
(108, 'manage-timetable', 1, 13, 'Manage Timetable', 'has access and can manage timetable', 1, '2017-08-06 03:07:44', '2017-08-06 03:23:19'),
(109, 'manage-timetable-settings', 1, 13, 'Manage Time Settings', 'has access and can manage timetable settings', 1, '2017-08-06 03:09:21', '2017-08-06 03:09:21'),
(110, 'add-period-category', 1, 13, 'Add Timetable Period Category', 'has access and can add timetable period category', 1, '2017-08-06 03:11:44', '2017-08-06 03:11:44'),
(111, 'edit-period-category', 1, 13, 'Edit Timetable period category', 'has access and can edit timetable period category', 1, '2017-08-06 03:13:07', '2017-08-06 03:13:07'),
(112, 'delete-period-category', 1, 13, 'Delete Timetable Period Category', 'has access and can delete timetable period category', 1, '2017-08-06 03:15:22', '2017-08-06 03:15:22'),
(113, 'manage-period', 1, 13, 'Manage Timetable Period', 'hass access and can manage period', 1, '2017-08-06 03:16:57', '2017-08-06 03:16:57'),
(114, 'add-period', 1, 13, 'Add Period', 'has access and can add timetable period', 1, '2017-08-06 03:18:28', '2017-08-06 03:18:28'),
(115, 'edit-period', 1, 13, 'Edit Timetable period', 'has access and can edit timetable period', 1, '2017-08-06 03:19:12', '2017-08-06 03:19:12'),
(116, 'delete-period', 1, 13, 'Delete Timetable Period', 'has access and can delete timetable period', 1, '2017-08-06 03:24:37', '2017-08-06 03:24:37'),
(117, 'manage-parents', 10, 31, 'Manage Parents', 'Has access and can manage parents', 1, '2017-08-06 03:28:30', '2017-08-06 03:28:30'),
(118, 'manage-student-password', 10, 31, 'Manage Student Password', 'has access and can manage student password', 1, '2017-08-06 03:29:35', '2017-08-06 03:29:35'),
(119, 'manage-parent-password', 10, 31, 'Manage Parent Password', 'has access and can manage parent password', 1, '2017-08-06 03:30:42', '2017-08-06 03:30:42'),
(120, 'manage-employee-password', 10, 31, 'Manage Employee Password', 'has access and can manage employee password', 1, '2017-08-06 03:49:54', '2017-08-06 03:49:54'),
(121, 'view-admin-dashboard', 11, 0, 'view-admin-dashboard', 'has access to the admin dashoard', 1, '2017-08-06 04:55:09', '2017-08-06 04:55:39'),
(122, 'view-student-dashboard', 11, 0, 'View Student Dashboard', 'has access to the student dashboaard', 1, '2017-08-06 04:56:32', '2017-08-06 04:56:32'),
(123, 'view-parent-dashboard', 11, 0, 'View Parent Dashboard', 'has access to the parent dashboard', 1, '2017-08-06 04:58:03', '2017-08-06 04:58:03'),
(124, 'view-teacher-dashboard', 11, 0, 'View Teacher Dashboard', 'has access to the teacher dashboard', 1, '2017-08-06 05:00:29', '2017-09-17 06:41:26'),
(125, 'view-hr-dashboard', 11, 0, 'View HR Dashboard', 'has access hr dashoard', 1, '2017-08-06 05:01:57', '2017-08-06 05:01:57');

-- --------------------------------------------------------

--
-- Table structure for table `permission_role`
--

CREATE TABLE `permission_role` (
  `permission_id` int(10) UNSIGNED NOT NULL,
  `role_id` int(10) UNSIGNED NOT NULL
) ENGINE=InnoDB DEFAULT CHARSET=utf8mb4 COLLATE=utf8mb4_unicode_ci;

--
-- Dumping data for table `permission_role`
--

INSERT INTO `permission_role` (`permission_id`, `role_id`) VALUES
(1, 1),
(2, 1),
(3, 1),
(4, 1),
(5, 1),
(6, 1),
(7, 1),
(8, 1),
(9, 1),
(10, 1),
(12, 1),
(13, 1),
(14, 1),
(15, 1),
(16, 1),
(17, 1),
(18, 1),
(19, 1),
(20, 1),
(21, 1),
(22, 1),
(23, 1),
(24, 1),
(42, 1),
(43, 1),
(44, 1),
(45, 1),
(46, 1),
(47, 1),
(121, 1),
(123, 2),
(122, 3),
(125, 4),
(124, 5);

-- --------------------------------------------------------

--
-- Table structure for table `roles`
--

CREATE TABLE `roles` (
  `id` int(10) UNSIGNED NOT NULL,
  `name` varchar(255) COLLATE utf8mb4_unicode_ci NOT NULL,
  `display_name` varchar(255) COLLATE utf8mb4_unicode_ci DEFAULT NULL,
  `description` varchar(255) COLLATE utf8mb4_unicode_ci DEFAULT NULL,
  `status` tinyint(1) NOT NULL DEFAULT '1',
  `created_at` timestamp NULL DEFAULT NULL,
  `updated_at` timestamp NULL DEFAULT NULL
) ENGINE=InnoDB DEFAULT CHARSET=utf8mb4 COLLATE=utf8mb4_unicode_ci;

--
-- Dumping data for table `roles`
--

INSERT INTO `roles` (`id`, `name`, `display_name`, `description`, `status`, `created_at`, `updated_at`) VALUES
(1, 'admin', 'Admin', 'Has access to all modules and routes', 1, '2017-08-05 02:09:28', '2017-08-05 02:09:28'),
(2, 'parent', 'Parent', 'Has access to Student modules and parent routes', 1, '2017-08-05 02:10:13', '2017-08-05 02:10:13'),
(3, 'student', 'Student', 'Has access to Student modules and student routes', 1, '2017-08-05 02:11:12', '2017-08-05 02:11:12'),
(4, 'hrms', 'HR', 'Has access to hr module and routes', 1, '2017-08-05 02:12:19', '2017-08-17 03:08:20'),
(5, 'teacher', 'Teacher', 'Has access to Employee modules and teacher routes', 1, '2017-08-05 02:13:11', '2017-08-05 02:13:11');

-- --------------------------------------------------------

--
-- Table structure for table `role_user`
--

CREATE TABLE `role_user` (
  `user_id` int(10) UNSIGNED NOT NULL,
  `role_id` int(10) UNSIGNED NOT NULL
) ENGINE=InnoDB DEFAULT CHARSET=utf8mb4 COLLATE=utf8mb4_unicode_ci;

--
-- Dumping data for table `role_user`
--

INSERT INTO `role_user` (`user_id`, `role_id`) VALUES
(1, 1),
(2, 2),
(49, 2),
(50, 2),
(51, 2),
(53, 2),
(56, 2),
(57, 2),
(58, 2),
(59, 2),
(60, 2),
(61, 2),
(62, 2),
(63, 2),
(64, 2),
(65, 2),
(66, 2),
(90, 2),
(3, 3),
(4, 3),
(5, 3),
(6, 3),
(7, 3),
(12, 3),
(16, 3),
(37, 3),
(38, 3),
(40, 3),
(41, 3),
(42, 3),
(43, 3),
(44, 3),
(45, 3),
(71, 3),
(72, 3),
(73, 3),
(74, 3),
(77, 3),
(78, 3),
(79, 3),
(80, 3),
(81, 3),
(82, 3),
(83, 3),
(84, 3),
(85, 3),
(86, 3),
(87, 3),
(88, 3),
(89, 3),
(8, 4),
(11, 4),
(19, 4),
(20, 4),
(26, 4),
(30, 4),
(32, 4),
(33, 4),
(35, 4),
(9, 5),
(10, 5),
(17, 5),
(18, 5),
(23, 5),
(31, 5),
(34, 5),
(46, 5);

-- --------------------------------------------------------

--
-- Table structure for table `room_category`
--

CREATE TABLE `room_category` (
  `id` int(10) UNSIGNED NOT NULL,
  `categoryname` varchar(255) COLLATE utf8mb4_unicode_ci NOT NULL,
  `created_at` timestamp NULL DEFAULT NULL,
  `updated_at` timestamp NULL DEFAULT NULL,
  `deleted_at` timestamp NULL DEFAULT NULL
) ENGINE=InnoDB DEFAULT CHARSET=utf8mb4 COLLATE=utf8mb4_unicode_ci;

-- --------------------------------------------------------

--
-- Table structure for table `room_master`
--

CREATE TABLE `room_master` (
  `id` int(10) UNSIGNED NOT NULL,
  `name` varchar(255) COLLATE utf8mb4_unicode_ci NOT NULL,
  `category_id` int(10) UNSIGNED NOT NULL DEFAULT '0',
  `seat_capacity` int(11) NOT NULL,
  `location` varchar(255) COLLATE utf8mb4_unicode_ci NOT NULL,
  `created_at` timestamp NULL DEFAULT NULL,
  `updated_at` timestamp NULL DEFAULT NULL,
  `deleted_at` timestamp NULL DEFAULT NULL
) ENGINE=InnoDB DEFAULT CHARSET=utf8mb4 COLLATE=utf8mb4_unicode_ci;

-- --------------------------------------------------------

--
-- Table structure for table `schedule_log`
--

CREATE TABLE `schedule_log` (
  `id` int(10) UNSIGNED NOT NULL,
  `ip` varchar(255) COLLATE utf8mb4_unicode_ci NOT NULL,
  `request` varchar(255) COLLATE utf8mb4_unicode_ci NOT NULL,
  `response` varchar(255) COLLATE utf8mb4_unicode_ci NOT NULL,
  `created_at` timestamp NULL DEFAULT NULL,
  `updated_at` timestamp NULL DEFAULT NULL
) ENGINE=InnoDB DEFAULT CHARSET=utf8mb4 COLLATE=utf8mb4_unicode_ci;

-- --------------------------------------------------------

--
-- Table structure for table `section`
--

CREATE TABLE `section` (
  `id` int(10) UNSIGNED NOT NULL,
  `academics_year_id` int(10) UNSIGNED NOT NULL DEFAULT '0',
  `batch_id` int(10) UNSIGNED NOT NULL DEFAULT '0',
  `section_name` varchar(255) COLLATE utf8mb4_unicode_ci NOT NULL,
  `intake` varchar(255) COLLATE utf8mb4_unicode_ci DEFAULT NULL,
  `status` int(11) NOT NULL DEFAULT '1',
  `created_at` timestamp NULL DEFAULT NULL,
  `updated_at` timestamp NULL DEFAULT NULL,
  `deleted_at` timestamp NULL DEFAULT NULL
) ENGINE=InnoDB DEFAULT CHARSET=utf8mb4 COLLATE=utf8mb4_unicode_ci;

--
-- Dumping data for table `section`
--

INSERT INTO `section` (`id`, `academics_year_id`, `batch_id`, `section_name`, `intake`, `status`, `created_at`, `updated_at`, `deleted_at`) VALUES
(1, 1, 1, 'A', '60', 1, '2017-07-24 02:06:16', '2017-07-24 02:16:42', '2017-07-24 02:16:42'),
(2, 1, 1, 'A', '60', 1, '2017-07-24 02:06:40', '2017-07-24 02:16:46', '2017-07-24 02:16:46'),
(3, 1, 1, 'A', '60', 1, '2017-07-24 02:07:26', '2017-07-24 02:16:49', '2017-07-24 02:16:49'),
(4, 1, 2, 'A', '60', 1, '2017-07-24 02:07:59', '2017-07-24 02:16:52', '2017-07-24 02:16:52'),
(5, 1, 3, 'A', '60', 1, '2017-07-24 02:09:03', '2017-07-24 02:17:04', '2017-07-24 02:17:04'),
(6, 1, 1, 'A', '60', 1, '2017-07-24 02:09:30', '2017-07-24 02:16:56', '2017-07-24 02:16:56'),
(7, 1, 2, 'A', '60', 1, '2017-07-24 02:09:33', '2017-07-24 02:16:59', '2017-07-24 02:16:59'),
(8, 1, 3, 'A', '60', 1, '2017-07-24 02:10:23', '2017-07-24 02:10:23', NULL),
(9, 1, 4, 'A', '60', 1, '2017-07-24 02:11:07', '2017-07-24 02:11:07', NULL),
(10, 1, 5, 'A', '60', 1, '2017-07-24 02:12:08', '2017-07-24 02:12:08', NULL),
(11, 1, 6, 'B', '50', 1, '2017-07-24 02:12:38', '2017-07-24 02:12:38', NULL),
(12, 1, 7, 'A', '60', 1, '2017-07-24 02:13:24', '2017-07-24 02:13:24', NULL),
(13, 1, 4, 'C', '60', 1, '2017-09-23 01:00:28', '2017-09-23 01:00:28', NULL);

-- --------------------------------------------------------

--
-- Table structure for table `setting_campus`
--

CREATE TABLE `setting_campus` (
  `id` int(10) UNSIGNED NOT NULL,
  `institute_id` int(10) UNSIGNED NOT NULL DEFAULT '0',
  `address_id` int(10) UNSIGNED NOT NULL DEFAULT '0',
  `name` varchar(255) COLLATE utf8mb4_unicode_ci NOT NULL,
  `campus_code` varchar(255) COLLATE utf8mb4_unicode_ci NOT NULL,
  `created_at` timestamp NULL DEFAULT NULL,
  `updated_at` timestamp NULL DEFAULT NULL,
  `deleted_at` timestamp NULL DEFAULT NULL
) ENGINE=InnoDB DEFAULT CHARSET=utf8mb4 COLLATE=utf8mb4_unicode_ci;

--
-- Dumping data for table `setting_campus`
--

INSERT INTO `setting_campus` (`id`, `institute_id`, `address_id`, `name`, `campus_code`, `created_at`, `updated_at`, `deleted_at`) VALUES
(1, 1, 1, 'Campus 01', 'VS01', NULL, '2017-09-11 01:21:26', NULL);

-- --------------------------------------------------------

--
-- Table structure for table `setting_city`
--

CREATE TABLE `setting_city` (
  `id` int(10) UNSIGNED NOT NULL,
  `name` varchar(255) COLLATE utf8mb4_unicode_ci NOT NULL,
  `country_id` int(10) UNSIGNED NOT NULL DEFAULT '0',
  `state_id` int(10) UNSIGNED NOT NULL DEFAULT '0',
  `created_at` timestamp NULL DEFAULT NULL,
  `updated_at` timestamp NULL DEFAULT NULL,
  `deleted_at` timestamp NULL DEFAULT NULL
) ENGINE=InnoDB DEFAULT CHARSET=utf8mb4 COLLATE=utf8mb4_unicode_ci;

--
-- Dumping data for table `setting_city`
--

INSERT INTO `setting_city` (`id`, `name`, `country_id`, `state_id`, `created_at`, `updated_at`, `deleted_at`) VALUES
(1, 'Mirpur', 1, 1, '2017-04-05 23:34:40', '2017-04-05 23:34:40', NULL),
(2, 'Badda', 1, 1, '2017-04-05 23:34:48', '2017-04-05 23:34:48', NULL),
(3, 'Gulshan', 1, 1, '2017-04-05 23:34:56', '2017-04-05 23:34:56', NULL),
(4, 'Savar', 1, 1, '2017-04-05 23:35:11', '2017-04-05 23:35:11', NULL),
(5, 'Dhanmondi', 1, 1, '2017-04-05 23:35:36', '2017-04-05 23:35:36', NULL),
(6, 'Kolkata', 2, 7, '2017-04-05 23:39:30', '2017-04-05 23:39:30', NULL),
(7, 'Mursidabad', 2, 7, '2017-04-05 23:40:14', '2017-04-05 23:40:14', NULL),
(8, 'Nodia', 2, 7, '2017-04-05 23:40:57', '2017-04-05 23:40:57', NULL),
(9, '24 Pargona', 2, 7, '2017-04-05 23:41:15', '2017-04-05 23:41:15', NULL);

-- --------------------------------------------------------

--
-- Table structure for table `setting_country`
--

CREATE TABLE `setting_country` (
  `id` int(10) UNSIGNED NOT NULL,
  `name` varchar(255) COLLATE utf8mb4_unicode_ci NOT NULL,
  `nationality` varchar(255) COLLATE utf8mb4_unicode_ci DEFAULT NULL,
  `created_at` timestamp NULL DEFAULT NULL,
  `updated_at` timestamp NULL DEFAULT NULL,
  `deleted_at` timestamp NULL DEFAULT NULL
) ENGINE=InnoDB DEFAULT CHARSET=utf8mb4 COLLATE=utf8mb4_unicode_ci;

--
-- Dumping data for table `setting_country`
--

INSERT INTO `setting_country` (`id`, `name`, `nationality`, `created_at`, `updated_at`, `deleted_at`) VALUES
(1, 'Bangladesh', 'Bangladeshi', '2017-04-05 23:30:56', '2017-04-05 23:30:56', NULL),
(2, 'India', 'Indian', '2017-04-05 23:31:03', '2017-04-05 23:31:03', NULL),
(3, 'Pakistan', 'Pakistani', '2017-04-05 23:31:10', '2017-04-05 23:31:10', NULL),
(4, 'Nepal', 'Nepali', '2017-04-05 23:31:14', '2017-04-05 23:31:14', NULL),
(5, 'Bhutan', 'Bhutani', '2017-04-05 23:31:19', '2017-04-05 23:31:19', NULL),
(6, 'Unitd States of America', 'American', '2017-04-05 23:31:51', '2017-04-05 23:31:51', NULL),
(7, 'United Kingdom', 'British', '2017-04-05 23:32:11', '2017-04-05 23:32:11', NULL),
(8, 'Japan', 'Japane', '2017-04-05 23:32:26', '2017-04-05 23:32:26', NULL),
(9, 'China', 'Chinese', '2017-04-05 23:32:33', '2017-04-05 23:32:33', NULL);

-- --------------------------------------------------------

--
-- Table structure for table `setting_institute`
--

CREATE TABLE `setting_institute` (
  `id` int(10) UNSIGNED NOT NULL,
  `institute_name` varchar(255) COLLATE utf8mb4_unicode_ci NOT NULL,
  `institute_alias` varchar(255) COLLATE utf8mb4_unicode_ci NOT NULL,
  `address1` varchar(255) COLLATE utf8mb4_unicode_ci NOT NULL,
  `address2` varchar(255) COLLATE utf8mb4_unicode_ci NOT NULL,
  `phone` varchar(255) COLLATE utf8mb4_unicode_ci NOT NULL,
  `email` varchar(255) COLLATE utf8mb4_unicode_ci NOT NULL,
  `website` varchar(255) COLLATE utf8mb4_unicode_ci NOT NULL,
  `logo` varchar(255) COLLATE utf8mb4_unicode_ci NOT NULL,
  `created_at` timestamp NULL DEFAULT NULL,
  `updated_at` timestamp NULL DEFAULT NULL,
  `deleted_at` timestamp NULL DEFAULT NULL
) ENGINE=InnoDB DEFAULT CHARSET=utf8mb4 COLLATE=utf8mb4_unicode_ci;

--
-- Dumping data for table `setting_institute`
--

INSERT INTO `setting_institute` (`id`, `institute_name`, `institute_alias`, `address1`, `address2`, `phone`, `email`, `website`, `logo`, `created_at`, `updated_at`, `deleted_at`) VALUES
(1, 'Venus School', 'venus', 'Badda, Dhaka', 'Badda', '0123456745324', 'venus@gmail.com', 'venusschool.com', 'pinterest.png', '2017-04-06 04:15:18', '2017-04-06 04:15:18', NULL),
(2, 'asdfasd', 'fasdfasd', 'fasdfasdf', 'sdfasdf', '24523452345234', 'adfasamirul.ete@gmail.com', 'asdfasd', 'configure-report-card.jpg', '2017-06-12 02:21:33', '2017-06-12 02:21:33', NULL),
(3, 'asdfadf', 'asdfasd', 'fasdfasdf', 'asdfasdf', '0987654321', 'amirul.ete@gmail.com', 'asdfasd', 'lt10351621.png', '2017-06-12 02:23:06', '2017-06-12 02:23:06', NULL);

-- --------------------------------------------------------

--
-- Table structure for table `setting_institute_modules`
--

CREATE TABLE `setting_institute_modules` (
  `institute_id` int(10) UNSIGNED NOT NULL DEFAULT '0',
  `module_id` int(10) UNSIGNED NOT NULL DEFAULT '0'
) ENGINE=InnoDB DEFAULT CHARSET=utf8mb4 COLLATE=utf8mb4_unicode_ci;

--
-- Dumping data for table `setting_institute_modules`
--

INSERT INTO `setting_institute_modules` (`institute_id`, `module_id`) VALUES
(1, 1),
(3, 1),
(1, 2),
(1, 3),
(3, 3),
(1, 4),
(3, 4),
(1, 5),
(3, 5),
(1, 6),
(2, 6),
(1, 7),
(3, 7),
(1, 8),
(3, 8),
(1, 9),
(3, 9),
(1, 10);

-- --------------------------------------------------------

--
-- Table structure for table `setting_inst_prop`
--

CREATE TABLE `setting_inst_prop` (
  `id` int(10) UNSIGNED NOT NULL,
  `institution_id` int(11) NOT NULL,
  `campus_id` int(11) NOT NULL,
  `attribute_name` varchar(255) COLLATE utf8mb4_unicode_ci NOT NULL,
  `attribute_value` text COLLATE utf8mb4_unicode_ci NOT NULL,
  `created_at` timestamp NULL DEFAULT NULL,
  `updated_at` timestamp NULL DEFAULT NULL,
  `created_by` int(11) DEFAULT NULL,
  `updated_by` int(11) DEFAULT NULL,
  `deleted_at` timestamp NULL DEFAULT NULL
) ENGINE=InnoDB DEFAULT CHARSET=utf8mb4 COLLATE=utf8mb4_unicode_ci;

--
-- Dumping data for table `setting_inst_prop`
--

INSERT INTO `setting_inst_prop` (`id`, `institution_id`, `campus_id`, `attribute_name`, `attribute_value`, `created_at`, `updated_at`, `created_by`, `updated_by`, `deleted_at`) VALUES
(1, 3, 1, 'Header', '#51bc3c', '2017-09-11 02:07:10', '2017-09-11 02:07:53', NULL, NULL, NULL);

-- --------------------------------------------------------

--
-- Table structure for table `setting_menus`
--

CREATE TABLE `setting_menus` (
  `id` int(10) UNSIGNED NOT NULL,
  `module_id` int(10) UNSIGNED NOT NULL DEFAULT '0',
  `sub_module_id` int(10) UNSIGNED NOT NULL DEFAULT '0',
  `name` varchar(255) COLLATE utf8mb4_unicode_ci NOT NULL DEFAULT 'not set',
  `icon` varchar(255) COLLATE utf8mb4_unicode_ci DEFAULT NULL,
  `route` varchar(255) COLLATE utf8mb4_unicode_ci DEFAULT NULL,
  `status` tinyint(1) NOT NULL DEFAULT '1',
  `created_at` timestamp NULL DEFAULT NULL,
  `updated_at` timestamp NULL DEFAULT NULL,
  `deleted_at` timestamp NULL DEFAULT NULL
) ENGINE=InnoDB DEFAULT CHARSET=utf8mb4 COLLATE=utf8mb4_unicode_ci;

--
-- Dumping data for table `setting_menus`
--

INSERT INTO `setting_menus` (`id`, `module_id`, `sub_module_id`, `name`, `icon`, `route`, `status`, `created_at`, `updated_at`, `deleted_at`) VALUES
(1, 1, 12, 'Academic Year', 'fa fa-calendar', 'academics/academic-year', 1, '2017-08-05 05:36:45', '2017-08-05 10:30:15', NULL),
(2, 1, 12, 'Academic Level', 'fa fa-graduation-cap', 'academics/academic-level', 1, '2017-08-05 05:40:01', '2017-08-05 08:22:53', NULL),
(3, 1, 12, 'Subject', 'fa fa-book', 'academics/subject', 1, '2017-08-05 05:43:15', '2017-08-05 05:43:25', NULL),
(4, 1, 12, 'Batch', 'fa fa-sitemap', 'academics/batch', 1, '2017-08-05 05:44:17', '2017-08-05 05:44:17', NULL),
(5, 1, 12, 'Section', 'fa fa-sitemap', 'academics/section', 1, '2017-08-05 05:45:13', '2017-08-05 06:58:42', NULL),
(6, 3, 17, 'Add Student', 'fa fa-user-plus', '/student/profile/create', 1, '2017-08-05 08:24:46', '2017-08-05 08:57:19', NULL),
(7, 3, 17, 'Import Student', 'fa fa-upload', '/student/import', 1, '2017-08-05 08:25:00', '2017-08-06 05:08:07', NULL),
(8, 6, 28, 'adfad', 'adfad', 'adfads', 1, '2017-08-05 08:27:32', '2017-08-05 11:15:35', '2017-08-05 11:15:35'),
(9, 3, 17, 'Manage Student', 'fa fa-reorder', '/student/manage', 1, '2017-08-05 08:41:43', '2017-08-05 08:57:35', NULL),
(10, 3, 17, 'Promote Student', 'fa fa-exchange', '#', 1, '2017-08-05 08:42:17', '2017-08-05 08:42:17', NULL),
(11, 3, 18, 'Online Application', 'fa fa-external-link', '#', 1, '2017-08-05 08:43:20', '2017-08-05 08:43:20', NULL),
(12, 3, 18, 'Manage Enquiry', 'fa fa-users', '#', 1, '2017-08-05 08:43:54', '2017-08-05 08:43:54', NULL),
(13, 3, 18, 'Admission Letter', 'fa-file-text-o', '#', 1, '2017-08-05 08:44:31', '2017-08-05 08:44:31', NULL),
(14, 10, 29, 'Country', 'fa fa-globe', '/setting/country', 1, '2017-08-06 03:32:46', '2017-08-06 03:35:52', NULL),
(15, 10, 29, 'State/Province', 'fa fa-map-marker', '/setting/state', 1, '2017-08-06 03:33:40', '2017-08-06 03:35:47', NULL),
(16, 10, 29, 'City/Town', 'fa fa-building-o', '/setting/city', 1, '2017-08-06 03:34:30', '2017-08-06 03:35:42', NULL),
(17, 10, 29, 'Languages', 'fa fa-language', '/setting/language/index', 1, '2017-08-06 03:35:20', '2017-08-06 03:35:20', NULL),
(18, 10, 29, 'Nationality', 'fa fa-flag-checkered', '/setting/nationality/index', 1, '2017-08-06 03:37:16', '2017-08-06 03:37:16', NULL),
(19, 10, 29, 'Institute', 'fa fa-bank', '/setting/', 1, '2017-08-06 03:39:43', '2017-08-06 03:39:43', NULL),
(20, 10, 30, 'SMS Settings', 'fa fa-cogs', '/setting/sms/getway/index', 1, '2017-08-06 03:43:11', '2017-08-06 03:43:11', NULL),
(21, 10, 30, 'Manage SMS Getway', 'fa fa-cogs', '/setting/sms/getway/list', 1, '2017-08-06 03:44:17', '2017-08-06 03:44:17', NULL),
(22, 10, 31, 'Student Reset Password', 'fa fa-key', '#', 1, '2017-08-06 03:46:20', '2017-08-06 03:46:50', NULL),
(23, 10, 31, 'Employee Reset Password', 'fa fa-key', '#', 1, '2017-08-06 03:47:51', '2017-08-06 03:47:51', NULL),
(24, 10, 31, 'Parent Reset Password', 'fa fa-key', '#', 1, '2017-08-06 03:51:09', '2017-08-06 03:51:09', NULL),
(25, 10, 32, 'Role', 'fa fa-user-times', '/setting/rights/role', 1, '2017-08-06 03:54:30', '2017-08-06 03:54:30', NULL),
(26, 10, 32, 'Permission', 'fa fa-user-times', '/setting/rights/permission', 1, '2017-08-06 03:58:48', '2017-08-06 03:58:48', NULL);

-- --------------------------------------------------------

--
-- Table structure for table `setting_menu_permission`
--

CREATE TABLE `setting_menu_permission` (
  `menu_id` int(10) UNSIGNED NOT NULL DEFAULT '0',
  `permission_id` int(10) UNSIGNED NOT NULL DEFAULT '0'
) ENGINE=InnoDB DEFAULT CHARSET=utf8mb4 COLLATE=utf8mb4_unicode_ci;

--
-- Dumping data for table `setting_menu_permission`
--

INSERT INTO `setting_menu_permission` (`menu_id`, `permission_id`) VALUES
(11, 1),
(13, 1),
(1, 6),
(2, 10),
(4, 14),
(3, 18),
(5, 22),
(9, 40),
(12, 41),
(6, 42),
(7, 45),
(10, 46),
(14, 54),
(15, 55),
(16, 56),
(19, 57),
(17, 58),
(18, 59),
(20, 60),
(21, 61),
(25, 62),
(26, 63),
(22, 118),
(24, 119),
(23, 120);

-- --------------------------------------------------------

--
-- Table structure for table `setting_modules`
--

CREATE TABLE `setting_modules` (
  `id` int(10) UNSIGNED NOT NULL,
  `name` varchar(255) COLLATE utf8mb4_unicode_ci NOT NULL DEFAULT 'not set',
  `icon` varchar(255) COLLATE utf8mb4_unicode_ci DEFAULT NULL,
  `parent_id` int(10) UNSIGNED NOT NULL DEFAULT '0',
  `route` varchar(255) COLLATE utf8mb4_unicode_ci DEFAULT NULL,
  `status` tinyint(1) NOT NULL DEFAULT '1',
  `created_at` timestamp NULL DEFAULT NULL,
  `updated_at` timestamp NULL DEFAULT NULL,
  `deleted_at` timestamp NULL DEFAULT NULL
) ENGINE=InnoDB DEFAULT CHARSET=utf8mb4 COLLATE=utf8mb4_unicode_ci;

--
-- Dumping data for table `setting_modules`
--

INSERT INTO `setting_modules` (`id`, `name`, `icon`, `parent_id`, `route`, `status`, `created_at`, `updated_at`, `deleted_at`) VALUES
(1, 'Academics', 'fa fa-calendar-o', 0, 'academics', 1, '2017-08-05 01:06:41', '2017-08-05 08:22:43', NULL),
(2, 'Human Resource (HR)', 'fa fa-user', 0, 'hrms', 1, '2017-08-05 01:11:35', '2017-08-06 00:32:38', NULL),
(3, 'Student', 'fa fa-users', 0, 'student', 1, '2017-08-05 01:13:28', '2017-08-05 07:03:30', NULL),
(4, 'Fees', 'fa fa-money', 0, 'fees', 1, '2017-08-05 01:14:05', '2017-08-05 06:04:20', NULL),
(5, 'Communication', 'fa fa-comments', 0, 'communication', 1, '2017-08-05 01:14:35', '2017-08-05 06:04:06', NULL),
(6, 'Reports and Printing', 'fa fa-line-chart', 0, 'reports', 1, '2017-08-05 01:15:46', '2017-08-05 06:04:39', NULL),
(7, 'Administration', 'fa fa-wrench', 0, 'administration', 1, '2017-08-05 01:16:30', '2017-08-05 06:03:37', NULL),
(8, 'Document', 'fa fa-file-text-o', 0, 'document', 1, '2017-08-05 01:17:03', '2017-08-05 06:04:13', NULL),
(9, 'Library', 'fa fa-university', 0, 'library', 1, '2017-08-05 01:17:54', '2017-08-05 06:04:33', NULL),
(10, 'Settings', 'fa fa-cogs', 0, 'settings', 1, '2017-08-05 01:18:18', '2017-08-05 06:04:44', NULL),
(11, 'ALOKITO (Core)', 'fa fa-dashboard', 0, 'alokito', 1, '2017-08-05 01:19:27', '2017-08-05 23:07:03', NULL),
(12, 'Course Management', 'fa fa-graduation-cap', 1, '#', 1, '2017-08-05 01:58:42', '2017-08-05 11:59:16', NULL),
(13, 'Manage Timetable', 'fa fa-calendar', 1, '#', 1, '2017-08-05 01:59:57', '2017-08-05 04:27:41', NULL),
(14, 'Manage Assessments', 'fa fa-calendar-o', 1, '#', 1, '2017-08-05 02:01:01', '2017-08-05 08:22:14', NULL),
(15, 'Student Attendance', 'fa fa-check-square-o', 1, '#', 1, '2017-08-05 02:02:22', '2017-08-05 09:06:13', NULL),
(16, 'Manage Academics', 'fa fa-calendar-o', 1, '#', 1, '2017-08-05 02:02:45', '2017-08-05 08:22:12', NULL),
(17, 'Student', 'fa fa-users', 3, '#', 1, '2017-08-05 02:22:15', '2017-08-05 02:22:15', NULL),
(18, 'Enquiry', 'fa fa-user-plus', 3, '#', 1, '2017-08-05 02:23:06', '2017-08-05 11:06:09', NULL),
(19, 'Employee Management', 'fa fa-user', 2, '#', 1, '2017-08-05 02:26:18', '2017-08-05 02:26:18', NULL),
(20, 'Employee Configuration', 'fa fa-gears', 2, '#', 1, '2017-08-05 02:26:47', '2017-08-05 02:26:47', NULL),
(21, 'Leave Management', 'fa fa-file-text-o', 2, '#', 1, '2017-08-05 02:27:23', '2017-08-05 02:27:23', NULL),
(22, 'Employee Attendance', 'fa fa-check-square-o', 2, '#', 1, '2017-08-05 02:28:05', '2017-08-06 00:49:23', NULL),
(23, 'Payroll', 'fa fa-bullseye', 2, '#', 1, '2017-08-05 02:28:41', '2017-08-05 02:28:41', NULL),
(24, 'Academics Reports', 'fa fa-line-chart', 6, '#', 1, '2017-08-05 02:33:35', '2017-08-05 02:33:35', NULL),
(25, 'Attendance Report', 'fa fa-building-o', 6, '#', 1, '2017-08-05 02:34:02', '2017-08-05 02:34:02', NULL),
(26, 'Enquiry', 'fa fa-check-square-o', 6, '#', 1, '2017-08-05 02:36:05', '2017-08-05 02:36:05', NULL),
(27, 'Attendance', 'fa fa-check-square-o', 6, '#', 1, '2017-08-05 02:36:36', '2017-08-05 02:36:36', NULL),
(28, 'Timetable', 'fa fa-calendar-o', 6, '#', 1, '2017-08-05 02:37:25', '2017-08-05 02:37:25', NULL),
(29, 'Configuration', 'fa fa-cogs', 10, '#', 1, '2017-08-05 02:38:53', '2017-08-05 02:38:53', NULL),
(30, 'SMS', 'fa fa-envelope', 10, '#', 1, '2017-08-05 02:39:24', '2017-08-05 02:39:24', NULL),
(31, 'Manage Users', 'fa fa-user', 10, '#', 1, '2017-08-05 02:39:50', '2017-08-05 02:39:50', NULL),
(32, 'Manage User Rights', 'fa fa-user-secret', 10, '#', 1, '2017-08-05 02:40:16', '2017-08-05 02:40:16', NULL),
(33, 'Additional', 'fa fa-cog', 10, '#', 0, '2017-08-05 02:41:05', '2017-08-06 03:44:42', NULL),
(34, 'Hostel', 'fa fa-building', 7, '#', 1, '2017-08-05 02:42:42', '2017-08-05 02:42:42', NULL),
(35, 'Transport', 'fa fa-bus', 7, '#', 1, '2017-08-05 02:43:02', '2017-08-05 02:43:02', NULL),
(36, 'Accounts', 'fa fa-book', 7, '#', 1, '2017-08-05 02:43:29', '2017-08-05 02:43:29', NULL),
(37, 'Fees Management', 'fa fa-money', 4, '#', 1, '2017-08-05 23:04:43', '2017-08-06 01:42:04', NULL),
(38, 'SMS', 'fa fa-comment', 5, '#', 1, '2017-08-05 23:06:08', '2017-08-05 23:06:08', NULL),
(39, 'Email', 'fa fa-envelope-o', 5, '#', 1, '2017-08-05 23:06:34', '2017-08-05 23:06:34', NULL),
(40, 'Dashboard Management', 'fa fa-dashboard', 5, '#', 1, '2017-08-05 23:06:57', '2017-08-05 23:06:57', NULL),
(41, 'Telephone Diary', 'fa fa-phone', 5, '#', 1, '2017-08-05 23:07:44', '2017-08-05 23:07:44', NULL),
(42, 'Helpdesk', 'fa fa-question-circle', 5, '#', 1, '2017-08-05 23:08:15', '2017-08-05 23:08:15', NULL),
(43, 'Certificate/Letters', 'fa fa-certificate', 8, '#', 1, '2017-08-05 23:09:18', '2017-08-05 23:09:18', NULL),
(44, 'Manage Documents', 'fa fa-files-o', 8, '#', 1, '2017-08-05 23:09:48', '2017-08-05 23:09:48', NULL),
(45, 'File Sharing', 'fa fa-share-alt', 8, '#', 1, '2017-08-05 23:10:11', '2017-08-05 23:10:11', NULL),
(46, 'Library', 'fa fa-university', 9, '#', 1, '2017-08-05 23:11:07', '2017-08-05 23:11:07', NULL),
(47, 'Admin Dashboard', 'fa fa-dashboard', 11, '#', 1, '2017-08-06 05:04:01', '2017-08-06 05:04:01', NULL),
(48, 'HR Dashboard', 'fa fa-dashboard', 11, '#', 1, '2017-08-06 05:04:40', '2017-08-06 05:04:40', NULL),
(49, 'Student Dashboard', 'fa fa-dashboard', 11, '#', 1, '2017-08-06 05:05:02', '2017-08-06 05:05:02', NULL),
(50, 'Parent Dashboard', 'fa fa-dashboard', 11, '#', 1, '2017-08-06 05:05:41', '2017-08-06 05:05:41', NULL),
(51, 'Teacher Dashboard', 'fa fa-dashboard', 11, '#', 1, '2017-08-06 05:06:02', '2017-08-06 05:06:02', NULL);

-- --------------------------------------------------------

--
-- Table structure for table `setting_state`
--

CREATE TABLE `setting_state` (
  `id` int(10) UNSIGNED NOT NULL,
  `country_id` int(10) UNSIGNED NOT NULL DEFAULT '0',
  `name` varchar(255) COLLATE utf8mb4_unicode_ci NOT NULL,
  `created_at` timestamp NULL DEFAULT NULL,
  `updated_at` timestamp NULL DEFAULT NULL,
  `deleted_at` timestamp NULL DEFAULT NULL
) ENGINE=InnoDB DEFAULT CHARSET=utf8mb4 COLLATE=utf8mb4_unicode_ci;

--
-- Dumping data for table `setting_state`
--

INSERT INTO `setting_state` (`id`, `country_id`, `name`, `created_at`, `updated_at`, `deleted_at`) VALUES
(1, 1, 'Dhaka', '2017-04-05 23:32:50', '2017-04-05 23:32:50', NULL),
(2, 1, 'Chittagong', '2017-04-05 23:33:00', '2017-04-05 23:33:00', NULL),
(3, 1, 'Rajshahi', '2017-04-05 23:33:21', '2017-04-05 23:33:21', NULL),
(4, 1, 'Rangpur', '2017-04-05 23:33:32', '2017-04-05 23:33:32', NULL),
(5, 1, 'Khulna', '2017-04-05 23:33:43', '2017-04-05 23:33:43', NULL),
(6, 1, 'Barishal', '2017-04-05 23:33:53', '2017-04-05 23:33:53', NULL),
(7, 2, 'West Bengal', '2017-04-05 23:36:24', '2017-04-05 23:36:24', NULL),
(8, 2, 'Moharashto', '2017-04-05 23:36:52', '2017-04-05 23:36:52', NULL),
(9, 2, 'Asam', '2017-04-05 23:37:01', '2017-04-05 23:37:01', NULL),
(10, 2, 'Monipur', '2017-04-05 23:37:13', '2017-04-05 23:37:13', NULL),
(11, 2, 'Megaloy', '2017-04-05 23:37:31', '2017-04-05 23:37:31', NULL),
(12, 2, 'Kashmir', '2017-04-05 23:37:44', '2017-04-05 23:37:44', NULL);

-- --------------------------------------------------------

--
-- Table structure for table `sms_batch`
--

CREATE TABLE `sms_batch` (
  `id` int(10) UNSIGNED NOT NULL,
  `institution_id` int(11) NOT NULL,
  `campus_id` int(11) NOT NULL,
  `batch_count` int(11) NOT NULL,
  `created_at` timestamp NULL DEFAULT NULL,
  `updated_at` timestamp NULL DEFAULT NULL,
  `created_by` int(11) DEFAULT NULL,
  `updated_by` int(11) DEFAULT NULL,
  `deleted_at` timestamp NULL DEFAULT NULL
) ENGINE=InnoDB DEFAULT CHARSET=utf8mb4 COLLATE=utf8mb4_unicode_ci;

--
-- Dumping data for table `sms_batch`
--

INSERT INTO `sms_batch` (`id`, `institution_id`, `campus_id`, `batch_count`, `created_at`, `updated_at`, `created_by`, `updated_by`, `deleted_at`) VALUES
(1, 1, 1, 40, NULL, '2017-09-23 03:26:16', NULL, NULL, NULL);

-- --------------------------------------------------------

--
-- Table structure for table `sms_credit`
--

CREATE TABLE `sms_credit` (
  `id` int(10) UNSIGNED NOT NULL,
  `institution_id` int(11) NOT NULL,
  `sms_amount` int(11) NOT NULL,
  `status` varchar(255) COLLATE utf8mb4_unicode_ci DEFAULT NULL,
  `sms_type` int(11) DEFAULT NULL,
  `submitted_by` varchar(255) COLLATE utf8mb4_unicode_ci NOT NULL,
  `submission_date` date NOT NULL,
  `accepted_date` date NOT NULL,
  `comment` varchar(255) COLLATE utf8mb4_unicode_ci NOT NULL,
  `remark` varchar(255) COLLATE utf8mb4_unicode_ci NOT NULL,
  `created_at` timestamp NULL DEFAULT NULL,
  `updated_at` timestamp NULL DEFAULT NULL,
  `created_by` int(11) DEFAULT NULL,
  `updated_by` int(11) DEFAULT NULL,
  `deleted_at` timestamp NULL DEFAULT NULL
) ENGINE=InnoDB DEFAULT CHARSET=utf8mb4 COLLATE=utf8mb4_unicode_ci;

-- --------------------------------------------------------

--
-- Table structure for table `sms_institution_getway`
--

CREATE TABLE `sms_institution_getway` (
  `id` int(10) UNSIGNED NOT NULL,
  `institution_id` int(11) NOT NULL,
  `api_path` varchar(255) COLLATE utf8mb4_unicode_ci NOT NULL,
  `remark` varchar(255) COLLATE utf8mb4_unicode_ci DEFAULT NULL,
  `status` varchar(255) COLLATE utf8mb4_unicode_ci DEFAULT NULL,
  `activated_upto` varchar(255) COLLATE utf8mb4_unicode_ci DEFAULT NULL,
  `created_by` int(11) DEFAULT NULL,
  `updated_by` int(11) DEFAULT NULL,
  `deleted_at` timestamp NULL DEFAULT NULL,
  `created_at` timestamp NULL DEFAULT NULL,
  `updated_at` timestamp NULL DEFAULT NULL
) ENGINE=InnoDB DEFAULT CHARSET=utf8mb4 COLLATE=utf8mb4_unicode_ci;

--
-- Dumping data for table `sms_institution_getway`
--

INSERT INTO `sms_institution_getway` (`id`, `institution_id`, `api_path`, `remark`, `status`, `activated_upto`, `created_by`, `updated_by`, `deleted_at`, `created_at`, `updated_at`) VALUES
(1, 1, 'https://api.mobireach.com.bd/SendTextMultiMessage?Username=raqib&Password=Abcd@1234&From=ALOKITO&To=', 'Mobirech', '1', '2017-12-31', NULL, NULL, NULL, '2017-09-23 00:13:21', '2017-09-23 00:13:21'),
(2, 1, 'https://api.mobireach.com.bd/SendTextMessage?Username=raqib&Password=Abcd@1234&From=ALOKITO&To=', 'Mobirech', '1', '2017-12-31', NULL, NULL, NULL, '2017-09-23 00:13:39', '2017-09-23 00:13:39');

-- --------------------------------------------------------

--
-- Table structure for table `sms_log`
--

CREATE TABLE `sms_log` (
  `id` int(10) UNSIGNED NOT NULL,
  `user_id` int(11) NOT NULL,
  `user_group` int(11) NOT NULL,
  `user_no` varchar(255) COLLATE utf8mb4_unicode_ci NOT NULL,
  `message_id` varchar(255) COLLATE utf8mb4_unicode_ci NOT NULL,
  `sms_batch_id` int(11) DEFAULT NULL,
  `delivery_status` varchar(255) COLLATE utf8mb4_unicode_ci DEFAULT NULL,
  `created_at` timestamp NULL DEFAULT NULL,
  `updated_at` timestamp NULL DEFAULT NULL,
  `created_by` int(11) DEFAULT NULL,
  `updated_by` int(11) DEFAULT NULL,
  `deleted_at` timestamp NULL DEFAULT NULL
) ENGINE=InnoDB DEFAULT CHARSET=utf8mb4 COLLATE=utf8mb4_unicode_ci;

--
-- Dumping data for table `sms_log`
--

INSERT INTO `sms_log` (`id`, `user_id`, `user_group`, `user_no`, `message_id`, `sms_batch_id`, `delivery_status`, `created_at`, `updated_at`, `created_by`, `updated_by`, `deleted_at`) VALUES
(1, 1, 2, '01733869659', '5', 1, '1', '2017-09-23 00:52:54', '2017-09-23 00:52:54', NULL, NULL, NULL),
(2, 40, 2, '01733869659', '6', 2, '1', '2017-09-23 01:06:49', '2017-09-23 01:06:49', NULL, NULL, NULL),
(3, 40, 2, '01733869659', '7', 4, '1', '2017-09-23 01:11:07', '2017-09-23 01:11:07', NULL, NULL, NULL),
(4, 40, 2, '01733869659', '8', 6, '1', '2017-09-23 01:28:51', '2017-09-23 01:28:51', NULL, NULL, NULL),
(5, 1, 2, '01733869659', '9', 7, '1', '2017-09-23 01:32:38', '2017-09-23 01:32:38', NULL, NULL, NULL),
(6, 40, 2, '01733869659', '10', 8, '1', '2017-09-23 01:34:40', '2017-09-23 01:34:40', NULL, NULL, NULL),
(7, 1, 2, '01733869659', '13', 9, '1', '2017-09-23 01:45:27', '2017-09-23 01:45:27', NULL, NULL, NULL),
(8, 40, 2, '01733869659', '14', 10, '1', '2017-09-23 01:48:46', '2017-09-23 01:48:46', NULL, NULL, NULL),
(9, 1, 2, '01733869659', '15', 11, '1', '2017-09-23 01:54:38', '2017-09-23 01:54:38', NULL, NULL, NULL),
(10, 40, 2, '01733869659', '16', 12, '1', '2017-09-23 01:55:39', '2017-09-23 01:55:39', NULL, NULL, NULL),
(11, 1, 2, '01733869659', '19', 13, '1', '2017-09-23 02:00:33', '2017-09-23 02:00:33', NULL, NULL, NULL),
(12, 2, 4, '1717375219', '19', 14, '1', '2017-09-23 02:00:34', '2017-09-23 02:00:34', NULL, NULL, NULL),
(13, 40, 2, '01733869659', '20', 15, '1', '2017-09-23 02:02:21', '2017-09-23 02:02:21', NULL, NULL, NULL),
(14, 4, 4, '01766090110', '20', 16, '1', '2017-09-23 02:02:21', '2017-09-23 02:02:21', NULL, NULL, NULL),
(15, 40, 2, '01733869659', '21', 17, '1', '2017-09-23 02:04:45', '2017-09-23 02:04:45', NULL, NULL, NULL),
(16, 4, 4, '01766090110', '21', 18, '1', '2017-09-23 02:04:45', '2017-09-23 02:04:45', NULL, NULL, NULL),
(17, 40, 2, '01733869659', '22', 19, '1', '2017-09-23 02:11:35', '2017-09-23 02:11:35', NULL, NULL, NULL),
(18, 40, 2, '01733869659', '23', 20, '1', '2017-09-23 02:15:08', '2017-09-23 02:15:08', NULL, NULL, NULL),
(19, 4, 4, '01766090110', '23', 21, '1', '2017-09-23 02:15:08', '2017-09-23 02:15:08', NULL, NULL, NULL),
(20, 40, 2, '01733869659', '24', 22, '1', '2017-09-23 02:16:09', '2017-09-23 02:16:09', NULL, NULL, NULL),
(21, 4, 4, '01766090110', '24', 23, '1', '2017-09-23 02:16:09', '2017-09-23 02:16:09', NULL, NULL, NULL),
(22, 40, 2, '01733869659', '27', 24, '1', '2017-09-23 02:36:27', '2017-09-23 02:36:27', NULL, NULL, NULL),
(23, 4, 4, '01766090110', '27', 25, '1', '2017-09-23 02:36:27', '2017-09-23 02:36:27', NULL, NULL, NULL),
(24, 40, 2, '01733869659', '28', 26, '1', '2017-09-23 02:38:09', '2017-09-23 02:38:09', NULL, NULL, NULL),
(25, 4, 4, '01766090110', '28', 27, '1', '2017-09-23 02:38:09', '2017-09-23 02:38:09', NULL, NULL, NULL),
(26, 40, 2, '01733869659', '29', 28, '1', '2017-09-23 02:39:22', '2017-09-23 02:39:22', NULL, NULL, NULL),
(27, 4, 4, '01766090110', '29', 29, '1', '2017-09-23 02:39:22', '2017-09-23 02:39:22', NULL, NULL, NULL),
(28, 40, 2, '01733869659', '30', 30, '1', '2017-09-23 02:40:58', '2017-09-23 02:40:58', NULL, NULL, NULL),
(29, 4, 4, '01766090110', '30', 31, '1', '2017-09-23 02:40:58', '2017-09-23 02:40:58', NULL, NULL, NULL),
(30, 40, 2, '01733869659', '31', 32, '1', '2017-09-23 02:41:50', '2017-09-23 02:41:50', NULL, NULL, NULL),
(31, 4, 4, '01766090110', '31', 33, '1', '2017-09-23 02:41:50', '2017-09-23 02:41:50', NULL, NULL, NULL),
(32, 8, 1, '01733869659', '32', 34, '1', '2017-09-23 02:47:46', '2017-09-23 02:47:46', NULL, NULL, NULL),
(33, 8, 1, '01733869659', '33', 35, '1', '2017-09-23 02:48:44', '2017-09-23 02:48:44', NULL, NULL, NULL),
(34, 9, 1, '01766090110', '33', 35, '1', '2017-09-23 02:48:44', '2017-09-23 02:48:44', NULL, NULL, NULL),
(35, 4, 4, '01766090110', '34', 36, '1', '2017-09-23 03:13:14', '2017-09-23 03:13:14', NULL, NULL, NULL),
(36, 1, 4, '1717375219', '35', 37, '1', '2017-09-23 03:14:21', '2017-09-23 03:14:21', NULL, NULL, NULL),
(37, 2, 4, '1717375219', '35', 37, '1', '2017-09-23 03:14:21', '2017-09-23 03:14:21', NULL, NULL, NULL),
(38, 3, 4, '1673699859', '35', 37, '1', '2017-09-23 03:14:21', '2017-09-23 03:14:21', NULL, NULL, NULL),
(39, 4, 4, '01766090110', '35', 37, '1', '2017-09-23 03:14:21', '2017-09-23 03:14:21', NULL, NULL, NULL),
(40, 1, 4, '01717375219', '36', 38, '1', '2017-09-23 03:17:38', '2017-09-23 03:17:38', NULL, NULL, NULL),
(41, 2, 4, '01717375219', '36', 38, '1', '2017-09-23 03:17:38', '2017-09-23 03:17:38', NULL, NULL, NULL),
(42, 3, 4, '01673699859', '36', 38, '1', '2017-09-23 03:17:38', '2017-09-23 03:17:38', NULL, NULL, NULL),
(43, 1, 4, '01717375219', '37', 39, '1', '2017-09-23 03:26:16', '2017-09-23 03:26:16', NULL, NULL, NULL),
(44, 2, 4, '01717375219', '37', 39, '1', '2017-09-23 03:26:16', '2017-09-23 03:26:16', NULL, NULL, NULL),
(45, 3, 4, '01673699859', '37', 39, '1', '2017-09-23 03:26:16', '2017-09-23 03:26:16', NULL, NULL, NULL),
(46, 4, 4, '01766090110', '37', 39, '1', '2017-09-23 03:26:16', '2017-09-23 03:26:16', NULL, NULL, NULL);

-- --------------------------------------------------------

--
-- Table structure for table `sms_message`
--

CREATE TABLE `sms_message` (
  `id` int(10) UNSIGNED NOT NULL,
  `message` varchar(255) COLLATE utf8mb4_unicode_ci NOT NULL,
  `created_at` timestamp NULL DEFAULT NULL,
  `updated_at` timestamp NULL DEFAULT NULL,
  `created_by` int(11) DEFAULT NULL,
  `updated_by` int(11) DEFAULT NULL,
  `deleted_at` timestamp NULL DEFAULT NULL
) ENGINE=InnoDB DEFAULT CHARSET=utf8mb4 COLLATE=utf8mb4_unicode_ci;

--
-- Dumping data for table `sms_message`
--

INSERT INTO `sms_message` (`id`, `message`, `created_at`, `updated_at`, `created_by`, `updated_by`, `deleted_at`) VALUES
(1, 'Fees Notification!\r\nFees Name: Tution Fees (September)\r\nName: Mr. Sree Romesh Chnadra Shill\r\nClass: Class 9\r\nSection: A\r\nPaid: 588 BDT\r\nDate:23-09-2017', '2017-09-23 00:44:24', '2017-09-23 00:44:24', NULL, NULL, NULL),
(2, 'Fees Notification!\r\nFees Name: Tution Fees (September)\r\nName: Mr. Sree Romesh Chnadra Shill\r\nClass: Class 9\r\nSection: A\r\nPaid: 588 BDT\r\nDate:23-09-2017', '2017-09-23 00:44:32', '2017-09-23 00:44:32', NULL, NULL, NULL),
(3, 'Fees Notification!\r\nFees Name: Tution Fees (September)\r\nName: Mr. Sree Romesh Chnadra Shill\r\nClass: Class 9\r\nSection: A\r\nPaid: 588 BDT\r\nDate:23-09-2017', '2017-09-23 00:48:13', '2017-09-23 00:48:13', NULL, NULL, NULL),
(4, 'Fees Notification!\r\nFees Name: Tution Fees (September)\r\nName: Mr. Sree Romesh Chnadra Shill\r\nClass: Class 9\r\nSection: A\r\nPaid: 588 BDT\r\nDate:23-09-2017', '2017-09-23 00:48:21', '2017-09-23 00:48:21', NULL, NULL, NULL),
(5, 'Fees Notification!\r\nFees Name: Tution Fees (September)\r\nName: Mr. Sree Romesh Chnadra Shill\r\nClass: Class 9\r\nSection: A\r\nPaid: 1600 BDT\r\nDate:23-09-2017', '2017-09-23 00:52:54', '2017-09-23 00:52:54', NULL, NULL, NULL),
(6, 'Attendance Notification!\r\nName: Mr. Sumon Islam Khan\r\nClass: Class 9\r\nSection: C\r\nAttendance: present\r\nDate: 23-09-2017', '2017-09-23 01:06:49', '2017-09-23 01:06:49', NULL, NULL, NULL),
(7, 'Result Notification!\r\nName: Mr. Sumon Islam Khan\r\nClass: Class 9\r\nSection: C\r\nClass Attendance : 8/10\r\nMid : 80/100\r\nDate:23-09-2017', '2017-09-23 01:11:07', '2017-09-23 01:11:07', NULL, NULL, NULL),
(8, 'Fees Notification!\r\nFees Name: First Fees Template\r\nName: Mr. Sumon Islam Khan\r\nClass: Class 9\r\nSection: C\r\nPaid: 360 BDT\r\nDate:23-09-2017', '2017-09-23 01:28:50', '2017-09-23 01:28:50', NULL, NULL, NULL),
(9, 'Fees Notification!\r\nFees Name: Tution Fees (September)\r\nName: Mr. Sree Romesh Chnadra Shill\r\nClass: Class 9\r\nSection: A\r\nPaid: 2000 BDT\r\nDate:23-09-2017', '2017-09-23 01:32:38', '2017-09-23 01:32:38', NULL, NULL, NULL),
(10, 'Fees Notification!\r\nFees Name: Tution Fees (September)\r\nName: Mr. Sumon Islam Khan\r\nClass: Class 9\r\nSection: C\r\nPaid: 1465.2 BDT\r\nDate:23-09-2017', '2017-09-23 01:34:40', '2017-09-23 01:34:40', NULL, NULL, NULL),
(11, 'Fees Notification!\r\nFees Name: Tution Fees (September)\r\nName: Mr. AKM Amirul Isalm\r\nClass: Class 9\r\nSection: A\r\nPaid: 588 BDT\r\nDate:23-09-2017', '2017-09-23 01:43:38', '2017-09-23 01:43:38', NULL, NULL, NULL),
(12, 'Fees Notification!\r\nFees Name: Tution Fees (September)\r\nName: Mr. AKM Amirul Isalm\r\nClass: Class 9\r\nSection: A\r\nPaid: 588 BDT\r\nDate:23-09-2017', '2017-09-23 01:43:45', '2017-09-23 01:43:45', NULL, NULL, NULL),
(13, 'Fees Notification!\r\nFees Name: Gopala Fees\r\nName: Mr. Sree Romesh Chnadra Shill\r\nClass: Class 9\r\nSection: A\r\nPaid: 3112.48 BDT\r\nDate:23-09-2017', '2017-09-23 01:45:27', '2017-09-23 01:45:27', NULL, NULL, NULL),
(14, 'Fees Notification!\r\nFees Name: Gopala Fees\r\nName: Mr. Sumon Islam Khan\r\nClass: Class 9\r\nSection: C\r\nPaid: 3112.48 BDT\r\nDate:23-09-2017', '2017-09-23 01:48:46', '2017-09-23 01:48:46', NULL, NULL, NULL),
(15, 'Fees Notification!\r\nFees Name: First Fees Template\r\nName: Mr. Sree Romesh Chnadra Shill\r\nClass: Class 9\r\nSection: A\r\nPaid: 450 BDT\r\nDate:23-09-2017', '2017-09-23 01:54:38', '2017-09-23 01:54:38', NULL, NULL, NULL),
(16, 'Fees Notification!\r\nFees Name: First Fees Template\r\nName: Mr. Sumon Islam Khan\r\nClass: Class 9\r\nSection: C\r\nPaid: 450 BDT\r\nDate:23-09-2017', '2017-09-23 01:55:39', '2017-09-23 01:55:39', NULL, NULL, NULL),
(17, 'Fees Notification!\r\nFees Name: Tution Fees (September)\r\nName: Mr. AKM Amirul Isalm\r\nClass: Class 9\r\nSection: A\r\nPaid: 1000 BDT\r\nDate:23-09-2017', '2017-09-23 01:59:28', '2017-09-23 01:59:28', NULL, NULL, NULL),
(18, 'Fees Notification!\r\nFees Name: Tution Fees (September)\r\nName: Mr. AKM Amirul Isalm\r\nClass: Class 9\r\nSection: A\r\nPaid: 1000 BDT\r\nDate:23-09-2017', '2017-09-23 01:59:34', '2017-09-23 01:59:34', NULL, NULL, NULL),
(19, 'Fees Notification!\r\nFees Name: Tution Fees (September)\r\nName: Mr. Sree Romesh Chnadra Shill\r\nClass: Class 9\r\nSection: A\r\nPaid: 1000 BDT\r\nDate:23-09-2017', '2017-09-23 02:00:33', '2017-09-23 02:00:33', NULL, NULL, NULL),
(20, 'Fees Notification!\r\nFees Name: Tution Fees (September)\r\nName: Mr. Sumon Islam Khan\r\nClass: Class 9\r\nSection: C\r\nPaid: 1000 BDT\r\nDate:23-09-2017', '2017-09-23 02:02:21', '2017-09-23 02:02:21', NULL, NULL, NULL),
(21, 'Fees Notification!\r\nFees Name: Tution Fees (September)\r\nName: Mr. Sumon Islam Khan\r\nClass: Class 9\r\nSection: C\r\nPaid: 400.8 BDT\r\nDate:23-09-2017', '2017-09-23 02:04:45', '2017-09-23 02:04:45', NULL, NULL, NULL),
(22, 'Attendance Notification!\r\nName: Mr. Sumon Islam Khan\r\nClass: Class 9\r\nSection: C\r\nAttendance: present\r\nDate: 23-09-2017', '2017-09-23 02:11:35', '2017-09-23 02:11:35', NULL, NULL, NULL),
(23, 'Attendance Notification!\r\nName: Mr. Sumon Islam Khan\r\nClass: Class 9\r\nSection: C\r\nAttendance: absent\r\nDate: 23-09-2017', '2017-09-23 02:15:07', '2017-09-23 02:15:07', NULL, NULL, NULL),
(24, 'Attendance Notification!\r\nName: Mr. Sumon Islam Khan\r\nClass: Class 9\r\nSection: C\r\nAttendance: present\r\nDate: 23-09-2017', '2017-09-23 02:16:09', '2017-09-23 02:16:09', NULL, NULL, NULL),
(25, 'Result Notification!\r\nName: Mr. Sumon Islam Khan\r\nClass: Class 9\r\nSection: C\r\nClass Attendance : 8/10\r\nMid : 70/100\r\nDate:23-09-2017', '2017-09-23 02:34:34', '2017-09-23 02:34:34', NULL, NULL, NULL),
(26, 'Result Notification!\r\nName: Mr. Sumon Islam Khan\r\nClass: Class 9\r\nSection: C\r\nClass Attendance : 8/10\r\nMid : 70/100\r\nDate:23-09-2017', '2017-09-23 02:35:35', '2017-09-23 02:35:35', NULL, NULL, NULL),
(27, 'Result Notification!\r\nName: Mr. Sumon Islam Khan\r\nClass: Class 9\r\nSection: C\r\nClass Attendance : 8/10\r\nMid : 70/100\r\nDate:23-09-2017', '2017-09-23 02:36:27', '2017-09-23 02:36:27', NULL, NULL, NULL),
(28, 'Result Notification!\r\nName: Mr. Sumon Islam Khan\r\nClass: Class 9\r\nSection: C\r\nClass Attendance : 8/10\r\nMid : 70/100\r\nDate:23-09-2017', '2017-09-23 02:38:09', '2017-09-23 02:38:09', NULL, NULL, NULL),
(29, 'Result Notification!\r\nName: Mr. Sumon Islam Khan\r\nClass: Class 9\r\nSection: C\r\nClass Attendance : 8/10\r\nMid : 70/100\r\nDate:23-09-2017', '2017-09-23 02:39:22', '2017-09-23 02:39:22', NULL, NULL, NULL),
(30, 'Result Notification!\r\nName: Mr. Sumon Islam Khan\r\nClass: Class 9\r\nSection: C\r\nClass Attendance : 7/10\r\nMid : 60/100\r\nDate:23-09-2017', '2017-09-23 02:40:58', '2017-09-23 02:40:58', NULL, NULL, NULL),
(31, 'Result Notification!\r\nName: Mr. Sumon Islam Khan\r\nClass: Class 9\r\nSection: C\r\nClass Attendance : 7/10\r\nMid : 60/100\r\nDate:23-09-2017', '2017-09-23 02:41:50', '2017-09-23 02:41:50', NULL, NULL, NULL),
(32, 'Hi Whats Up!', '2017-09-23 02:47:46', '2017-09-23 02:47:46', NULL, NULL, NULL),
(33, 'This is teacher Sms', '2017-09-23 02:48:44', '2017-09-23 02:48:44', NULL, NULL, NULL),
(34, 'Thisis fpasdfasdgewgwef sdfasmfsa f', '2017-09-23 03:13:14', '2017-09-23 03:13:14', NULL, NULL, NULL),
(35, 'This is Parents Sms', '2017-09-23 03:14:21', '2017-09-23 03:14:21', NULL, NULL, NULL),
(36, 'This is Parents Message', '2017-09-23 03:17:38', '2017-09-23 03:17:38', NULL, NULL, NULL),
(37, 'Hi Whats Up!', '2017-09-23 03:26:16', '2017-09-23 03:26:16', NULL, NULL, NULL);

-- --------------------------------------------------------

--
-- Table structure for table `sms_status`
--

CREATE TABLE `sms_status` (
  `id` int(10) UNSIGNED NOT NULL,
  `message_id` varchar(255) COLLATE utf8mb4_unicode_ci DEFAULT NULL,
  `status` varchar(255) COLLATE utf8mb4_unicode_ci DEFAULT NULL,
  `status_text` varchar(255) COLLATE utf8mb4_unicode_ci DEFAULT NULL,
  `error_code` varchar(255) COLLATE utf8mb4_unicode_ci DEFAULT NULL,
  `error_text` varchar(255) COLLATE utf8mb4_unicode_ci DEFAULT NULL,
  `sms_count` varchar(255) COLLATE utf8mb4_unicode_ci DEFAULT NULL,
  `current_credit` double DEFAULT NULL,
  `sms_logid` int(11) DEFAULT NULL,
  `created_at` timestamp NULL DEFAULT NULL,
  `updated_at` timestamp NULL DEFAULT NULL,
  `created_by` int(11) DEFAULT NULL,
  `updated_by` int(11) DEFAULT NULL,
  `deleted_at` timestamp NULL DEFAULT NULL
) ENGINE=InnoDB DEFAULT CHARSET=utf8mb4 COLLATE=utf8mb4_unicode_ci;

-- --------------------------------------------------------

--
-- Table structure for table `sms_template`
--

CREATE TABLE `sms_template` (
  `id` int(10) UNSIGNED NOT NULL,
  `message` varchar(255) COLLATE utf8mb4_unicode_ci NOT NULL,
  `status` varchar(255) COLLATE utf8mb4_unicode_ci NOT NULL,
  `created_at` timestamp NULL DEFAULT NULL,
  `updated_at` timestamp NULL DEFAULT NULL,
  `created_by` int(11) DEFAULT NULL,
  `updated_by` int(11) DEFAULT NULL,
  `deleted_at` timestamp NULL DEFAULT NULL
) ENGINE=InnoDB DEFAULT CHARSET=utf8mb4 COLLATE=utf8mb4_unicode_ci;

--
-- Dumping data for table `sms_template`
--

INSERT INTO `sms_template` (`id`, `message`, `status`, `created_at`, `updated_at`, `created_by`, `updated_by`, `deleted_at`) VALUES
(1, 'Attendance Notification!\r\nName: {name}\r\nClass: {batch}\r\nSection: {section}\r\nAttendance: {attendance}\r\nDate: {date}', '1', NULL, NULL, NULL, NULL, NULL),
(2, 'Result Notification!\r\nName: {name}\r\nClass: {batch}\r\nSection: {section}\r\n{result}\r\nDate:{date}', '1', NULL, NULL, NULL, NULL, NULL),
(3, 'Fees Notification!\r\nFees Name: {fees}\r\nName: {name}\r\nClass: {batch}\r\nSection: {section}\r\nPaid: {amount}\r\nDate:{date}', '1', NULL, NULL, NULL, NULL, NULL);

-- --------------------------------------------------------

--
-- Stand-in structure for view `student_assessment_view`
--
CREATE TABLE `student_assessment_view` (
`std_id` int(10) unsigned
,`academic_level` int(10) unsigned
,`batch` int(10) unsigned
,`section` int(10) unsigned
,`subject` int(10) unsigned
,`deleted_at` timestamp
);

-- --------------------------------------------------------

--
-- Table structure for table `student_attachments`
--

CREATE TABLE `student_attachments` (
  `id` int(10) UNSIGNED NOT NULL,
  `std_id` int(10) UNSIGNED NOT NULL DEFAULT '0',
  `doc_id` int(10) UNSIGNED NOT NULL DEFAULT '0',
  `doc_type` varchar(255) COLLATE utf8mb4_unicode_ci NOT NULL DEFAULT 'Not available',
  `doc_details` varchar(500) COLLATE utf8mb4_unicode_ci NOT NULL DEFAULT 'Not available',
  `doc_submited_at` date DEFAULT NULL,
  `doc_status` tinyint(1) NOT NULL DEFAULT '0',
  `created_at` timestamp NULL DEFAULT NULL,
  `updated_at` timestamp NULL DEFAULT NULL,
  `deleted_at` timestamp NULL DEFAULT NULL
) ENGINE=InnoDB DEFAULT CHARSET=utf8mb4 COLLATE=utf8mb4_unicode_ci;

--
-- Dumping data for table `student_attachments`
--

INSERT INTO `student_attachments` (`id`, `std_id`, `doc_id`, `doc_type`, `doc_details`, `doc_submited_at`, `doc_status`, `created_at`, `updated_at`, `deleted_at`) VALUES
(1, 1, 15, 'SSC_CERTIFICATE', 'asdfasd', '2017-07-14', 0, '2017-07-25 23:47:06', '2017-07-25 23:47:06', NULL),
(2, 1, 16, 'PROFILE_PHOTO', 'Not available', NULL, 0, '2017-07-26 00:47:58', '2017-07-26 00:47:58', NULL),
(3, 5, 17, 'SSC_CERTIFICATE', 'asdfasd', '2017-08-03', 0, '2017-08-10 05:03:20', '2017-08-10 05:03:20', NULL),
(4, 13, 21, 'PROFILE_PHOTO', 'Not available', NULL, 0, '2017-08-20 00:43:10', '2017-08-20 00:43:10', NULL);

-- --------------------------------------------------------

--
-- Stand-in structure for view `student_attendance_view_one`
--
CREATE TABLE `student_attendance_view_one` (
`academic_year` int(10) unsigned
,`att_id` int(10) unsigned
,`student_id` int(11)
,`std_gender` enum('Male','Female')
,`attendacnce_type` int(11)
,`class_id` int(10) unsigned
,`section_id` int(10) unsigned
,`session_id` int(10) unsigned
,`attendance_date` date
,`subject_id` int(10) unsigned
,`deleted_at` timestamp
);

-- --------------------------------------------------------

--
-- Stand-in structure for view `student_attendance_view_two`
--
CREATE TABLE `student_attendance_view_two` (
`academic_year` int(10) unsigned
,`att_id` int(10) unsigned
,`student_id` int(11)
,`std_gender` enum('Male','Female')
,`attendacnce_type` int(11)
,`class_id` int(10) unsigned
,`section_id` int(10) unsigned
,`session_id` int(10) unsigned
,`subject_id` int(10) unsigned
,`sorting_order` int(10) unsigned
,`attendance_date` date
,`deleted_at` timestamp
);

-- --------------------------------------------------------

--
-- Table structure for table `student_enrollments`
--

CREATE TABLE `student_enrollments` (
  `id` int(10) UNSIGNED NOT NULL,
  `std_id` int(10) UNSIGNED NOT NULL DEFAULT '0',
  `gr_no` varchar(255) COLLATE utf8mb4_unicode_ci DEFAULT NULL,
  `academic_level` int(10) UNSIGNED NOT NULL DEFAULT '0',
  `batch` int(10) UNSIGNED NOT NULL DEFAULT '0',
  `section` int(10) UNSIGNED NOT NULL DEFAULT '0',
  `academic_year` int(10) UNSIGNED NOT NULL DEFAULT '0',
  `admission_year` int(10) UNSIGNED NOT NULL DEFAULT '0',
  `enrolled_at` date NOT NULL,
  `enroll_status` varchar(255) COLLATE utf8mb4_unicode_ci NOT NULL DEFAULT 'Not available',
  `batch_status` varchar(255) COLLATE utf8mb4_unicode_ci NOT NULL DEFAULT 'Not available',
  `remark` varchar(1000) COLLATE utf8mb4_unicode_ci NOT NULL DEFAULT 'Not available',
  `created_at` timestamp NULL DEFAULT NULL,
  `updated_at` timestamp NULL DEFAULT NULL,
  `deleted_at` timestamp NULL DEFAULT NULL
) ENGINE=InnoDB DEFAULT CHARSET=utf8mb4 COLLATE=utf8mb4_unicode_ci;

--
-- Dumping data for table `student_enrollments`
--

INSERT INTO `student_enrollments` (`id`, `std_id`, `gr_no`, `academic_level`, `batch`, `section`, `academic_year`, `admission_year`, `enrolled_at`, `enroll_status`, `batch_status`, `remark`, `created_at`, `updated_at`, `deleted_at`) VALUES
(1, 1, 'GUB013', 2, 4, 9, 1, 1, '2017-07-27', 'IN_PROGRESS', 'Not available', 'Not available', '2017-07-26 03:42:54', '2017-09-11 05:25:08', NULL),
(2, 2, 'GUB013', 2, 4, 9, 1, 1, '2017-07-04', 'IN_PROGRESS', 'Not available', 'Not available', NULL, '2017-09-11 05:25:08', NULL),
(3, 3, 'GUB013', 2, 4, 9, 1, 1, '2017-07-04', 'IN_PROGRESS', 'Not available', 'Not available', NULL, '2017-09-11 05:25:08', NULL),
(4, 4, 'GUB013', 2, 4, 9, 1, 1, '2017-07-28', 'IN_PROGRESS', 'Not available', 'Not available', NULL, '2017-09-11 05:25:08', NULL),
(5, 5, 'GUB013', 2, 4, 9, 1, 1, '2017-07-28', 'IN_PROGRESS', 'Not available', 'Not available', NULL, '2017-09-11 05:25:09', NULL),
(6, 6, 'GUB013', 2, 4, 9, 1, 1, '2017-07-28', 'IN_PROGRESS', 'Not available', 'Not available', NULL, '2017-09-20 00:55:17', NULL),
(7, 7, 'GUB013', 2, 4, 9, 1, 1, '2017-08-21', 'IN_PROGRESS', 'Not available', 'Not available', '2017-08-07 01:23:31', '2017-09-20 00:55:18', NULL),
(8, 8, 'asdfa', 2, 4, 9, 1, 1, '2017-08-24', 'IN_PROGRESS', 'Not available', 'Not available', '2017-08-16 01:16:10', '2017-09-20 00:55:18', NULL),
(9, 9, 'fasdf', 2, 3, 8, 1, 2, '2017-08-14', 'IN_PROGRESS', 'Not available', 'Not available', '2017-08-19 23:55:51', '2017-08-23 00:32:31', NULL),
(10, 10, 'asdfasd', 2, 3, 8, 1, 1, '2017-08-14', 'IN_PROGRESS', 'Not available', 'Not available', '2017-08-20 00:07:04', '2017-08-23 00:32:31', NULL),
(12, 12, 'asdfasd', 2, 3, 8, 1, 1, '2017-08-14', 'IN_PROGRESS', 'Not available', 'Not available', '2017-08-20 00:15:11', '2017-08-23 00:32:31', NULL),
(13, 13, 'asdfasd', 2, 3, 8, 1, 1, '2017-08-14', 'IN_PROGRESS', 'Not available', 'Not available', '2017-08-20 00:19:53', '2017-08-23 00:32:31', NULL),
(14, 14, 'asdfas', 2, 3, 8, 1, 2, '2017-08-15', 'IN_PROGRESS', 'Not available', 'Not available', '2017-08-20 01:21:12', '2017-08-23 00:32:31', NULL),
(15, 15, 'asdfas', 2, 3, 8, 1, 2, '2017-08-15', 'IN_PROGRESS', 'Not available', 'Not available', '2017-08-20 01:24:15', '2017-08-23 00:32:31', NULL),
(16, 16, 'asdfas', 2, 3, 8, 1, 2, '2017-08-15', 'IN_PROGRESS', 'Not available', 'Not available', '2017-08-20 01:24:53', '2017-08-23 00:32:31', NULL),
(17, 17, 'asdfa', 2, 3, 8, 1, 1, '2017-08-29', 'IN_PROGRESS', 'Not available', 'Not available', '2017-08-20 03:49:36', '2017-08-23 00:32:31', NULL),
(21, 22, NULL, 2, 4, 9, 1, 3, '2017-09-20', 'Not available', 'Not available', 'Not available', '2017-09-20 00:12:38', '2017-09-20 00:12:38', NULL),
(22, 23, NULL, 2, 4, 9, 1, 3, '2017-09-20', 'Not available', 'Not available', 'Not available', '2017-09-20 00:12:38', '2017-09-20 00:12:38', NULL),
(23, 24, NULL, 2, 4, 9, 1, 3, '2017-09-20', 'Not available', 'Not available', 'Not available', '2017-09-20 00:23:31', '2017-09-20 00:23:31', NULL),
(24, 25, NULL, 2, 4, 9, 1, 3, '2017-09-20', 'Not available', 'Not available', 'Not available', '2017-09-20 00:23:31', '2017-09-20 00:23:31', NULL),
(27, 28, NULL, 2, 4, 9, 1, 3, '2017-09-20', 'Not available', 'Not available', 'Not available', '2017-09-20 00:38:55', '2017-09-20 00:38:55', NULL),
(28, 29, NULL, 2, 4, 9, 1, 3, '2017-09-20', 'Not available', 'Not available', 'Not available', '2017-09-20 00:38:55', '2017-09-20 00:38:55', NULL),
(29, 30, NULL, 2, 4, 9, 1, 3, '2017-09-20', 'Not available', 'Not available', 'Not available', '2017-09-20 01:14:42', '2017-09-20 01:14:42', NULL),
(30, 31, NULL, 2, 4, 9, 1, 3, '2017-09-20', 'Not available', 'Not available', 'Not available', '2017-09-20 01:14:42', '2017-09-20 01:14:42', NULL),
(31, 32, NULL, 2, 4, 9, 1, 3, '2017-09-20', 'Not available', 'Not available', 'Not available', '2017-09-20 01:16:46', '2017-09-20 01:16:46', NULL),
(32, 33, NULL, 2, 4, 9, 1, 3, '2017-09-20', 'Not available', 'Not available', 'Not available', '2017-09-20 01:16:46', '2017-09-20 01:16:46', NULL),
(33, 34, NULL, 2, 4, 9, 1, 3, '2017-09-20', 'Not available', 'Not available', 'Not available', '2017-09-20 01:18:34', '2017-09-20 01:18:34', NULL),
(34, 35, NULL, 2, 4, 9, 1, 3, '2017-09-20', 'Not available', 'Not available', 'Not available', '2017-09-20 01:18:34', '2017-09-20 01:18:34', NULL),
(35, 36, NULL, 2, 4, 9, 1, 3, '2017-09-20', 'Not available', 'Not available', 'Not available', '2017-09-20 01:23:26', '2017-09-20 01:23:26', NULL),
(36, 37, NULL, 2, 4, 9, 1, 3, '2017-09-20', 'Not available', 'Not available', 'Not available', '2017-09-20 01:23:27', '2017-09-20 01:23:27', NULL),
(37, 38, NULL, 2, 4, 9, 1, 3, '2017-09-20', 'Not available', 'Not available', 'Not available', '2017-09-20 01:24:23', '2017-09-20 01:24:23', NULL),
(38, 39, NULL, 2, 4, 9, 1, 3, '2017-09-20', 'Not available', 'Not available', 'Not available', '2017-09-20 01:24:23', '2017-09-20 01:24:23', NULL),
(39, 40, 'GR-003', 2, 4, 13, 1, 1, '2017-09-23', 'Not available', 'Not available', 'Not available', '2017-09-23 01:05:10', '2017-09-23 01:05:10', NULL);

-- --------------------------------------------------------

--
-- Table structure for table `student_enrollment_history`
--

CREATE TABLE `student_enrollment_history` (
  `id` int(10) UNSIGNED NOT NULL,
  `enroll_id` int(10) UNSIGNED NOT NULL,
  `gr_no` varchar(255) COLLATE utf8mb4_unicode_ci DEFAULT NULL,
  `section` int(10) UNSIGNED NOT NULL,
  `batch` int(10) UNSIGNED NOT NULL,
  `academic_level` int(10) UNSIGNED NOT NULL,
  `academic_year` int(10) UNSIGNED NOT NULL DEFAULT '0',
  `enrolled_at` date NOT NULL,
  `batch_status` varchar(255) COLLATE utf8mb4_unicode_ci DEFAULT 'Not available',
  `remark` varchar(1000) COLLATE utf8mb4_unicode_ci NOT NULL DEFAULT 'Not available',
  `created_at` timestamp NULL DEFAULT NULL,
  `updated_at` timestamp NULL DEFAULT NULL,
  `deleted_at` timestamp NULL DEFAULT NULL
) ENGINE=InnoDB DEFAULT CHARSET=utf8mb4 COLLATE=utf8mb4_unicode_ci;

--
-- Dumping data for table `student_enrollment_history`
--

INSERT INTO `student_enrollment_history` (`id`, `enroll_id`, `gr_no`, `section`, `batch`, `academic_level`, `academic_year`, `enrolled_at`, `batch_status`, `remark`, `created_at`, `updated_at`, `deleted_at`) VALUES
(1, 1, 'GUB013', 8, 3, 2, 1, '2017-08-22', 'LEVEL_UP', 'Not available', '2017-08-22 05:56:15', '2017-08-22 06:16:24', NULL),
(2, 2, 'GUB013', 8, 3, 2, 1, '2017-08-22', 'LEVEL_UP', 'Not available', '2017-08-22 05:57:32', '2017-08-22 06:16:24', NULL),
(3, 3, 'GUB013', 8, 3, 2, 1, '2017-08-22', 'LEVEL_UP', 'Not available', '2017-08-22 05:57:32', '2017-08-22 06:17:19', NULL),
(4, 4, 'GUB013', 8, 3, 2, 1, '2017-08-22', 'LEVEL_UP', 'Not available', '2017-08-22 05:57:32', '2017-08-22 06:17:20', NULL),
(5, 5, 'GUB013', 8, 3, 2, 1, '2017-08-22', 'LEVEL_UP', 'Not available', '2017-08-22 05:57:32', '2017-08-22 06:17:20', NULL),
(6, 6, 'GUB013', 8, 3, 2, 1, '2017-08-22', 'LEVEL_UP', 'Not available', '2017-08-22 05:57:32', '2017-08-22 06:17:20', NULL),
(7, 7, 'GUB013', 8, 3, 2, 1, '2017-08-22', 'LEVEL_UP', 'Not available', '2017-08-22 05:57:32', '2017-08-22 06:17:20', NULL),
(8, 8, 'asdfa', 8, 3, 2, 1, '2017-08-22', 'LEVEL_UP', 'Not available', '2017-08-22 06:07:16', '2017-08-22 06:17:20', NULL),
(9, 9, 'fasdf', 8, 3, 2, 1, '2017-08-22', 'LEVEL_UP', 'Not available', '2017-08-22 06:07:16', '2017-08-22 06:17:20', NULL),
(10, 10, 'asdfasd', 8, 3, 2, 1, '2017-08-22', 'LEVEL_UP', 'Not available', '2017-08-22 06:07:16', '2017-08-22 06:17:20', NULL),
(11, 12, 'asdfasd', 8, 3, 2, 1, '2017-08-22', 'LEVEL_UP', 'Not available', '2017-08-22 06:07:16', '2017-08-22 06:17:20', NULL),
(12, 13, 'asdfasd', 8, 3, 2, 1, '2017-08-22', 'LEVEL_UP', 'Not available', '2017-08-22 06:07:16', '2017-08-22 06:17:21', NULL),
(13, 14, 'asdfas', 8, 3, 2, 1, '2017-08-22', 'LEVEL_UP', 'Not available', '2017-08-22 06:07:16', '2017-08-22 06:17:21', NULL),
(14, 15, 'asdfas', 8, 3, 2, 1, '2017-08-22', 'LEVEL_UP', 'Not available', '2017-08-22 06:07:16', '2017-08-22 06:17:21', NULL),
(15, 16, 'asdfas', 8, 3, 2, 1, '2017-08-22', 'LEVEL_UP', 'Not available', '2017-08-22 06:07:16', '2017-08-22 06:17:21', NULL),
(16, 17, 'asdfa', 8, 3, 2, 1, '2017-08-22', 'LEVEL_UP', 'Not available', '2017-08-22 06:07:16', '2017-08-22 06:17:21', NULL),
(17, 1, 'GUB013', 9, 4, 2, 1, '2017-08-22', 'LEVEL_UP', 'Not available', '2017-08-22 06:16:24', '2017-08-22 22:56:44', NULL),
(18, 2, 'GUB013', 9, 4, 2, 1, '2017-08-22', 'LEVEL_UP', 'Not available', '2017-08-22 06:16:24', '2017-08-22 22:56:44', NULL),
(19, 3, 'GUB013', 9, 4, 2, 1, '2017-08-22', 'LEVEL_UP', 'Not available', '2017-08-22 06:17:19', '2017-08-22 22:56:44', NULL),
(20, 4, 'GUB013', 9, 4, 2, 1, '2017-08-22', 'LEVEL_UP', 'Not available', '2017-08-22 06:17:20', '2017-08-22 22:56:44', NULL),
(21, 5, 'GUB013', 9, 4, 2, 1, '2017-08-22', 'LEVEL_UP', 'Not available', '2017-08-22 06:17:20', '2017-08-22 22:56:44', NULL),
(22, 6, 'GUB013', 9, 4, 2, 1, '2017-08-22', 'LEVEL_UP', 'Not available', '2017-08-22 06:17:20', '2017-08-22 22:56:44', NULL),
(23, 7, 'GUB013', 9, 4, 2, 1, '2017-08-22', 'LEVEL_UP', 'Not available', '2017-08-22 06:17:20', '2017-08-22 22:56:45', NULL),
(24, 8, 'asdfa', 9, 4, 2, 1, '2017-08-22', 'LEVEL_UP', 'Not available', '2017-08-22 06:17:20', '2017-08-22 22:56:45', NULL),
(25, 9, 'fasdf', 9, 4, 2, 1, '2017-08-22', 'LEVEL_UP', 'Not available', '2017-08-22 06:17:20', '2017-08-22 22:56:45', NULL),
(26, 10, 'asdfasd', 9, 4, 2, 1, '2017-08-22', 'LEVEL_UP', 'Not available', '2017-08-22 06:17:20', '2017-08-22 22:56:45', NULL),
(27, 12, 'asdfasd', 9, 4, 2, 1, '2017-08-22', 'LEVEL_UP', 'Not available', '2017-08-22 06:17:21', '2017-08-22 22:56:45', NULL),
(28, 13, 'asdfasd', 9, 4, 2, 1, '2017-08-22', 'LEVEL_UP', 'Not available', '2017-08-22 06:17:21', '2017-08-22 22:56:45', NULL),
(29, 14, 'asdfas', 9, 4, 2, 1, '2017-08-22', 'LEVEL_UP', 'Not available', '2017-08-22 06:17:21', '2017-08-22 22:56:45', NULL),
(30, 15, 'asdfas', 9, 4, 2, 1, '2017-08-22', 'LEVEL_UP', 'Not available', '2017-08-22 06:17:21', '2017-08-22 22:56:45', NULL),
(31, 16, 'asdfas', 9, 4, 2, 1, '2017-08-22', 'LEVEL_UP', 'Not available', '2017-08-22 06:17:21', '2017-08-22 22:56:45', NULL),
(32, 17, 'asdfa', 9, 4, 2, 1, '2017-08-22', 'LEVEL_UP', 'Not available', '2017-08-22 06:17:21', '2017-08-22 22:56:45', NULL),
(33, 1, 'GUB013', 9, 4, 2, 1, '2017-08-23', 'LEVEL_UP', 'Not available', '2017-08-22 22:56:44', '2017-08-22 22:58:59', NULL),
(34, 2, 'GUB013', 9, 4, 2, 1, '2017-08-23', 'LEVEL_UP', 'Not available', '2017-08-22 22:56:44', '2017-08-22 22:58:59', NULL),
(35, 3, 'GUB013', 9, 4, 2, 1, '2017-08-23', 'LEVEL_UP', 'Not available', '2017-08-22 22:56:44', '2017-08-22 22:58:59', NULL),
(36, 4, 'GUB013', 9, 4, 2, 1, '2017-08-23', 'LEVEL_UP', 'Not available', '2017-08-22 22:56:44', '2017-08-22 22:59:00', NULL),
(37, 5, 'GUB013', 9, 4, 2, 1, '2017-08-23', 'LEVEL_UP', 'Not available', '2017-08-22 22:56:44', '2017-08-22 22:59:00', NULL),
(38, 6, 'GUB013', 9, 4, 2, 1, '2017-08-23', 'LEVEL_UP', 'Not available', '2017-08-22 22:56:45', '2017-08-22 22:59:00', NULL),
(39, 7, 'GUB013', 9, 4, 2, 1, '2017-08-23', 'LEVEL_UP', 'Not available', '2017-08-22 22:56:45', '2017-08-22 22:59:00', NULL),
(40, 8, 'asdfa', 9, 4, 2, 1, '2017-08-23', 'LEVEL_UP', 'Not available', '2017-08-22 22:56:45', '2017-08-22 22:59:00', NULL),
(41, 9, 'fasdf', 9, 4, 2, 1, '2017-08-23', 'LEVEL_UP', 'Not available', '2017-08-22 22:56:45', '2017-08-22 22:59:00', NULL),
(42, 10, 'asdfasd', 9, 4, 2, 1, '2017-08-23', 'LEVEL_UP', 'Not available', '2017-08-22 22:56:45', '2017-08-22 22:59:01', NULL),
(43, 12, 'asdfasd', 9, 4, 2, 1, '2017-08-23', 'LEVEL_UP', 'Not available', '2017-08-22 22:56:45', '2017-08-22 22:59:01', NULL),
(44, 13, 'asdfasd', 9, 4, 2, 1, '2017-08-23', 'LEVEL_UP', 'Not available', '2017-08-22 22:56:45', '2017-08-22 22:59:01', NULL),
(45, 14, 'asdfas', 9, 4, 2, 1, '2017-08-23', 'LEVEL_UP', 'Not available', '2017-08-22 22:56:45', '2017-08-22 22:59:01', NULL),
(46, 15, 'asdfas', 9, 4, 2, 1, '2017-08-23', 'LEVEL_UP', 'Not available', '2017-08-22 22:56:45', '2017-08-22 22:59:01', NULL),
(47, 16, 'asdfas', 9, 4, 2, 1, '2017-08-23', 'LEVEL_UP', 'Not available', '2017-08-22 22:56:45', '2017-08-22 22:59:01', NULL),
(48, 17, 'asdfa', 9, 4, 2, 1, '2017-08-23', 'LEVEL_UP', 'Not available', '2017-08-22 22:56:45', '2017-08-22 22:59:01', NULL),
(49, 1, 'GUB013', 8, 3, 2, 1, '2017-08-23', 'LEVEL_UP', 'Not available', '2017-08-22 22:58:59', '2017-08-22 23:18:43', NULL),
(50, 2, 'GUB013', 8, 3, 2, 1, '2017-08-23', 'LEVEL_UP', 'Not available', '2017-08-22 22:58:59', '2017-08-22 23:18:43', NULL),
(51, 3, 'GUB013', 8, 3, 2, 1, '2017-08-23', 'LEVEL_UP', 'Not available', '2017-08-22 22:59:00', '2017-08-22 23:18:43', NULL),
(52, 4, 'GUB013', 8, 3, 2, 1, '2017-08-23', 'LEVEL_UP', 'Not available', '2017-08-22 22:59:00', '2017-08-22 23:23:28', NULL),
(53, 5, 'GUB013', 8, 3, 2, 1, '2017-08-23', 'LEVEL_UP', 'Not available', '2017-08-22 22:59:00', '2017-08-22 23:23:28', NULL),
(54, 6, 'GUB013', 8, 3, 2, 1, '2017-08-23', 'LEVEL_UP', 'Not available', '2017-08-22 22:59:00', '2017-08-22 23:26:02', NULL),
(55, 7, 'GUB013', 8, 3, 2, 1, '2017-08-23', 'LEVEL_UP', 'Not available', '2017-08-22 22:59:00', '2017-08-22 23:26:02', NULL),
(56, 8, 'asdfa', 8, 3, 2, 1, '2017-08-23', 'LEVEL_UP', 'Not available', '2017-08-22 22:59:00', '2017-08-22 23:30:29', NULL),
(57, 9, 'fasdf', 8, 3, 2, 1, '2017-08-23', 'LEVEL_UP', 'Not available', '2017-08-22 22:59:01', '2017-08-22 23:30:29', NULL),
(58, 10, 'asdfasd', 8, 3, 2, 1, '2017-08-23', 'LEVEL_UP', 'Not available', '2017-08-22 22:59:01', '2017-08-22 23:30:29', NULL),
(59, 12, 'asdfasd', 8, 3, 2, 1, '2017-08-23', 'LEVEL_UP', 'Not available', '2017-08-22 22:59:01', '2017-08-22 23:30:29', NULL),
(60, 13, 'asdfasd', 8, 3, 2, 1, '2017-08-23', 'LEVEL_UP', 'Not available', '2017-08-22 22:59:01', '2017-08-22 23:33:14', NULL),
(61, 14, 'asdfas', 8, 3, 2, 1, '2017-08-23', 'LEVEL_UP', 'Not available', '2017-08-22 22:59:01', '2017-08-22 23:33:14', NULL),
(62, 15, 'asdfas', 8, 3, 2, 1, '2017-08-23', 'LEVEL_UP', 'Not available', '2017-08-22 22:59:01', '2017-08-22 23:33:14', NULL),
(63, 16, 'asdfas', 8, 3, 2, 1, '2017-08-23', 'LEVEL_UP', 'Not available', '2017-08-22 22:59:01', '2017-08-22 23:34:35', NULL),
(64, 17, 'asdfa', 8, 3, 2, 1, '2017-08-23', 'LEVEL_UP', 'Not available', '2017-08-22 22:59:01', '2017-08-22 23:34:35', NULL),
(65, 1, 'GUB013', 9, 4, 2, 1, '2017-08-23', 'LEVEL_UP', 'Not available', '2017-08-22 23:18:43', '2017-08-22 23:20:01', NULL),
(66, 2, 'GUB013', 9, 4, 2, 1, '2017-08-23', 'LEVEL_UP', 'Not available', '2017-08-22 23:18:43', '2017-08-22 23:20:01', NULL),
(67, 3, 'GUB013', 9, 4, 2, 1, '2017-08-23', 'LEVEL_UP', 'Not available', '2017-08-22 23:18:43', '2017-08-22 23:20:01', NULL),
(68, 1, 'GUB013', 9, 4, 2, 1, '2017-08-23', 'LEVEL_UP', 'Not available', '2017-08-22 23:20:01', '2017-08-22 23:37:11', NULL),
(69, 2, 'GUB013', 9, 4, 2, 1, '2017-08-23', 'LEVEL_UP', 'Not available', '2017-08-22 23:20:01', '2017-08-22 23:37:11', NULL),
(70, 3, 'GUB013', 9, 4, 2, 1, '2017-08-23', 'LEVEL_UP', 'Not available', '2017-08-22 23:20:01', '2017-08-22 23:37:11', NULL),
(71, 4, 'GUB013', 9, 4, 2, 1, '2017-08-23', 'LEVEL_UP', 'Not available', '2017-08-22 23:23:28', '2017-08-22 23:38:22', NULL),
(72, 5, 'GUB013', 9, 4, 2, 1, '2017-08-23', 'LEVEL_UP', 'Not available', '2017-08-22 23:23:28', '2017-08-22 23:38:22', NULL),
(73, 6, 'GUB013', 9, 4, 2, 1, '2017-08-23', 'LEVEL_UP', 'Not available', '2017-08-22 23:26:02', '2017-08-22 23:38:22', NULL),
(74, 7, 'GUB013', 9, 4, 2, 1, '2017-08-23', 'LEVEL_UP', 'Not available', '2017-08-22 23:26:02', '2017-08-22 23:40:36', NULL),
(75, 8, 'asdfa', 9, 4, 2, 1, '2017-08-23', 'LEVEL_UP', 'Not available', '2017-08-22 23:30:29', '2017-08-22 23:40:36', NULL),
(76, 9, 'fasdf', 9, 4, 2, 1, '2017-08-23', 'LEVEL_UP', 'Not available', '2017-08-22 23:30:29', '2017-08-22 23:40:36', NULL),
(77, 10, 'asdfasd', 9, 4, 2, 1, '2017-08-23', 'LEVEL_UP', 'Not available', '2017-08-22 23:30:29', '2017-08-22 23:41:14', NULL),
(78, 12, 'asdfasd', 9, 4, 2, 1, '2017-08-23', 'LEVEL_UP', 'Not available', '2017-08-22 23:30:29', '2017-08-22 23:41:14', NULL),
(79, 13, 'asdfasd', 9, 4, 2, 1, '2017-08-23', 'LEVEL_UP', 'Not available', '2017-08-22 23:33:14', '2017-08-22 23:41:15', NULL),
(80, 14, 'asdfas', 9, 4, 2, 1, '2017-08-23', 'LEVEL_UP', 'Not available', '2017-08-22 23:33:14', '2017-08-22 23:41:15', NULL),
(81, 15, 'asdfas', 9, 4, 2, 1, '2017-08-23', 'LEVEL_UP', 'Not available', '2017-08-22 23:33:15', '2017-08-22 23:43:09', NULL),
(82, 16, 'asdfas', 9, 4, 2, 1, '2017-08-23', 'LEVEL_UP', 'Not available', '2017-08-22 23:34:35', '2017-08-22 23:43:09', NULL),
(83, 17, 'asdfa', 9, 4, 2, 1, '2017-08-23', 'LEVEL_UP', 'Not available', '2017-08-22 23:34:35', '2017-08-22 23:43:09', NULL),
(84, 1, 'GUB013', 8, 3, 2, 1, '2017-08-23', 'LEVEL_UP', 'Not available', '2017-08-22 23:37:11', '2017-08-23 00:08:17', NULL),
(85, 2, 'GUB013', 8, 3, 2, 1, '2017-08-23', 'LEVEL_UP', 'Not available', '2017-08-22 23:37:11', '2017-08-23 00:08:17', NULL),
(86, 3, 'GUB013', 8, 3, 2, 1, '2017-08-23', 'LEVEL_UP', 'Not available', '2017-08-22 23:37:11', '2017-08-22 23:47:10', NULL),
(87, 4, 'GUB013', 8, 3, 2, 1, '2017-08-23', 'LEVEL_UP', 'Not available', '2017-08-22 23:38:22', '2017-08-22 23:47:10', NULL),
(88, 5, 'GUB013', 8, 3, 2, 1, '2017-08-23', 'LEVEL_UP', 'Not available', '2017-08-22 23:38:22', '2017-08-22 23:44:49', NULL),
(89, 6, 'GUB013', 8, 3, 2, 1, '2017-08-23', 'LEVEL_UP', 'Not available', '2017-08-22 23:38:22', '2017-08-23 00:08:17', NULL),
(90, 7, 'GUB013', 8, 3, 2, 1, '2017-08-23', 'LEVEL_UP', 'Not available', '2017-08-22 23:40:36', '2017-08-23 00:08:18', NULL),
(91, 8, 'asdfa', 8, 3, 2, 1, '2017-08-23', 'LEVEL_UP', 'Not available', '2017-08-22 23:40:36', '2017-08-23 00:08:18', NULL),
(92, 9, 'fasdf', 8, 3, 2, 1, '2017-08-23', 'LEVEL_UP', 'Not available', '2017-08-22 23:40:36', '2017-08-23 00:08:18', NULL),
(93, 10, 'asdfasd', 8, 3, 2, 1, '2017-08-23', 'LEVEL_UP', 'Not available', '2017-08-22 23:41:14', '2017-08-23 00:08:18', NULL),
(94, 12, 'asdfasd', 8, 3, 2, 1, '2017-08-23', 'LEVEL_UP', 'Not available', '2017-08-22 23:41:14', '2017-08-23 00:08:18', NULL),
(95, 13, 'asdfasd', 8, 3, 2, 1, '2017-08-23', 'LEVEL_UP', 'Not available', '2017-08-22 23:41:15', '2017-08-23 00:08:18', NULL),
(96, 14, 'asdfas', 8, 3, 2, 1, '2017-08-23', 'LEVEL_UP', 'Not available', '2017-08-22 23:41:15', '2017-08-23 00:08:18', NULL),
(97, 15, 'asdfas', 8, 3, 2, 1, '2017-08-23', 'LEVEL_UP', 'Not available', '2017-08-22 23:43:09', '2017-08-23 00:08:18', NULL),
(98, 16, 'asdfas', 8, 3, 2, 1, '2017-08-23', 'LEVEL_UP', 'Not available', '2017-08-22 23:43:09', '2017-08-23 00:08:18', NULL),
(99, 17, 'asdfa', 8, 3, 2, 1, '2017-08-23', 'LEVEL_UP', 'Not available', '2017-08-22 23:43:09', '2017-08-23 00:08:19', NULL),
(100, 5, 'GUB013', 9, 4, 2, 1, '2017-08-23', 'LEVEL_UP', 'Not available', '2017-08-22 23:44:49', '2017-08-22 23:48:56', NULL),
(101, 3, 'GUB013', 9, 4, 2, 1, '2017-08-23', 'LEVEL_UP', 'Not available', '2017-08-22 23:47:10', '2017-08-22 23:48:56', NULL),
(102, 4, 'GUB013', 9, 4, 2, 1, '2017-08-23', 'LEVEL_UP', 'Not available', '2017-08-22 23:47:10', '2017-08-22 23:48:56', NULL),
(103, 3, 'GUB013', 8, 3, 2, 1, '2017-08-23', 'LEVEL_UP', 'Not available', '2017-08-22 23:48:56', '2017-08-23 00:08:17', NULL),
(104, 4, 'GUB013', 8, 3, 2, 1, '2017-08-23', 'LEVEL_UP', 'Not available', '2017-08-22 23:48:56', '2017-08-22 23:59:09', NULL),
(105, 5, 'GUB013', 8, 3, 2, 1, '2017-08-23', 'LEVEL_UP', 'Not available', '2017-08-22 23:48:56', '2017-08-22 23:58:28', NULL),
(106, 5, 'GUB013', 9, 4, 2, 1, '2017-08-23', 'LEVEL_UP', 'Not available', '2017-08-22 23:58:28', '2017-08-23 00:07:07', NULL),
(107, 4, 'GUB013', 9, 4, 2, 1, '2017-08-23', 'LEVEL_UP', 'Not available', '2017-08-22 23:59:09', '2017-08-23 00:07:07', NULL),
(108, 4, 'GUB013', 8, 3, 2, 1, '2017-08-23', 'LEVEL_UP', 'Not available', '2017-08-23 00:07:07', '2017-08-23 00:08:17', NULL),
(109, 5, 'GUB013', 8, 3, 2, 1, '2017-08-23', 'LEVEL_UP', 'Not available', '2017-08-23 00:07:07', '2017-08-23 00:08:17', NULL),
(110, 1, 'GUB013', 9, 4, 2, 1, '2017-08-23', 'LEVEL_UP', 'Not available', '2017-08-23 00:08:17', '2017-08-23 00:09:03', NULL),
(111, 2, 'GUB013', 9, 4, 2, 1, '2017-08-23', 'LEVEL_UP', 'Not available', '2017-08-23 00:08:17', '2017-08-23 00:09:03', NULL),
(112, 3, 'GUB013', 9, 4, 2, 1, '2017-08-23', 'LEVEL_UP', 'Not available', '2017-08-23 00:08:17', '2017-08-23 00:09:03', NULL),
(113, 4, 'GUB013', 9, 4, 2, 1, '2017-08-23', 'LEVEL_UP', 'Not available', '2017-08-23 00:08:17', '2017-08-23 00:09:03', NULL),
(114, 5, 'GUB013', 9, 4, 2, 1, '2017-08-23', 'LEVEL_UP', 'Not available', '2017-08-23 00:08:17', '2017-08-23 00:09:03', NULL),
(115, 6, 'GUB013', 9, 4, 2, 1, '2017-08-23', 'LEVEL_UP', 'Not available', '2017-08-23 00:08:17', '2017-08-23 00:09:03', NULL),
(116, 7, 'GUB013', 9, 4, 2, 1, '2017-08-23', 'LEVEL_UP', 'Not available', '2017-08-23 00:08:18', '2017-08-23 00:09:03', NULL),
(117, 8, 'asdfa', 9, 4, 2, 1, '2017-08-23', 'LEVEL_UP', 'Not available', '2017-08-23 00:08:18', '2017-08-23 00:09:03', NULL),
(118, 9, 'fasdf', 9, 4, 2, 1, '2017-08-23', 'LEVEL_UP', 'Not available', '2017-08-23 00:08:18', '2017-08-23 00:09:03', NULL),
(119, 10, 'asdfasd', 9, 4, 2, 1, '2017-08-23', 'LEVEL_UP', 'Not available', '2017-08-23 00:08:18', '2017-08-23 00:09:04', NULL),
(120, 12, 'asdfasd', 9, 4, 2, 1, '2017-08-23', 'LEVEL_UP', 'Not available', '2017-08-23 00:08:18', '2017-08-23 00:09:04', NULL),
(121, 13, 'asdfasd', 9, 4, 2, 1, '2017-08-23', 'LEVEL_UP', 'Not available', '2017-08-23 00:08:18', '2017-08-23 00:09:04', NULL),
(122, 14, 'asdfas', 9, 4, 2, 1, '2017-08-23', 'LEVEL_UP', 'Not available', '2017-08-23 00:08:18', '2017-08-23 00:09:04', NULL),
(123, 15, 'asdfas', 9, 4, 2, 1, '2017-08-23', 'LEVEL_UP', 'Not available', '2017-08-23 00:08:18', '2017-08-23 00:09:04', NULL),
(124, 16, 'asdfas', 9, 4, 2, 1, '2017-08-23', 'LEVEL_UP', 'Not available', '2017-08-23 00:08:18', '2017-08-23 00:09:04', NULL),
(125, 17, 'asdfa', 9, 4, 2, 1, '2017-08-23', 'LEVEL_UP', 'Not available', '2017-08-23 00:08:19', '2017-08-23 00:09:04', NULL),
(126, 1, 'GUB013', 9, 4, 2, 1, '2017-08-23', 'LEVEL_UP', 'Not available', '2017-08-23 00:09:03', '2017-08-23 00:10:40', NULL),
(127, 2, 'GUB013', 9, 4, 2, 1, '2017-08-23', 'LEVEL_UP', 'Not available', '2017-08-23 00:09:03', '2017-08-23 00:10:40', NULL),
(128, 3, 'GUB013', 9, 4, 2, 1, '2017-08-23', 'LEVEL_UP', 'Not available', '2017-08-23 00:09:03', '2017-08-23 00:10:40', NULL),
(129, 4, 'GUB013', 9, 4, 2, 1, '2017-08-23', 'LEVEL_UP', 'Not available', '2017-08-23 00:09:03', '2017-08-23 00:25:41', NULL),
(130, 5, 'GUB013', 9, 4, 2, 1, '2017-08-23', 'LEVEL_UP', 'Not available', '2017-08-23 00:09:03', '2017-08-23 00:25:41', NULL),
(131, 6, 'GUB013', 9, 4, 2, 1, '2017-08-23', 'LEVEL_UP', 'Not available', '2017-08-23 00:09:03', '2017-08-23 00:25:41', NULL),
(132, 7, 'GUB013', 9, 4, 2, 1, '2017-08-23', 'LEVEL_UP', 'Not available', '2017-08-23 00:09:03', '2017-08-23 00:25:41', NULL),
(133, 8, 'asdfa', 9, 4, 2, 1, '2017-08-23', 'LEVEL_UP', 'Not available', '2017-08-23 00:09:03', '2017-08-23 00:25:42', NULL),
(134, 9, 'fasdf', 9, 4, 2, 1, '2017-08-23', 'LEVEL_UP', 'Not available', '2017-08-23 00:09:03', '2017-08-23 00:25:42', NULL),
(135, 10, 'asdfasd', 9, 4, 2, 1, '2017-08-23', 'LEVEL_UP', 'Not available', '2017-08-23 00:09:04', '2017-08-23 00:25:42', NULL),
(136, 12, 'asdfasd', 9, 4, 2, 1, '2017-08-23', 'LEVEL_UP', 'Not available', '2017-08-23 00:09:04', '2017-08-23 00:25:42', NULL),
(137, 13, 'asdfasd', 9, 4, 2, 1, '2017-08-23', 'LEVEL_UP', 'Not available', '2017-08-23 00:09:04', '2017-08-23 00:25:42', NULL),
(138, 14, 'asdfas', 9, 4, 2, 1, '2017-08-23', 'LEVEL_UP', 'Not available', '2017-08-23 00:09:04', '2017-08-23 00:25:42', NULL),
(139, 15, 'asdfas', 9, 4, 2, 1, '2017-08-23', 'LEVEL_UP', 'Not available', '2017-08-23 00:09:04', '2017-08-23 00:25:42', NULL),
(140, 16, 'asdfas', 9, 4, 2, 1, '2017-08-23', 'LEVEL_UP', 'Not available', '2017-08-23 00:09:04', '2017-08-23 00:25:42', NULL),
(141, 17, 'asdfa', 9, 4, 2, 1, '2017-08-23', 'LEVEL_UP', 'Not available', '2017-08-23 00:09:04', '2017-08-23 00:25:42', NULL),
(142, 1, 'GUB013', 8, 3, 2, 1, '2017-08-23', 'LEVEL_UP', 'Not available', '2017-08-23 00:10:40', '2017-08-23 00:11:04', NULL),
(143, 2, 'GUB013', 8, 3, 2, 1, '2017-08-23', 'LEVEL_UP', 'Not available', '2017-08-23 00:10:40', '2017-08-23 00:11:04', NULL),
(144, 3, 'GUB013', 8, 3, 2, 1, '2017-08-23', 'LEVEL_UP', 'Not available', '2017-08-23 00:10:40', '2017-08-23 00:11:04', NULL),
(145, 1, 'GUB013', 8, 3, 2, 1, '2017-08-23', 'LEVEL_UP', 'Not available', '2017-08-23 00:11:04', '2017-08-23 00:28:18', NULL),
(146, 2, 'GUB013', 8, 3, 2, 1, '2017-08-23', 'LEVEL_UP', 'Not available', '2017-08-23 00:11:04', '2017-08-23 00:28:18', NULL),
(147, 3, 'GUB013', 8, 3, 2, 1, '2017-08-23', 'LEVEL_UP', 'Not available', '2017-08-23 00:11:04', '2017-08-23 00:28:19', NULL),
(148, 4, 'GUB013', 8, 3, 2, 1, '2017-08-23', 'LEVEL_UP', 'Not available', '2017-08-23 00:25:41', '2017-08-23 00:26:32', NULL),
(149, 5, 'GUB013', 8, 3, 2, 1, '2017-08-23', 'LEVEL_UP', 'Not available', '2017-08-23 00:25:41', '2017-08-23 00:26:32', NULL),
(150, 6, 'GUB013', 8, 3, 2, 1, '2017-08-23', 'LEVEL_UP', 'Not available', '2017-08-23 00:25:41', '2017-08-23 00:26:32', NULL),
(151, 7, 'GUB013', 8, 3, 2, 1, '2017-08-23', 'LEVEL_UP', 'Not available', '2017-08-23 00:25:42', '2017-08-23 00:26:32', NULL),
(152, 8, 'asdfa', 8, 3, 2, 1, '2017-08-23', 'LEVEL_UP', 'Not available', '2017-08-23 00:25:42', '2017-08-23 00:26:32', NULL),
(153, 9, 'fasdf', 8, 3, 2, 1, '2017-08-23', 'LEVEL_UP', 'Not available', '2017-08-23 00:25:42', '2017-08-23 00:26:32', NULL),
(154, 10, 'asdfasd', 8, 3, 2, 1, '2017-08-23', 'LEVEL_UP', 'Not available', '2017-08-23 00:25:42', '2017-08-23 00:26:33', NULL),
(155, 12, 'asdfasd', 8, 3, 2, 1, '2017-08-23', 'LEVEL_UP', 'Not available', '2017-08-23 00:25:42', '2017-08-23 00:26:33', NULL),
(156, 13, 'asdfasd', 8, 3, 2, 1, '2017-08-23', 'LEVEL_UP', 'Not available', '2017-08-23 00:25:42', '2017-08-23 00:26:33', NULL),
(157, 14, 'asdfas', 8, 3, 2, 1, '2017-08-23', 'LEVEL_UP', 'Not available', '2017-08-23 00:25:42', '2017-08-23 00:26:33', NULL),
(158, 15, 'asdfas', 8, 3, 2, 1, '2017-08-23', 'LEVEL_UP', 'Not available', '2017-08-23 00:25:42', '2017-08-23 00:26:33', NULL),
(159, 16, 'asdfas', 8, 3, 2, 1, '2017-08-23', 'LEVEL_UP', 'Not available', '2017-08-23 00:25:42', '2017-08-23 00:26:33', NULL),
(160, 17, 'asdfa', 8, 3, 2, 1, '2017-08-23', 'LEVEL_UP', 'Not available', '2017-08-23 00:25:43', '2017-08-23 00:26:33', NULL),
(161, 4, 'GUB013', 8, 3, 2, 1, '2017-08-23', 'LEVEL_UP', 'Not available', '2017-08-23 00:26:32', '2017-08-23 00:26:50', NULL),
(162, 5, 'GUB013', 8, 3, 2, 1, '2017-08-23', 'LEVEL_UP', 'Not available', '2017-08-23 00:26:32', '2017-08-23 00:26:50', NULL),
(163, 6, 'GUB013', 8, 3, 2, 1, '2017-08-23', 'LEVEL_UP', 'Not available', '2017-08-23 00:26:32', '2017-08-23 00:26:51', NULL),
(164, 7, 'GUB013', 8, 3, 2, 1, '2017-08-23', 'LEVEL_UP', 'Not available', '2017-08-23 00:26:32', '2017-08-23 00:26:51', NULL),
(165, 8, 'asdfa', 8, 3, 2, 1, '2017-08-23', 'LEVEL_UP', 'Not available', '2017-08-23 00:26:32', '2017-08-23 00:26:51', NULL),
(166, 9, 'fasdf', 8, 3, 2, 1, '2017-08-23', 'LEVEL_UP', 'Not available', '2017-08-23 00:26:33', '2017-08-23 00:26:51', NULL),
(167, 10, 'asdfasd', 8, 3, 2, 1, '2017-08-23', 'LEVEL_UP', 'Not available', '2017-08-23 00:26:33', '2017-08-23 00:26:51', NULL),
(168, 12, 'asdfasd', 8, 3, 2, 1, '2017-08-23', 'LEVEL_UP', 'Not available', '2017-08-23 00:26:33', '2017-08-23 00:26:51', NULL),
(169, 13, 'asdfasd', 8, 3, 2, 1, '2017-08-23', 'LEVEL_UP', 'Not available', '2017-08-23 00:26:33', '2017-08-23 00:26:51', NULL),
(170, 14, 'asdfas', 8, 3, 2, 1, '2017-08-23', 'LEVEL_UP', 'Not available', '2017-08-23 00:26:33', '2017-08-23 00:26:51', NULL),
(171, 15, 'asdfas', 8, 3, 2, 1, '2017-08-23', 'LEVEL_UP', 'Not available', '2017-08-23 00:26:33', '2017-08-23 00:26:51', NULL),
(172, 16, 'asdfas', 8, 3, 2, 1, '2017-08-23', 'LEVEL_UP', 'Not available', '2017-08-23 00:26:33', '2017-08-23 00:26:52', NULL),
(173, 17, 'asdfa', 8, 3, 2, 1, '2017-08-23', 'LEVEL_UP', 'Not available', '2017-08-23 00:26:33', '2017-08-23 00:26:52', NULL),
(174, 4, 'GUB013', 8, 3, 2, 1, '2017-08-23', 'LEVEL_UP', 'Not available', '2017-08-23 00:26:50', '2017-08-23 00:28:19', NULL),
(175, 5, 'GUB013', 8, 3, 2, 1, '2017-08-23', 'LEVEL_UP', 'Not available', '2017-08-23 00:26:50', '2017-08-23 00:28:19', NULL),
(176, 6, 'GUB013', 8, 3, 2, 1, '2017-08-23', 'LEVEL_UP', 'Not available', '2017-08-23 00:26:51', '2017-08-23 00:28:19', NULL),
(177, 7, 'GUB013', 8, 3, 2, 1, '2017-08-23', 'LEVEL_UP', 'Not available', '2017-08-23 00:26:51', '2017-08-23 00:28:19', NULL),
(178, 8, 'asdfa', 8, 3, 2, 1, '2017-08-23', 'LEVEL_UP', 'Not available', '2017-08-23 00:26:51', '2017-08-23 00:28:19', NULL),
(179, 9, 'fasdf', 8, 3, 2, 1, '2017-08-23', 'LEVEL_UP', 'Not available', '2017-08-23 00:26:51', '2017-08-23 00:28:19', NULL),
(180, 10, 'asdfasd', 8, 3, 2, 1, '2017-08-23', 'LEVEL_UP', 'Not available', '2017-08-23 00:26:51', '2017-08-23 00:28:19', NULL),
(181, 12, 'asdfasd', 8, 3, 2, 1, '2017-08-23', 'LEVEL_UP', 'Not available', '2017-08-23 00:26:51', '2017-08-23 00:28:20', NULL),
(182, 13, 'asdfasd', 8, 3, 2, 1, '2017-08-23', 'LEVEL_UP', 'Not available', '2017-08-23 00:26:51', '2017-08-23 00:28:20', NULL),
(183, 14, 'asdfas', 8, 3, 2, 1, '2017-08-23', 'LEVEL_UP', 'Not available', '2017-08-23 00:26:51', '2017-08-23 00:28:20', NULL),
(184, 15, 'asdfas', 8, 3, 2, 1, '2017-08-23', 'LEVEL_UP', 'Not available', '2017-08-23 00:26:52', '2017-08-23 00:28:20', NULL),
(185, 16, 'asdfas', 8, 3, 2, 1, '2017-08-23', 'LEVEL_UP', 'Not available', '2017-08-23 00:26:52', '2017-08-23 00:28:20', NULL),
(186, 17, 'asdfa', 8, 3, 2, 1, '2017-08-23', 'LEVEL_UP', 'Not available', '2017-08-23 00:26:52', '2017-08-23 00:28:20', NULL),
(187, 1, 'GUB013', 9, 4, 2, 1, '2017-08-23', 'LEVEL_UP', 'Not available', '2017-08-23 00:28:18', '2017-09-11 05:22:49', NULL),
(188, 2, 'GUB013', 9, 4, 2, 1, '2017-08-23', 'LEVEL_UP', 'Not available', '2017-08-23 00:28:18', '2017-09-11 05:22:50', NULL),
(189, 3, 'GUB013', 9, 4, 2, 1, '2017-08-23', 'LEVEL_UP', 'Not available', '2017-08-23 00:28:19', '2017-08-23 00:32:30', NULL),
(190, 4, 'GUB013', 9, 4, 2, 1, '2017-08-23', 'LEVEL_UP', 'Not available', '2017-08-23 00:28:19', '2017-08-23 00:32:30', NULL),
(191, 5, 'GUB013', 9, 4, 2, 1, '2017-08-23', 'LEVEL_UP', 'Not available', '2017-08-23 00:28:19', '2017-08-23 00:32:30', NULL),
(192, 6, 'GUB013', 9, 4, 2, 1, '2017-08-23', 'LEVEL_UP', 'Not available', '2017-08-23 00:28:19', '2017-08-23 00:32:30', NULL),
(193, 7, 'GUB013', 9, 4, 2, 1, '2017-08-23', 'LEVEL_UP', 'Not available', '2017-08-23 00:28:19', '2017-08-23 00:32:30', NULL),
(194, 8, 'asdfa', 9, 4, 2, 1, '2017-08-23', 'LEVEL_UP', 'Not available', '2017-08-23 00:28:19', '2017-08-23 00:32:30', NULL),
(195, 9, 'fasdf', 9, 4, 2, 1, '2017-08-23', 'LEVEL_UP', 'Not available', '2017-08-23 00:28:19', '2017-08-23 00:32:31', NULL),
(196, 10, 'asdfasd', 9, 4, 2, 1, '2017-08-23', 'LEVEL_UP', 'Not available', '2017-08-23 00:28:19', '2017-08-23 00:32:31', NULL),
(197, 12, 'asdfasd', 9, 4, 2, 1, '2017-08-23', 'LEVEL_UP', 'Not available', '2017-08-23 00:28:20', '2017-08-23 00:32:31', NULL),
(198, 13, 'asdfasd', 9, 4, 2, 1, '2017-08-23', 'LEVEL_UP', 'Not available', '2017-08-23 00:28:20', '2017-08-23 00:32:31', NULL),
(199, 14, 'asdfas', 9, 4, 2, 1, '2017-08-23', 'LEVEL_UP', 'Not available', '2017-08-23 00:28:20', '2017-08-23 00:32:31', NULL),
(200, 15, 'asdfas', 9, 4, 2, 1, '2017-08-23', 'LEVEL_UP', 'Not available', '2017-08-23 00:28:20', '2017-08-23 00:32:31', NULL),
(201, 16, 'asdfas', 9, 4, 2, 1, '2017-08-23', 'LEVEL_UP', 'Not available', '2017-08-23 00:28:20', '2017-08-23 00:32:31', NULL),
(202, 17, 'asdfa', 9, 4, 2, 1, '2017-08-23', 'LEVEL_UP', 'Not available', '2017-08-23 00:28:20', '2017-08-23 00:32:31', NULL),
(203, 3, 'GUB013', 8, 3, 2, 1, '2017-08-23', 'LEVEL_UP', 'Not available', '2017-08-23 00:32:30', '2017-09-11 05:22:50', NULL),
(204, 4, 'GUB013', 8, 3, 2, 1, '2017-08-23', 'LEVEL_UP', 'Not available', '2017-08-23 00:32:30', '2017-09-11 05:22:50', NULL),
(205, 5, 'GUB013', 8, 3, 2, 1, '2017-08-23', 'LEVEL_UP', 'Not available', '2017-08-23 00:32:30', '2017-09-11 05:22:50', NULL),
(206, 6, 'GUB013', 8, 3, 2, 1, '2017-08-23', 'LEVEL_UP', 'Not available', '2017-08-23 00:32:30', '2017-09-20 00:55:18', NULL),
(207, 7, 'GUB013', 8, 3, 2, 1, '2017-08-23', 'LEVEL_UP', 'Not available', '2017-08-23 00:32:30', '2017-09-20 00:55:18', NULL),
(208, 8, 'asdfa', 8, 3, 2, 1, '2017-08-23', 'LEVEL_UP', 'Not available', '2017-08-23 00:32:30', '2017-09-20 00:55:18', NULL),
(209, 9, 'fasdf', 8, 3, 2, 1, '2017-08-23', 'IN_PROGRESS', 'Not available', '2017-08-23 00:32:31', '2017-08-23 00:32:31', NULL),
(210, 10, 'asdfasd', 8, 3, 2, 1, '2017-08-23', 'IN_PROGRESS', 'Not available', '2017-08-23 00:32:31', '2017-08-23 00:32:31', NULL),
(211, 12, 'asdfasd', 8, 3, 2, 1, '2017-08-23', 'IN_PROGRESS', 'Not available', '2017-08-23 00:32:31', '2017-08-23 00:32:31', NULL),
(212, 13, 'asdfasd', 8, 3, 2, 1, '2017-08-23', 'IN_PROGRESS', 'Not available', '2017-08-23 00:32:31', '2017-08-23 00:32:31', NULL),
(213, 14, 'asdfas', 8, 3, 2, 1, '2017-08-23', 'IN_PROGRESS', 'Not available', '2017-08-23 00:32:31', '2017-08-23 00:32:31', NULL),
(214, 15, 'asdfas', 8, 3, 2, 1, '2017-08-23', 'IN_PROGRESS', 'Not available', '2017-08-23 00:32:31', '2017-08-23 00:32:31', NULL),
(215, 16, 'asdfas', 8, 3, 2, 1, '2017-08-23', 'IN_PROGRESS', 'Not available', '2017-08-23 00:32:31', '2017-08-23 00:32:31', NULL),
(216, 17, 'asdfa', 8, 3, 2, 1, '2017-08-23', 'IN_PROGRESS', 'Not available', '2017-08-23 00:32:31', '2017-08-23 00:32:31', NULL),
(217, 1, 'GUB013', 9, 4, 2, 1, '2017-09-11', 'LEVEL_UP', 'Not available', '2017-09-11 05:22:49', '2017-09-11 05:24:24', NULL),
(218, 2, 'GUB013', 9, 4, 2, 1, '2017-09-11', 'LEVEL_UP', 'Not available', '2017-09-11 05:22:50', '2017-09-11 05:24:24', NULL),
(219, 3, 'GUB013', 9, 4, 2, 1, '2017-09-11', 'LEVEL_UP', 'Not available', '2017-09-11 05:22:50', '2017-09-11 05:24:25', NULL),
(220, 4, 'GUB013', 9, 4, 2, 1, '2017-09-11', 'LEVEL_UP', 'Not available', '2017-09-11 05:22:50', '2017-09-11 05:24:25', NULL),
(221, 5, 'GUB013', 9, 4, 2, 1, '2017-09-11', 'LEVEL_UP', 'Not available', '2017-09-11 05:22:50', '2017-09-11 05:24:25', NULL),
(222, 1, 'GUB013', 8, 3, 2, 1, '2017-09-11', 'LEVEL_UP', 'Not available', '2017-09-11 05:24:24', '2017-09-11 05:25:08', NULL),
(223, 2, 'GUB013', 8, 3, 2, 1, '2017-09-11', 'LEVEL_UP', 'Not available', '2017-09-11 05:24:25', '2017-09-11 05:25:08', NULL),
(224, 3, 'GUB013', 8, 3, 2, 1, '2017-09-11', 'LEVEL_UP', 'Not available', '2017-09-11 05:24:25', '2017-09-11 05:25:08', NULL),
(225, 4, 'GUB013', 8, 3, 2, 1, '2017-09-11', 'LEVEL_UP', 'Not available', '2017-09-11 05:24:25', '2017-09-11 05:25:08', NULL),
(226, 5, 'GUB013', 8, 3, 2, 1, '2017-09-11', 'LEVEL_UP', 'Not available', '2017-09-11 05:24:25', '2017-09-11 05:25:09', NULL),
(227, 1, 'GUB013', 9, 4, 2, 1, '2017-09-11', 'IN_PROGRESS', 'Not available', '2017-09-11 05:25:08', '2017-09-11 05:25:08', NULL),
(228, 2, 'GUB013', 9, 4, 2, 1, '2017-09-11', 'IN_PROGRESS', 'Not available', '2017-09-11 05:25:08', '2017-09-11 05:25:08', NULL),
(229, 3, 'GUB013', 9, 4, 2, 1, '2017-09-11', 'IN_PROGRESS', 'Not available', '2017-09-11 05:25:08', '2017-09-11 05:25:08', NULL),
(230, 4, 'GUB013', 9, 4, 2, 1, '2017-09-11', 'IN_PROGRESS', 'Not available', '2017-09-11 05:25:09', '2017-09-11 05:25:09', NULL),
(231, 5, 'GUB013', 9, 4, 2, 1, '2017-09-11', 'IN_PROGRESS', 'Not available', '2017-09-11 05:25:09', '2017-09-11 05:25:09', NULL),
(232, 21, NULL, 9, 4, 2, 1, '2017-09-20', 'IN_PROGRESS', 'Not available', '2017-09-20 00:12:38', '2017-09-20 00:12:38', NULL),
(233, 22, NULL, 9, 4, 2, 1, '2017-09-20', 'IN_PROGRESS', 'Not available', '2017-09-20 00:12:38', '2017-09-20 00:12:38', NULL),
(234, 23, NULL, 9, 4, 2, 1, '2017-09-20', 'IN_PROGRESS', 'Not available', '2017-09-20 00:23:31', '2017-09-20 00:23:31', NULL),
(235, 24, NULL, 9, 4, 2, 1, '2017-09-20', 'IN_PROGRESS', 'Not available', '2017-09-20 00:23:31', '2017-09-20 00:23:31', NULL),
(238, 27, NULL, 9, 4, 2, 1, '2017-09-20', 'IN_PROGRESS', 'Not available', '2017-09-20 00:38:55', '2017-09-20 00:38:55', NULL),
(239, 28, NULL, 9, 4, 2, 1, '2017-09-20', 'IN_PROGRESS', 'Not available', '2017-09-20 00:38:55', '2017-09-20 00:38:55', NULL),
(240, 6, 'GUB013', 9, 4, 2, 1, '2017-09-20', 'IN_PROGRESS', 'Not available', '2017-09-20 00:55:18', '2017-09-20 00:55:18', NULL),
(241, 7, 'GUB013', 9, 4, 2, 1, '2017-09-20', 'IN_PROGRESS', 'Not available', '2017-09-20 00:55:18', '2017-09-20 00:55:18', NULL),
(242, 8, 'asdfa', 9, 4, 2, 1, '2017-09-20', 'IN_PROGRESS', 'Not available', '2017-09-20 00:55:18', '2017-09-20 00:55:18', NULL),
(243, 29, NULL, 9, 4, 2, 1, '2017-09-20', 'IN_PROGRESS', 'Not available', '2017-09-20 01:14:42', '2017-09-20 01:14:42', NULL),
(244, 30, NULL, 9, 4, 2, 1, '2017-09-20', 'IN_PROGRESS', 'Not available', '2017-09-20 01:14:42', '2017-09-20 01:14:42', NULL),
(245, 31, NULL, 9, 4, 2, 1, '2017-09-20', 'IN_PROGRESS', 'Not available', '2017-09-20 01:16:46', '2017-09-20 01:16:46', NULL),
(246, 32, NULL, 9, 4, 2, 1, '2017-09-20', 'IN_PROGRESS', 'Not available', '2017-09-20 01:16:46', '2017-09-20 01:16:46', NULL),
(247, 33, NULL, 9, 4, 2, 1, '2017-09-20', 'IN_PROGRESS', 'Not available', '2017-09-20 01:18:34', '2017-09-20 01:18:34', NULL),
(248, 34, NULL, 9, 4, 2, 1, '2017-09-20', 'IN_PROGRESS', 'Not available', '2017-09-20 01:18:34', '2017-09-20 01:18:34', NULL),
(249, 35, NULL, 9, 4, 2, 1, '2017-09-20', 'IN_PROGRESS', 'Not available', '2017-09-20 01:23:27', '2017-09-20 01:23:27', NULL),
(250, 36, NULL, 9, 4, 2, 1, '2017-09-20', 'IN_PROGRESS', 'Not available', '2017-09-20 01:23:27', '2017-09-20 01:23:27', NULL),
(251, 37, NULL, 9, 4, 2, 1, '2017-09-20', 'IN_PROGRESS', 'Not available', '2017-09-20 01:24:23', '2017-09-20 01:24:23', NULL),
(252, 38, NULL, 9, 4, 2, 1, '2017-09-20', 'IN_PROGRESS', 'Not available', '2017-09-20 01:24:23', '2017-09-20 01:24:23', NULL);

-- --------------------------------------------------------

--
-- Table structure for table `student_grades`
--

CREATE TABLE `student_grades` (
  `id` int(10) UNSIGNED NOT NULL,
  `std_id` int(10) UNSIGNED NOT NULL DEFAULT '0',
  `mark_id` int(10) UNSIGNED NOT NULL DEFAULT '0',
  `scale_id` int(10) UNSIGNED NOT NULL DEFAULT '0',
  `class_sub_id` int(10) UNSIGNED NOT NULL DEFAULT '0',
  `semester` int(10) UNSIGNED NOT NULL DEFAULT '0',
  `academic_year` int(10) UNSIGNED NOT NULL DEFAULT '0',
  `created_at` timestamp NULL DEFAULT NULL,
  `updated_at` timestamp NULL DEFAULT NULL,
  `deleted_at` timestamp NULL DEFAULT NULL
) ENGINE=InnoDB DEFAULT CHARSET=utf8mb4 COLLATE=utf8mb4_unicode_ci;

--
-- Dumping data for table `student_grades`
--

INSERT INTO `student_grades` (`id`, `std_id`, `mark_id`, `scale_id`, `class_sub_id`, `semester`, `academic_year`, `created_at`, `updated_at`, `deleted_at`) VALUES
(1, 1, 6, 2, 3, 1, 1, '2017-07-24 04:10:52', '2017-07-24 04:10:52', NULL),
(2, 2, 7, 2, 3, 1, 1, '2017-07-24 04:10:52', '2017-07-24 04:10:52', NULL),
(3, 3, 8, 2, 3, 1, 1, '2017-07-24 04:10:53', '2017-07-24 04:10:53', NULL),
(4, 4, 9, 2, 3, 1, 1, '2017-07-24 04:10:53', '2017-07-24 04:10:53', NULL),
(5, 5, 10, 2, 3, 1, 1, '2017-07-24 04:10:53', '2017-07-24 04:10:53', NULL),
(6, 1, 11, 2, 4, 1, 1, '2017-07-24 23:25:36', '2017-07-24 23:25:36', NULL),
(7, 2, 12, 2, 4, 1, 1, '2017-07-24 23:25:36', '2017-07-24 23:25:36', NULL),
(8, 3, 13, 2, 4, 1, 1, '2017-07-24 23:25:36', '2017-07-24 23:25:36', NULL),
(9, 4, 14, 2, 4, 1, 1, '2017-07-24 23:25:36', '2017-07-24 23:25:36', NULL),
(10, 5, 15, 2, 4, 1, 1, '2017-07-24 23:25:36', '2017-07-24 23:25:36', NULL),
(11, 1, 16, 2, 5, 1, 1, '2017-07-26 23:16:27', '2017-07-26 23:16:27', NULL),
(12, 2, 17, 2, 5, 1, 1, '2017-07-26 23:16:27', '2017-07-26 23:16:27', NULL),
(13, 3, 18, 2, 5, 1, 1, '2017-07-26 23:16:27', '2017-07-26 23:16:27', NULL),
(14, 4, 19, 2, 5, 1, 1, '2017-07-26 23:16:28', '2017-07-26 23:16:28', NULL),
(15, 5, 20, 2, 5, 1, 1, '2017-07-26 23:16:28', '2017-07-26 23:16:28', NULL),
(16, 6, 21, 2, 5, 1, 1, '2017-07-26 23:16:28', '2017-07-26 23:16:28', NULL),
(17, 1, 24, 2, 3, 2, 1, '2017-08-07 05:44:47', '2017-08-07 05:44:47', NULL),
(18, 2, 25, 2, 3, 2, 1, '2017-08-07 05:44:47', '2017-08-07 05:44:47', NULL),
(19, 3, 26, 2, 3, 2, 1, '2017-08-07 05:44:48', '2017-08-07 05:44:48', NULL),
(20, 4, 27, 2, 3, 2, 1, '2017-08-07 05:44:48', '2017-08-07 05:44:48', NULL),
(21, 5, 28, 2, 3, 2, 1, '2017-08-07 05:44:48', '2017-08-07 05:44:48', NULL),
(22, 6, 29, 2, 3, 2, 1, '2017-08-07 05:44:48', '2017-08-07 05:44:48', NULL),
(23, 7, 30, 2, 3, 2, 1, '2017-08-07 05:44:48', '2017-08-07 05:44:48', NULL),
(24, 1, 31, 2, 3, 3, 1, '2017-08-07 05:55:27', '2017-08-07 05:55:27', NULL),
(25, 2, 32, 2, 3, 3, 1, '2017-08-07 05:55:27', '2017-08-07 05:55:27', NULL),
(26, 3, 33, 2, 3, 3, 1, '2017-08-07 05:55:27', '2017-08-07 05:55:27', NULL),
(27, 4, 34, 2, 3, 3, 1, '2017-08-07 05:55:28', '2017-08-07 05:55:28', NULL),
(28, 5, 35, 2, 3, 3, 1, '2017-08-07 05:55:28', '2017-08-07 05:55:28', NULL),
(29, 6, 36, 2, 3, 3, 1, '2017-08-07 05:55:28', '2017-08-07 05:55:28', NULL),
(30, 7, 37, 2, 3, 3, 1, '2017-08-07 05:55:28', '2017-08-07 05:55:28', NULL),
(31, 1, 38, 2, 6, 1, 1, '2017-08-20 22:11:42', '2017-08-20 22:11:42', NULL),
(32, 2, 39, 2, 6, 1, 1, '2017-08-20 22:11:43', '2017-08-20 22:11:43', NULL),
(33, 3, 40, 2, 6, 1, 1, '2017-08-20 22:11:43', '2017-08-20 22:11:43', NULL),
(34, 4, 41, 2, 6, 1, 1, '2017-08-20 22:11:43', '2017-08-20 22:11:43', NULL),
(35, 5, 42, 2, 6, 1, 1, '2017-08-20 22:11:43', '2017-08-20 22:11:43', NULL),
(36, 6, 43, 2, 6, 1, 1, '2017-08-20 22:11:43', '2017-08-20 22:11:43', NULL),
(37, 7, 44, 2, 6, 1, 1, '2017-08-20 22:11:43', '2017-08-20 22:11:43', NULL),
(38, 8, 45, 2, 6, 1, 1, '2017-08-20 22:11:43', '2017-08-20 22:11:43', NULL),
(39, 9, 46, 2, 6, 1, 1, '2017-08-20 22:11:43', '2017-08-20 22:11:43', NULL),
(40, 10, 47, 2, 6, 1, 1, '2017-08-20 22:11:43', '2017-08-20 22:11:43', NULL),
(41, 12, 48, 2, 6, 1, 1, '2017-08-20 22:11:43', '2017-08-20 22:11:43', NULL),
(42, 13, 49, 2, 6, 1, 1, '2017-08-20 22:11:43', '2017-08-20 22:11:43', NULL),
(43, 14, 50, 2, 6, 1, 1, '2017-08-20 22:11:43', '2017-08-20 22:11:43', NULL),
(44, 15, 51, 2, 6, 1, 1, '2017-08-20 22:11:43', '2017-08-20 22:11:43', NULL),
(45, 16, 52, 2, 6, 1, 1, '2017-08-20 22:11:44', '2017-08-20 22:11:44', NULL),
(46, 17, 53, 2, 6, 1, 1, '2017-08-20 22:11:44', '2017-08-20 22:11:44', NULL),
(47, 1, 54, 2, 4, 3, 1, '2017-09-11 02:34:57', '2017-09-11 02:34:57', NULL),
(48, 2, 55, 2, 4, 3, 1, '2017-09-11 02:34:57', '2017-09-11 02:34:57', NULL),
(49, 3, 56, 2, 4, 3, 1, '2017-09-11 02:34:57', '2017-09-11 02:34:57', NULL),
(50, 4, 57, 2, 4, 3, 1, '2017-09-11 02:34:57', '2017-09-11 02:34:57', NULL),
(51, 5, 58, 2, 4, 3, 1, '2017-09-11 02:34:57', '2017-09-11 02:34:57', NULL),
(52, 40, 59, 2, 8, 1, 1, '2017-09-23 01:11:07', '2017-09-23 01:11:07', NULL);

-- --------------------------------------------------------

--
-- Table structure for table `student_guardians`
--

CREATE TABLE `student_guardians` (
  `id` int(10) UNSIGNED NOT NULL,
  `std_id` int(10) UNSIGNED NOT NULL DEFAULT '0',
  `user_id` int(10) UNSIGNED DEFAULT '0',
  `title` varchar(255) COLLATE utf8mb4_unicode_ci NOT NULL DEFAULT 'Not Available',
  `first_name` varchar(255) COLLATE utf8mb4_unicode_ci NOT NULL DEFAULT 'Not Available',
  `last_name` varchar(255) COLLATE utf8mb4_unicode_ci NOT NULL DEFAULT 'Not Available',
  `email` varchar(255) COLLATE utf8mb4_unicode_ci NOT NULL DEFAULT 'Not Available',
  `mobile` varchar(11) COLLATE utf8mb4_unicode_ci NOT NULL,
  `phone` varchar(11) COLLATE utf8mb4_unicode_ci NOT NULL,
  `relation` varchar(255) COLLATE utf8mb4_unicode_ci NOT NULL DEFAULT 'Not Available',
  `income` varchar(255) COLLATE utf8mb4_unicode_ci NOT NULL DEFAULT 'Not Available',
  `qualification` varchar(255) COLLATE utf8mb4_unicode_ci NOT NULL DEFAULT 'Not Available',
  `occupation` varchar(255) COLLATE utf8mb4_unicode_ci NOT NULL DEFAULT 'Not Available',
  `home_address` varchar(255) COLLATE utf8mb4_unicode_ci NOT NULL DEFAULT 'Not Available',
  `office_address` varchar(255) COLLATE utf8mb4_unicode_ci NOT NULL DEFAULT 'Not Available',
  `is_emergency` tinyint(1) NOT NULL DEFAULT '0',
  `created_at` timestamp NULL DEFAULT NULL,
  `updated_at` timestamp NULL DEFAULT NULL,
  `deleted_at` timestamp NULL DEFAULT NULL
) ENGINE=InnoDB DEFAULT CHARSET=utf8mb4 COLLATE=utf8mb4_unicode_ci;

--
-- Dumping data for table `student_guardians`
--

INSERT INTO `student_guardians` (`id`, `std_id`, `user_id`, `title`, `first_name`, `last_name`, `email`, `mobile`, `phone`, `relation`, `income`, `qualification`, `occupation`, `home_address`, `office_address`, `is_emergency`, `created_at`, `updated_at`, `deleted_at`) VALUES
(1, 2, 64, 'Mr.', 'Habibur', 'Rahaman', 'habib.amirul@gmail.com', '01717375219', '01717375219', 'brother', '41234', 'Qualification', 'Occupation', 'asdfa', 'sdfasdf', 1, '2017-09-17 02:56:43', '2017-09-17 04:20:06', NULL),
(2, 1, 65, 'Mrs.', 'fasdf', 'asdfas', 'amirul.asdfasdfaete@gmail.comasd', '01717375219', '01717375219', 'fasdfasd', '0000000', 'Qualification', 'Occupation', 'asdf', 'asdfasd', 0, '2017-09-17 03:20:48', '2017-09-17 03:20:48', NULL),
(3, 1, 66, 'Mr.', 'asdfasd', 'fasdfasd', 'amiasdfasddrul.easdfasasdfte@gmail.com', '01673699859', '01673699859', 'brother', '666', 'Qualification', 'Occupation', 'asdfas', 'dfasd', 0, '2017-09-17 03:57:24', '2017-09-17 03:57:24', NULL),
(4, 40, 90, 'Mrs.', 'Khan', 'Bahadur', 'khanbahadur@gmail.com', '01766090110', '01766090110', 'father', '10000', 'kajdfhad', 'asdfasd', 'sfasdfdsf', 'sdfsdaf', 0, '2017-09-23 01:06:05', '2017-09-23 01:06:05', NULL);

-- --------------------------------------------------------

--
-- Table structure for table `student_informations`
--

CREATE TABLE `student_informations` (
  `id` int(10) UNSIGNED NOT NULL,
  `user_id` int(10) UNSIGNED NOT NULL DEFAULT '0',
  `type` int(10) UNSIGNED NOT NULL DEFAULT '0',
  `title` enum('Mr.','Mrs.','Ms.') COLLATE utf8mb4_unicode_ci DEFAULT NULL,
  `first_name` varchar(255) COLLATE utf8mb4_unicode_ci NOT NULL,
  `middle_name` varchar(255) COLLATE utf8mb4_unicode_ci NOT NULL,
  `last_name` varchar(255) COLLATE utf8mb4_unicode_ci NOT NULL,
  `gender` enum('Male','Female') COLLATE utf8mb4_unicode_ci NOT NULL,
  `dob` date DEFAULT NULL,
  `blood_group` enum('Unknown','A+','A-','B+','B-','AB+','AB-','O+','O-') COLLATE utf8mb4_unicode_ci DEFAULT NULL,
  `religion` varchar(255) COLLATE utf8mb4_unicode_ci DEFAULT NULL,
  `birth_place` varchar(255) COLLATE utf8mb4_unicode_ci DEFAULT NULL,
  `email` varchar(255) COLLATE utf8mb4_unicode_ci DEFAULT NULL,
  `phone` varchar(255) COLLATE utf8mb4_unicode_ci DEFAULT NULL,
  `nationality` varchar(255) COLLATE utf8mb4_unicode_ci DEFAULT NULL,
  `passport_no` varchar(255) COLLATE utf8mb4_unicode_ci DEFAULT NULL,
  `residency` varchar(255) COLLATE utf8mb4_unicode_ci DEFAULT NULL,
  `institute` int(10) UNSIGNED DEFAULT NULL,
  `campus` int(10) UNSIGNED DEFAULT NULL,
  `created_at` timestamp NULL DEFAULT NULL,
  `updated_at` timestamp NULL DEFAULT NULL,
  `deleted_at` timestamp NULL DEFAULT NULL
) ENGINE=InnoDB DEFAULT CHARSET=utf8mb4 COLLATE=utf8mb4_unicode_ci;

--
-- Dumping data for table `student_informations`
--

INSERT INTO `student_informations` (`id`, `user_id`, `type`, `title`, `first_name`, `middle_name`, `last_name`, `gender`, `dob`, `blood_group`, `religion`, `birth_place`, `email`, `phone`, `nationality`, `passport_no`, `residency`, `institute`, `campus`, `created_at`, `updated_at`, `deleted_at`) VALUES
(1, 3, 2, 'Mr.', 'Sree', 'Romesh Chnadra', 'Shill', 'Male', '2017-09-11', 'B+', '2', 'Dhaka', 'eng.romesh@gmail.com', '01733869659', '1', 'asdfasd2341', '1', 1, 1, '2017-07-24 01:13:23', '2017-09-11 01:56:37', NULL),
(2, 4, 2, 'Mr.', 'Md', 'Azadur', 'Rahaman', 'Male', '2017-09-11', 'B+', '1', 'Dhaka', 'eng.azad@gmail.com', '01717375219', '1', 'asdfasd2341', '1', 1, 1, '2017-07-24 01:14:31', '2017-09-11 01:57:24', NULL),
(3, 5, 2, 'Mr.', 'Md', 'Helal', 'Uddin', 'Female', '2017-07-01', 'B+', '1', 'Dhaka', 'eng.helal@gmail.com', '01717375219', '4', 'asdfasd2341', '1', 1, 1, '2017-07-24 01:15:11', '2017-07-24 01:15:11', NULL),
(4, 6, 2, 'Mr.', 'Md', 'Sohel', 'Rana', 'Female', '2017-07-01', 'B+', '1', 'Dhaka', 'md.sohel@gmail.com', '01717375219', '4', 'asdfasd2341', '1', 1, 1, '2017-07-24 01:19:19', '2017-07-24 01:19:19', NULL),
(5, 7, 2, 'Mr.', 'Md', 'Bellal', 'Uddin', 'Male', '2017-07-01', 'B+', '1', 'Dhaka', 'md.bellal@gmail.com', '01717375219', '4', 'asdfasd2341', '0', 1, 1, '2017-07-24 01:20:37', '2017-07-24 01:20:37', NULL),
(6, 12, 2, 'Mr.', 'Md', 'Sumon', 'Miya', 'Male', '2017-07-28', 'A-', '1', 'Dhaka', 'sumon@gmail.com', '01717375219', '4', 'asdfasd2341', '1', 1, 1, '2017-07-26 03:42:54', '2017-07-26 03:42:54', NULL),
(7, 15, 2, 'Mr.', 'asdf', 'sdfasdfasd', 'asdfasdfa', 'Male', '2017-08-16', 'A+', '1', 'Dhaka', 'aasdfasdmirul.asdfeteasdf@gmail.com', '32324234444', '1', 'asdfasd2341', '1', 1, 1, '2017-08-07 01:23:31', '2017-08-07 01:23:31', NULL),
(8, 16, 2, 'Mr.', 'first name', 'middle name', 'last name', 'Male', '2017-08-22', 'Unknown', '1', 'Dhaka', 'amirulisalm.ete@gmail.com', '01717375219', '4', 'asdfasd2341', '1', 1, 1, '2017-08-16 01:16:10', '2017-08-16 01:16:10', NULL),
(9, 37, 1, 'Mr.', 'asdfasd', 'dfasdfas', 'dfasdfasd', 'Male', '2017-08-23', 'A+', '1', 'Dhaka', 'aasdfsasdfadfasasfasddf@asdlkf.com', '12345678903', '1', 'asdfasd', '1', 1, 1, '2017-08-19 23:55:51', '2017-08-19 23:55:51', NULL),
(10, 38, 2, 'Mrs.', 'asdf', 'asdfasd', 'fasdfasd', 'Female', '2017-08-25', 'A+', '1', 'Dhaka', 'hasdkf322@asdlkf.com', '42134123444', '1', 'fasdf', '1', 1, 1, '2017-08-20 00:07:04', '2017-08-20 00:07:04', NULL),
(12, 40, 2, 'Mrs.', 'asdf', 'asdfasd', 'fasdfasd', 'Female', '2017-08-25', 'A+', '1', 'Dhaka', 'hasdasdkf322@asdlkf.com', '42134123444', '1', 'fasdf', '0', 1, 1, '2017-08-20 00:15:11', '2017-08-20 00:15:11', NULL),
(13, 41, 2, 'Mrs.', 'asdf', 'asdfasd', 'fasdfasd', 'Female', '2017-08-25', 'A+', '1', 'Dhaka', 'hasdaasdfsdkf322@asdlkf.com', '42134123444', '1', 'fasdf', '0', 1, 1, '2017-08-20 00:19:53', '2017-08-20 00:19:53', NULL),
(14, 42, 1, 'Mr.', 'asdfas', 'dfasd', 'fasdfasd', 'Male', '2017-08-26', 'A-', '1', 'asasdafs', 'sadfas@asdkjfj.com', '111111111111', '1', 'asdf43252', '1', 1, 1, '2017-08-20 01:21:12', '2017-08-20 01:21:12', NULL),
(15, 43, 1, 'Mr.', 'asdfas', 'dfasd', 'fasdfasd', 'Male', '2017-08-26', 'A-', '1', 'asasdafs', 'sadfasfasdas@asdkjfj.comasd', '111111111111', '1', 'asdf43252', '1', 1, 1, '2017-08-20 01:24:15', '2017-08-20 01:24:15', NULL),
(16, 44, 1, 'Mr.', 'asdfas', 'dfasd', 'fasdfasd', 'Male', '2017-08-26', 'A-', '1', 'asasdafs', 'sadfasfasdas@asdkjfj.amirul', '111111111111', '1', 'asdf43252', '1', 1, 1, '2017-08-20 01:24:53', '2017-08-20 01:24:53', NULL),
(17, 45, 2, 'Mr.', 'asdf', 'asdfa', 'sdfasd', 'Male', '2017-08-03', 'B+', '1', 'Dhaka', 'aaaasdfasasdasdf@asdadlkf.coma', '234123412123', '1', 'asdfasd', '1', 1, 1, '2017-08-20 03:49:36', '2017-08-20 03:49:36', NULL),
(22, 71, 1, 'Mr.', 'AKM', 'Amirul', 'Isalm', 'Male', '1991-12-31', 'A+', NULL, NULL, 'amirul.ete@gmail.com', '01717375219', '1', NULL, NULL, 1, 1, '2017-09-20 00:12:38', '2017-09-20 00:12:38', NULL),
(23, 72, 1, 'Mr.', 'MD', 'Amirul', 'Isalm', 'Male', '1991-12-20', NULL, NULL, NULL, 'amirul@gmail.com', '01717375219', '1', NULL, NULL, 1, 1, '2017-09-20 00:12:38', '2017-09-20 00:12:38', NULL),
(24, 73, 1, 'Mr.', 'AKM', 'Amirul', 'Isalm', 'Male', '1991-12-31', 'A+', NULL, NULL, 'amirul.ete@gmail.com', '01717375219', '1', NULL, NULL, 1, 1, '2017-09-20 00:23:30', '2017-09-20 00:23:30', NULL),
(25, 74, 1, 'Mr.', 'MD', 'Amirul', 'Isalm', 'Male', '1991-12-20', NULL, NULL, NULL, 'amirul@gmail.com', '01717375219', '1', NULL, NULL, 1, 1, '2017-09-20 00:23:31', '2017-09-20 00:23:31', NULL),
(28, 77, 1, 'Mr.', 'AKM', 'Amirul', 'Isalm', 'Male', '1991-12-31', 'A+', NULL, NULL, 'amirul.ete@gmail.com', '01717375219', '1', NULL, NULL, 1, 1, '2017-09-20 00:38:55', '2017-09-20 00:38:55', NULL),
(29, 78, 1, 'Mr.', 'MD', 'Amirul', 'Isalm', 'Male', '1991-12-20', NULL, NULL, NULL, 'amirul@gmail.com', '01717375219', '1', NULL, NULL, 1, 1, '2017-09-20 00:38:55', '2017-09-20 00:38:55', NULL),
(30, 79, 1, 'Mr.', 'AKM', 'Amirul', 'Isalm', 'Male', '1991-12-31', 'A+', NULL, NULL, 'amirul.ete@gmail.com', '01717375219', '1', NULL, NULL, 1, 1, '2017-09-20 01:14:42', '2017-09-20 01:14:42', NULL),
(31, 80, 1, 'Mr.', 'MD', 'Amirul', 'Isalm', 'Male', '1991-12-20', NULL, NULL, NULL, 'amirul@gmail.com', '01717375219', '1', NULL, NULL, 1, 1, '2017-09-20 01:14:42', '2017-09-20 01:14:42', NULL),
(32, 81, 1, 'Mr.', 'AKM', 'Amirul', 'Isalm', 'Male', '1991-12-31', 'A+', NULL, NULL, 'amirul.ete@gmail.com', '01717375219', '1', NULL, NULL, 1, 1, '2017-09-20 01:16:46', '2017-09-20 01:16:46', NULL),
(33, 82, 1, 'Mr.', 'MD', 'Amirul', 'Isalm', 'Male', '1991-12-20', NULL, NULL, NULL, 'amirul@gmail.com', '01717375219', '1', NULL, NULL, 1, 1, '2017-09-20 01:16:46', '2017-09-20 01:16:46', NULL),
(34, 83, 1, 'Mr.', 'AKM', 'Amirul', 'Isalm', 'Male', '1991-12-31', 'A+', NULL, NULL, 'amirul.ete@gmail.com', '01717375219', '1', NULL, NULL, 1, 1, '2017-09-20 01:18:34', '2017-09-20 01:18:34', NULL),
(35, 84, 1, 'Mr.', 'MD', 'Amirul', 'Isalm', 'Male', '1991-12-20', NULL, NULL, NULL, 'amirul@gmail.com', '01717375219', '1', NULL, NULL, 1, 1, '2017-09-20 01:18:34', '2017-09-20 01:18:34', NULL),
(36, 85, 1, 'Mr.', 'AKM', 'Amirul', 'Isalm', 'Male', '1991-12-31', 'A+', NULL, NULL, 'amirul.ete@gmail.com', '01717375219', '1', NULL, NULL, 1, 1, '2017-09-20 01:23:26', '2017-09-20 01:23:26', NULL),
(37, 86, 1, 'Mr.', 'MD', 'Amirul', 'Isalm', 'Male', '1991-12-20', NULL, NULL, NULL, 'amirul@gmail.com', '01717375219', '1', NULL, NULL, 1, 1, '2017-09-20 01:23:27', '2017-09-20 01:23:27', NULL),
(38, 87, 1, 'Mr.', 'AKM', 'Amirul', 'Isalm', 'Male', '1991-12-31', 'A+', NULL, NULL, 'amirul.ete@gmail.com', '01717375219', '1', NULL, NULL, 1, 1, '2017-09-20 01:24:23', '2017-09-20 01:24:23', NULL),
(39, 88, 1, 'Mr.', 'MD', 'Amirul', 'Isalm', 'Male', '1991-12-20', NULL, NULL, NULL, 'amirul@gmail.com', '01717375219', '1', NULL, NULL, 1, 1, '2017-09-20 01:24:23', '2017-09-20 01:24:23', NULL),
(40, 89, 2, 'Mr.', 'Sumon', 'Islam', 'Khan', 'Male', '2017-09-23', 'A+', '1', 'Naogoan', 'sumon1@gmail.com', '01733869659', '1', '1566653', '1', 1, 1, '2017-09-23 01:05:10', '2017-09-23 01:05:10', NULL);

-- --------------------------------------------------------

--
-- Stand-in structure for view `student_manage_view`
--
CREATE TABLE `student_manage_view` (
`std_id` int(10) unsigned
,`user_id` int(10) unsigned
,`first_name` varchar(255)
,`middle_name` varchar(255)
,`last_name` varchar(255)
,`email` varchar(255)
,`enroll_id` int(10) unsigned
,`gr_no` varchar(255)
,`academic_year` int(10) unsigned
,`academic_level` int(10) unsigned
,`batch` int(10) unsigned
,`section` int(10) unsigned
);

-- --------------------------------------------------------

--
-- Table structure for table `student_marks`
--

CREATE TABLE `student_marks` (
  `id` int(10) UNSIGNED NOT NULL,
  `marks` json NOT NULL,
  `created_at` timestamp NULL DEFAULT NULL,
  `updated_at` timestamp NULL DEFAULT NULL,
  `deleted_at` timestamp NULL DEFAULT NULL
) ENGINE=InnoDB DEFAULT CHARSET=utf8mb4 COLLATE=utf8mb4_unicode_ci;

--
-- Dumping data for table `student_marks`
--

INSERT INTO `student_marks` (`id`, `marks`, `created_at`, `updated_at`, `deleted_at`) VALUES
(1, '{"cat_1": {"ass_1": {"ass_id": "1", "ass_mark": "33", "ass_points": "5"}, "ass_2": {"ass_id": "2", "ass_mark": null, "ass_points": "5"}, "cat_id": "1", "ass_list": {"ass_1": "1", "ass_2": "2"}, "ass_count": "2"}, "cat_2": {"ass_3": {"ass_id": "3", "ass_mark": null, "ass_points": "50"}, "ass_4": {"ass_id": "4", "ass_mark": null, "ass_points": "100"}, "ass_5": {"ass_id": "5", "ass_mark": null, "ass_points": "20"}, "ass_6": {"ass_id": "6", "ass_mark": null, "ass_points": "20"}, "cat_id": "2", "ass_list": {"ass_1": "5", "ass_2": "6", "ass_3": "3", "ass_4": "4"}, "ass_count": "4"}, "cat_3": {"ass_7": {"ass_id": "7", "ass_mark": null, "ass_points": "10"}, "cat_id": "3", "ass_list": {"ass_1": "7"}, "ass_count": "1"}, "cat_list": {"cat_1": "1", "cat_2": "3", "cat_3": "2"}, "cat_count": "3"}', '2017-07-06 00:34:25', '2017-07-06 00:34:25', NULL),
(2, '{"cat_1": {"ass_1": {"ass_id": "1", "ass_mark": "333", "ass_points": "5"}, "ass_2": {"ass_id": "2", "ass_mark": null, "ass_points": "5"}, "cat_id": "1", "ass_list": {"ass_1": "1", "ass_2": "2"}, "ass_count": "2"}, "cat_2": {"ass_3": {"ass_id": "3", "ass_mark": null, "ass_points": "50"}, "ass_4": {"ass_id": "4", "ass_mark": null, "ass_points": "100"}, "ass_5": {"ass_id": "5", "ass_mark": null, "ass_points": "20"}, "ass_6": {"ass_id": "6", "ass_mark": null, "ass_points": "20"}, "cat_id": "2", "ass_list": {"ass_1": "5", "ass_2": "6", "ass_3": "3", "ass_4": "4"}, "ass_count": "4"}, "cat_3": {"ass_7": {"ass_id": "7", "ass_mark": null, "ass_points": "10"}, "cat_id": "3", "ass_list": {"ass_1": "7"}, "ass_count": "1"}, "cat_list": {"cat_1": "1", "cat_2": "3", "cat_3": "2"}, "cat_count": "3"}', '2017-07-06 00:34:25', '2017-07-06 00:34:25', NULL),
(3, '{"cat_1": {"ass_1": {"ass_id": "1", "ass_mark": "33", "ass_points": "5"}, "ass_2": {"ass_id": "2", "ass_mark": null, "ass_points": "5"}, "cat_id": "1", "ass_list": {"ass_1": "1", "ass_2": "2"}, "ass_count": "2"}, "cat_2": {"ass_3": {"ass_id": "3", "ass_mark": null, "ass_points": "50"}, "ass_4": {"ass_id": "4", "ass_mark": null, "ass_points": "100"}, "ass_5": {"ass_id": "5", "ass_mark": null, "ass_points": "20"}, "ass_6": {"ass_id": "6", "ass_mark": null, "ass_points": "20"}, "cat_id": "2", "ass_list": {"ass_1": "5", "ass_2": "6", "ass_3": "3", "ass_4": "4"}, "ass_count": "4"}, "cat_3": {"ass_7": {"ass_id": "7", "ass_mark": null, "ass_points": "10"}, "cat_id": "3", "ass_list": {"ass_1": "7"}, "ass_count": "1"}, "cat_list": {"cat_1": "1", "cat_2": "3", "cat_3": "2"}, "cat_count": "3"}', '2017-07-06 00:34:25', '2017-07-06 00:34:25', NULL),
(4, '{"cat_1": {"ass_1": {"ass_id": "1", "ass_mark": null, "ass_points": "5"}, "ass_2": {"ass_id": "2", "ass_mark": null, "ass_points": "5"}, "cat_id": "1", "ass_list": {"ass_1": "1", "ass_2": "2"}, "ass_count": "2"}, "cat_2": {"ass_3": {"ass_id": "3", "ass_mark": null, "ass_points": "50"}, "ass_4": {"ass_id": "4", "ass_mark": null, "ass_points": "100"}, "ass_5": {"ass_id": "5", "ass_mark": null, "ass_points": "20"}, "ass_6": {"ass_id": "6", "ass_mark": null, "ass_points": "20"}, "cat_id": "2", "ass_list": {"ass_1": "5", "ass_2": "6", "ass_3": "3", "ass_4": "4"}, "ass_count": "4"}, "cat_3": {"ass_7": {"ass_id": "7", "ass_mark": null, "ass_points": "10"}, "cat_id": "3", "ass_list": {"ass_1": "7"}, "ass_count": "1"}, "cat_list": {"cat_1": "1", "cat_2": "3", "cat_3": "2"}, "cat_count": "3"}', '2017-07-06 00:34:25', '2017-07-06 00:34:25', NULL),
(5, '{"cat_1": {"ass_1": {"ass_id": "1", "ass_mark": null, "ass_points": "5"}, "ass_2": {"ass_id": "2", "ass_mark": null, "ass_points": "5"}, "cat_id": "1", "ass_list": {"ass_1": "1", "ass_2": "2"}, "ass_count": "2"}, "cat_2": {"ass_3": {"ass_id": "3", "ass_mark": null, "ass_points": "50"}, "ass_4": {"ass_id": "4", "ass_mark": null, "ass_points": "100"}, "ass_5": {"ass_id": "5", "ass_mark": "333", "ass_points": "20"}, "ass_6": {"ass_id": "6", "ass_mark": null, "ass_points": "20"}, "cat_id": "2", "ass_list": {"ass_1": "5", "ass_2": "6", "ass_3": "3", "ass_4": "4"}, "ass_count": "4"}, "cat_3": {"ass_7": {"ass_id": "7", "ass_mark": null, "ass_points": "10"}, "cat_id": "3", "ass_list": {"ass_1": "7"}, "ass_count": "1"}, "cat_list": {"cat_1": "1", "cat_2": "3", "cat_3": "2"}, "cat_count": "3"}', '2017-07-06 00:34:25', '2017-07-06 00:34:25', NULL),
(6, '{"cat_1": {"ass_24": {"ass_id": "24", "ass_mark": "4", "ass_points": "5"}, "ass_27": {"ass_id": "27", "ass_mark": "4", "ass_points": "5"}, "cat_id": "1", "ass_list": {"ass_1": "24", "ass_2": "27"}, "ass_count": "2"}, "cat_2": {"ass_25": {"ass_id": "25", "ass_mark": "29", "ass_points": "30"}, "cat_id": "2", "ass_list": {"ass_1": "25"}, "ass_count": "1"}, "cat_3": {"ass_26": {"ass_id": "26", "ass_mark": "55", "ass_points": "60"}, "cat_id": "3", "ass_list": {"ass_1": "26"}, "ass_count": "1"}, "cat_list": {"cat_1": "1", "cat_2": "3", "cat_3": "2"}, "cat_count": "3"}', '2017-07-24 04:10:52', '2017-09-14 05:49:57', NULL),
(7, '{"cat_1": {"ass_24": {"ass_id": "24", "ass_mark": "4", "ass_points": "5"}, "ass_27": {"ass_id": "27", "ass_mark": "3", "ass_points": "5"}, "cat_id": "1", "ass_list": {"ass_1": "24", "ass_2": "27"}, "ass_count": "2"}, "cat_2": {"ass_25": {"ass_id": "25", "ass_mark": "25", "ass_points": "30"}, "cat_id": "2", "ass_list": {"ass_1": "25"}, "ass_count": "1"}, "cat_3": {"ass_26": {"ass_id": "26", "ass_mark": "55", "ass_points": "60"}, "cat_id": "3", "ass_list": {"ass_1": "26"}, "ass_count": "1"}, "cat_list": {"cat_1": "1", "cat_2": "3", "cat_3": "2"}, "cat_count": "3"}', '2017-07-24 04:10:52', '2017-08-28 03:14:37', NULL),
(8, '{"cat_1": {"ass_24": {"ass_id": "24", "ass_mark": "3", "ass_points": "5"}, "ass_27": {"ass_id": "27", "ass_mark": "4", "ass_points": "5"}, "cat_id": "1", "ass_list": {"ass_1": "24", "ass_2": "27"}, "ass_count": "2"}, "cat_2": {"ass_25": {"ass_id": "25", "ass_mark": "24", "ass_points": "30"}, "cat_id": "2", "ass_list": {"ass_1": "25"}, "ass_count": "1"}, "cat_3": {"ass_26": {"ass_id": "26", "ass_mark": "55", "ass_points": "60"}, "cat_id": "3", "ass_list": {"ass_1": "26"}, "ass_count": "1"}, "cat_list": {"cat_1": "1", "cat_2": "3", "cat_3": "2"}, "cat_count": "3"}', '2017-07-24 04:10:53', '2017-08-28 03:14:37', NULL),
(9, '{"cat_1": {"ass_24": {"ass_id": "24", "ass_mark": "5", "ass_points": "5"}, "ass_27": {"ass_id": "27", "ass_mark": "4", "ass_points": "5"}, "cat_id": "1", "ass_list": {"ass_1": "24", "ass_2": "27"}, "ass_count": "2"}, "cat_2": {"ass_25": {"ass_id": "25", "ass_mark": "27", "ass_points": "30"}, "cat_id": "2", "ass_list": {"ass_1": "25"}, "ass_count": "1"}, "cat_3": {"ass_26": {"ass_id": "26", "ass_mark": "55", "ass_points": "60"}, "cat_id": "3", "ass_list": {"ass_1": "26"}, "ass_count": "1"}, "cat_list": {"cat_1": "1", "cat_2": "3", "cat_3": "2"}, "cat_count": "3"}', '2017-07-24 04:10:53', '2017-08-28 03:14:37', NULL),
(10, '{"cat_1": {"ass_24": {"ass_id": "24", "ass_mark": "3", "ass_points": "5"}, "ass_27": {"ass_id": "27", "ass_mark": "5", "ass_points": "5"}, "cat_id": "1", "ass_list": {"ass_1": "24", "ass_2": "27"}, "ass_count": "2"}, "cat_2": {"ass_25": {"ass_id": "25", "ass_mark": "23", "ass_points": "30"}, "cat_id": "2", "ass_list": {"ass_1": "25"}, "ass_count": "1"}, "cat_3": {"ass_26": {"ass_id": "26", "ass_mark": "55", "ass_points": "60"}, "cat_id": "3", "ass_list": {"ass_1": "26"}, "ass_count": "1"}, "cat_list": {"cat_1": "1", "cat_2": "3", "cat_3": "2"}, "cat_count": "3"}', '2017-07-24 04:10:53', '2017-08-28 03:14:37', NULL),
(11, '{"cat_1": {"ass_24": {"ass_id": "24", "ass_mark": "3", "ass_points": "5"}, "ass_27": {"ass_id": "27", "ass_mark": "4", "ass_points": "5"}, "cat_id": "1", "ass_list": {"ass_1": "24", "ass_2": "27"}, "ass_count": "2"}, "cat_2": {"ass_25": {"ass_id": "25", "ass_mark": "26", "ass_points": "30"}, "cat_id": "2", "ass_list": {"ass_1": "25"}, "ass_count": "1"}, "cat_3": {"ass_26": {"ass_id": "26", "ass_mark": "55", "ass_points": "60"}, "cat_id": "3", "ass_list": {"ass_1": "26"}, "ass_count": "1"}, "cat_list": {"cat_1": "1", "cat_2": "3", "cat_3": "2"}, "cat_count": "3"}', '2017-07-24 23:25:36', '2017-07-24 23:25:36', NULL),
(12, '{"cat_1": {"ass_24": {"ass_id": "24", "ass_mark": "4", "ass_points": "5"}, "ass_27": {"ass_id": "27", "ass_mark": "3", "ass_points": "5"}, "cat_id": "1", "ass_list": {"ass_1": "24", "ass_2": "27"}, "ass_count": "2"}, "cat_2": {"ass_25": {"ass_id": "25", "ass_mark": "25", "ass_points": "30"}, "cat_id": "2", "ass_list": {"ass_1": "25"}, "ass_count": "1"}, "cat_3": {"ass_26": {"ass_id": "26", "ass_mark": "55", "ass_points": "60"}, "cat_id": "3", "ass_list": {"ass_1": "26"}, "ass_count": "1"}, "cat_list": {"cat_1": "1", "cat_2": "3", "cat_3": "2"}, "cat_count": "3"}', '2017-07-24 23:25:36', '2017-07-24 23:25:36', NULL),
(13, '{"cat_1": {"ass_24": {"ass_id": "24", "ass_mark": "3", "ass_points": "5"}, "ass_27": {"ass_id": "27", "ass_mark": "4", "ass_points": "5"}, "cat_id": "1", "ass_list": {"ass_1": "24", "ass_2": "27"}, "ass_count": "2"}, "cat_2": {"ass_25": {"ass_id": "25", "ass_mark": "24", "ass_points": "30"}, "cat_id": "2", "ass_list": {"ass_1": "25"}, "ass_count": "1"}, "cat_3": {"ass_26": {"ass_id": "26", "ass_mark": "55", "ass_points": "60"}, "cat_id": "3", "ass_list": {"ass_1": "26"}, "ass_count": "1"}, "cat_list": {"cat_1": "1", "cat_2": "3", "cat_3": "2"}, "cat_count": "3"}', '2017-07-24 23:25:36', '2017-07-24 23:25:36', NULL),
(14, '{"cat_1": {"ass_24": {"ass_id": "24", "ass_mark": "5", "ass_points": "5"}, "ass_27": {"ass_id": "27", "ass_mark": "4", "ass_points": "5"}, "cat_id": "1", "ass_list": {"ass_1": "24", "ass_2": "27"}, "ass_count": "2"}, "cat_2": {"ass_25": {"ass_id": "25", "ass_mark": "27", "ass_points": "30"}, "cat_id": "2", "ass_list": {"ass_1": "25"}, "ass_count": "1"}, "cat_3": {"ass_26": {"ass_id": "26", "ass_mark": "55", "ass_points": "60"}, "cat_id": "3", "ass_list": {"ass_1": "26"}, "ass_count": "1"}, "cat_list": {"cat_1": "1", "cat_2": "3", "cat_3": "2"}, "cat_count": "3"}', '2017-07-24 23:25:36', '2017-07-24 23:25:36', NULL),
(15, '{"cat_1": {"ass_24": {"ass_id": "24", "ass_mark": "3", "ass_points": "5"}, "ass_27": {"ass_id": "27", "ass_mark": "5", "ass_points": "5"}, "cat_id": "1", "ass_list": {"ass_1": "24", "ass_2": "27"}, "ass_count": "2"}, "cat_2": {"ass_25": {"ass_id": "25", "ass_mark": "23", "ass_points": "30"}, "cat_id": "2", "ass_list": {"ass_1": "25"}, "ass_count": "1"}, "cat_3": {"ass_26": {"ass_id": "26", "ass_mark": "55", "ass_points": "60"}, "cat_id": "3", "ass_list": {"ass_1": "26"}, "ass_count": "1"}, "cat_list": {"cat_1": "1", "cat_2": "3", "cat_3": "2"}, "cat_count": "3"}', '2017-07-24 23:25:36', '2017-07-24 23:25:36', NULL),
(16, '{"cat_1": {"ass_24": {"ass_id": "24", "ass_mark": "1", "ass_points": "5"}, "ass_27": {"ass_id": "27", "ass_mark": null, "ass_points": "5"}, "cat_id": "1", "ass_list": {"ass_1": "24", "ass_2": "27"}, "ass_count": "2"}, "cat_2": {"ass_25": {"ass_id": "25", "ass_mark": null, "ass_points": "30"}, "cat_id": "2", "ass_list": {"ass_1": "25"}, "ass_count": "1"}, "cat_3": {"ass_26": {"ass_id": "26", "ass_mark": null, "ass_points": "60"}, "cat_id": "3", "ass_list": {"ass_1": "26"}, "ass_count": "1"}, "cat_list": {"cat_1": "1", "cat_2": "3", "cat_3": "2"}, "cat_count": "3"}', '2017-07-26 23:16:27', '2017-07-26 23:17:28', NULL),
(17, '{"cat_1": {"ass_24": {"ass_id": "24", "ass_mark": "1", "ass_points": "5"}, "ass_27": {"ass_id": "27", "ass_mark": null, "ass_points": "5"}, "cat_id": "1", "ass_list": {"ass_1": "24", "ass_2": "27"}, "ass_count": "2"}, "cat_2": {"ass_25": {"ass_id": "25", "ass_mark": null, "ass_points": "30"}, "cat_id": "2", "ass_list": {"ass_1": "25"}, "ass_count": "1"}, "cat_3": {"ass_26": {"ass_id": "26", "ass_mark": null, "ass_points": "60"}, "cat_id": "3", "ass_list": {"ass_1": "26"}, "ass_count": "1"}, "cat_list": {"cat_1": "1", "cat_2": "3", "cat_3": "2"}, "cat_count": "3"}', '2017-07-26 23:16:27', '2017-07-26 23:17:28', NULL),
(18, '{"cat_1": {"ass_24": {"ass_id": "24", "ass_mark": "1", "ass_points": "5"}, "ass_27": {"ass_id": "27", "ass_mark": null, "ass_points": "5"}, "cat_id": "1", "ass_list": {"ass_1": "24", "ass_2": "27"}, "ass_count": "2"}, "cat_2": {"ass_25": {"ass_id": "25", "ass_mark": null, "ass_points": "30"}, "cat_id": "2", "ass_list": {"ass_1": "25"}, "ass_count": "1"}, "cat_3": {"ass_26": {"ass_id": "26", "ass_mark": null, "ass_points": "60"}, "cat_id": "3", "ass_list": {"ass_1": "26"}, "ass_count": "1"}, "cat_list": {"cat_1": "1", "cat_2": "3", "cat_3": "2"}, "cat_count": "3"}', '2017-07-26 23:16:27', '2017-07-26 23:17:28', NULL),
(19, '{"cat_1": {"ass_24": {"ass_id": "24", "ass_mark": "1", "ass_points": "5"}, "ass_27": {"ass_id": "27", "ass_mark": null, "ass_points": "5"}, "cat_id": "1", "ass_list": {"ass_1": "24", "ass_2": "27"}, "ass_count": "2"}, "cat_2": {"ass_25": {"ass_id": "25", "ass_mark": null, "ass_points": "30"}, "cat_id": "2", "ass_list": {"ass_1": "25"}, "ass_count": "1"}, "cat_3": {"ass_26": {"ass_id": "26", "ass_mark": null, "ass_points": "60"}, "cat_id": "3", "ass_list": {"ass_1": "26"}, "ass_count": "1"}, "cat_list": {"cat_1": "1", "cat_2": "3", "cat_3": "2"}, "cat_count": "3"}', '2017-07-26 23:16:28', '2017-07-26 23:17:28', NULL),
(20, '{"cat_1": {"ass_24": {"ass_id": "24", "ass_mark": "1", "ass_points": "5"}, "ass_27": {"ass_id": "27", "ass_mark": null, "ass_points": "5"}, "cat_id": "1", "ass_list": {"ass_1": "24", "ass_2": "27"}, "ass_count": "2"}, "cat_2": {"ass_25": {"ass_id": "25", "ass_mark": null, "ass_points": "30"}, "cat_id": "2", "ass_list": {"ass_1": "25"}, "ass_count": "1"}, "cat_3": {"ass_26": {"ass_id": "26", "ass_mark": null, "ass_points": "60"}, "cat_id": "3", "ass_list": {"ass_1": "26"}, "ass_count": "1"}, "cat_list": {"cat_1": "1", "cat_2": "3", "cat_3": "2"}, "cat_count": "3"}', '2017-07-26 23:16:28', '2017-07-26 23:17:28', NULL),
(21, '{"cat_1": {"ass_24": {"ass_id": "24", "ass_mark": "1", "ass_points": "5"}, "ass_27": {"ass_id": "27", "ass_mark": null, "ass_points": "5"}, "cat_id": "1", "ass_list": {"ass_1": "24", "ass_2": "27"}, "ass_count": "2"}, "cat_2": {"ass_25": {"ass_id": "25", "ass_mark": null, "ass_points": "30"}, "cat_id": "2", "ass_list": {"ass_1": "25"}, "ass_count": "1"}, "cat_3": {"ass_26": {"ass_id": "26", "ass_mark": null, "ass_points": "60"}, "cat_id": "3", "ass_list": {"ass_1": "26"}, "ass_count": "1"}, "cat_list": {"cat_1": "1", "cat_2": "3", "cat_3": "2"}, "cat_count": "3"}', '2017-07-26 23:16:28', '2017-07-26 23:17:28', NULL),
(22, '{"cat_1": {"ass_24": {"ass_id": "24", "ass_mark": "5", "ass_points": "5"}, "ass_27": {"ass_id": "27", "ass_mark": null, "ass_points": "5"}, "cat_id": "1", "ass_list": {"ass_1": "24", "ass_2": "27"}, "ass_count": "2"}, "cat_2": {"ass_25": {"ass_id": "25", "ass_mark": null, "ass_points": "30"}, "cat_id": "2", "ass_list": {"ass_1": "25"}, "ass_count": "1"}, "cat_3": {"ass_26": {"ass_id": "26", "ass_mark": null, "ass_points": "60"}, "cat_id": "3", "ass_list": {"ass_1": "26"}, "ass_count": "1"}, "cat_list": {"cat_1": "1", "cat_2": "3", "cat_3": "2"}, "cat_count": "3"}', '2017-08-07 05:33:01', '2017-08-07 05:33:01', NULL),
(23, '{"cat_1": {"ass_24": {"ass_id": "24", "ass_mark": "1", "ass_points": "5"}, "ass_27": {"ass_id": "27", "ass_mark": null, "ass_points": "5"}, "cat_id": "1", "ass_list": {"ass_1": "24", "ass_2": "27"}, "ass_count": "2"}, "cat_2": {"ass_25": {"ass_id": "25", "ass_mark": null, "ass_points": "30"}, "cat_id": "2", "ass_list": {"ass_1": "25"}, "ass_count": "1"}, "cat_3": {"ass_26": {"ass_id": "26", "ass_mark": null, "ass_points": "60"}, "cat_id": "3", "ass_list": {"ass_1": "26"}, "ass_count": "1"}, "cat_list": {"cat_1": "1", "cat_2": "3", "cat_3": "2"}, "cat_count": "3"}', '2017-08-07 05:34:20', '2017-08-07 05:34:20', NULL),
(24, '{"cat_1": {"ass_24": {"ass_id": "24", "ass_mark": "1", "ass_points": "5"}, "ass_27": {"ass_id": "27", "ass_mark": "4", "ass_points": "5"}, "cat_id": "1", "ass_list": {"ass_1": "24", "ass_2": "27"}, "ass_count": "2"}, "cat_2": {"ass_25": {"ass_id": "25", "ass_mark": "23", "ass_points": "30"}, "cat_id": "2", "ass_list": {"ass_1": "25"}, "ass_count": "1"}, "cat_3": {"ass_26": {"ass_id": "26", "ass_mark": "55", "ass_points": "60"}, "cat_id": "3", "ass_list": {"ass_1": "26"}, "ass_count": "1"}, "cat_list": {"cat_1": "1", "cat_2": "3", "cat_3": "2"}, "cat_count": "3"}', '2017-08-07 05:44:47', '2017-09-11 02:15:46', NULL),
(25, '{"cat_1": {"ass_24": {"ass_id": "24", "ass_mark": "3", "ass_points": "5"}, "ass_27": {"ass_id": "27", "ass_mark": "4", "ass_points": "5"}, "cat_id": "1", "ass_list": {"ass_1": "24", "ass_2": "27"}, "ass_count": "2"}, "cat_2": {"ass_25": {"ass_id": "25", "ass_mark": null, "ass_points": "30"}, "cat_id": "2", "ass_list": {"ass_1": "25"}, "ass_count": "1"}, "cat_3": {"ass_26": {"ass_id": "26", "ass_mark": null, "ass_points": "60"}, "cat_id": "3", "ass_list": {"ass_1": "26"}, "ass_count": "1"}, "cat_list": {"cat_1": "1", "cat_2": "3", "cat_3": "2"}, "cat_count": "3"}', '2017-08-07 05:44:47', '2017-09-11 02:15:46', NULL),
(26, '{"cat_1": {"ass_24": {"ass_id": "24", "ass_mark": "4", "ass_points": "5"}, "ass_27": {"ass_id": "27", "ass_mark": null, "ass_points": "5"}, "cat_id": "1", "ass_list": {"ass_1": "24", "ass_2": "27"}, "ass_count": "2"}, "cat_2": {"ass_25": {"ass_id": "25", "ass_mark": null, "ass_points": "30"}, "cat_id": "2", "ass_list": {"ass_1": "25"}, "ass_count": "1"}, "cat_3": {"ass_26": {"ass_id": "26", "ass_mark": "3", "ass_points": "60"}, "cat_id": "3", "ass_list": {"ass_1": "26"}, "ass_count": "1"}, "cat_list": {"cat_1": "1", "cat_2": "3", "cat_3": "2"}, "cat_count": "3"}', '2017-08-07 05:44:47', '2017-09-11 02:15:46', NULL),
(27, '{"cat_1": {"ass_24": {"ass_id": "24", "ass_mark": "3", "ass_points": "5"}, "ass_27": {"ass_id": "27", "ass_mark": null, "ass_points": "5"}, "cat_id": "1", "ass_list": {"ass_1": "24", "ass_2": "27"}, "ass_count": "2"}, "cat_2": {"ass_25": {"ass_id": "25", "ass_mark": null, "ass_points": "30"}, "cat_id": "2", "ass_list": {"ass_1": "25"}, "ass_count": "1"}, "cat_3": {"ass_26": {"ass_id": "26", "ass_mark": null, "ass_points": "60"}, "cat_id": "3", "ass_list": {"ass_1": "26"}, "ass_count": "1"}, "cat_list": {"cat_1": "1", "cat_2": "3", "cat_3": "2"}, "cat_count": "3"}', '2017-08-07 05:44:48', '2017-09-11 02:15:46', NULL),
(28, '{"cat_1": {"ass_24": {"ass_id": "24", "ass_mark": "3", "ass_points": "5"}, "ass_27": {"ass_id": "27", "ass_mark": null, "ass_points": "5"}, "cat_id": "1", "ass_list": {"ass_1": "24", "ass_2": "27"}, "ass_count": "2"}, "cat_2": {"ass_25": {"ass_id": "25", "ass_mark": null, "ass_points": "30"}, "cat_id": "2", "ass_list": {"ass_1": "25"}, "ass_count": "1"}, "cat_3": {"ass_26": {"ass_id": "26", "ass_mark": null, "ass_points": "60"}, "cat_id": "3", "ass_list": {"ass_1": "26"}, "ass_count": "1"}, "cat_list": {"cat_1": "1", "cat_2": "3", "cat_3": "2"}, "cat_count": "3"}', '2017-08-07 05:44:48', '2017-09-11 02:15:46', NULL),
(29, '{"cat_1": {"ass_24": {"ass_id": "24", "ass_mark": "4", "ass_points": "5"}, "ass_27": {"ass_id": "27", "ass_mark": null, "ass_points": "5"}, "cat_id": "1", "ass_list": {"ass_1": "24", "ass_2": "27"}, "ass_count": "2"}, "cat_2": {"ass_25": {"ass_id": "25", "ass_mark": null, "ass_points": "30"}, "cat_id": "2", "ass_list": {"ass_1": "25"}, "ass_count": "1"}, "cat_3": {"ass_26": {"ass_id": "26", "ass_mark": null, "ass_points": "60"}, "cat_id": "3", "ass_list": {"ass_1": "26"}, "ass_count": "1"}, "cat_list": {"cat_1": "1", "cat_2": "3", "cat_3": "2"}, "cat_count": "3"}', '2017-08-07 05:44:48', '2017-09-11 02:15:46', NULL),
(30, '{"cat_1": {"ass_24": {"ass_id": "24", "ass_mark": "5", "ass_points": "5"}, "ass_27": {"ass_id": "27", "ass_mark": null, "ass_points": "5"}, "cat_id": "1", "ass_list": {"ass_1": "24", "ass_2": "27"}, "ass_count": "2"}, "cat_2": {"ass_25": {"ass_id": "25", "ass_mark": "3", "ass_points": "30"}, "cat_id": "2", "ass_list": {"ass_1": "25"}, "ass_count": "1"}, "cat_3": {"ass_26": {"ass_id": "26", "ass_mark": null, "ass_points": "60"}, "cat_id": "3", "ass_list": {"ass_1": "26"}, "ass_count": "1"}, "cat_list": {"cat_1": "1", "cat_2": "3", "cat_3": "2"}, "cat_count": "3"}', '2017-08-07 05:44:48', '2017-09-11 02:15:46', NULL),
(31, '{"cat_1": {"ass_24": {"ass_id": "24", "ass_mark": "1", "ass_points": "5"}, "ass_27": {"ass_id": "27", "ass_mark": null, "ass_points": "5"}, "cat_id": "1", "ass_list": {"ass_1": "24", "ass_2": "27"}, "ass_count": "2"}, "cat_2": {"ass_25": {"ass_id": "25", "ass_mark": null, "ass_points": "30"}, "cat_id": "2", "ass_list": {"ass_1": "25"}, "ass_count": "1"}, "cat_3": {"ass_26": {"ass_id": "26", "ass_mark": null, "ass_points": "60"}, "cat_id": "3", "ass_list": {"ass_1": "26"}, "ass_count": "1"}, "cat_list": {"cat_1": "1", "cat_2": "3", "cat_3": "2"}, "cat_count": "3"}', '2017-08-07 05:55:27', '2017-08-07 05:55:27', NULL),
(32, '{"cat_1": {"ass_24": {"ass_id": "24", "ass_mark": null, "ass_points": "5"}, "ass_27": {"ass_id": "27", "ass_mark": "1", "ass_points": "5"}, "cat_id": "1", "ass_list": {"ass_1": "24", "ass_2": "27"}, "ass_count": "2"}, "cat_2": {"ass_25": {"ass_id": "25", "ass_mark": null, "ass_points": "30"}, "cat_id": "2", "ass_list": {"ass_1": "25"}, "ass_count": "1"}, "cat_3": {"ass_26": {"ass_id": "26", "ass_mark": null, "ass_points": "60"}, "cat_id": "3", "ass_list": {"ass_1": "26"}, "ass_count": "1"}, "cat_list": {"cat_1": "1", "cat_2": "3", "cat_3": "2"}, "cat_count": "3"}', '2017-08-07 05:55:27', '2017-08-07 05:55:27', NULL),
(33, '{"cat_1": {"ass_24": {"ass_id": "24", "ass_mark": null, "ass_points": "5"}, "ass_27": {"ass_id": "27", "ass_mark": null, "ass_points": "5"}, "cat_id": "1", "ass_list": {"ass_1": "24", "ass_2": "27"}, "ass_count": "2"}, "cat_2": {"ass_25": {"ass_id": "25", "ass_mark": null, "ass_points": "30"}, "cat_id": "2", "ass_list": {"ass_1": "25"}, "ass_count": "1"}, "cat_3": {"ass_26": {"ass_id": "26", "ass_mark": "1", "ass_points": "60"}, "cat_id": "3", "ass_list": {"ass_1": "26"}, "ass_count": "1"}, "cat_list": {"cat_1": "1", "cat_2": "3", "cat_3": "2"}, "cat_count": "3"}', '2017-08-07 05:55:27', '2017-08-07 05:55:27', NULL),
(34, '{"cat_1": {"ass_24": {"ass_id": "24", "ass_mark": null, "ass_points": "5"}, "ass_27": {"ass_id": "27", "ass_mark": null, "ass_points": "5"}, "cat_id": "1", "ass_list": {"ass_1": "24", "ass_2": "27"}, "ass_count": "2"}, "cat_2": {"ass_25": {"ass_id": "25", "ass_mark": "1", "ass_points": "30"}, "cat_id": "2", "ass_list": {"ass_1": "25"}, "ass_count": "1"}, "cat_3": {"ass_26": {"ass_id": "26", "ass_mark": null, "ass_points": "60"}, "cat_id": "3", "ass_list": {"ass_1": "26"}, "ass_count": "1"}, "cat_list": {"cat_1": "1", "cat_2": "3", "cat_3": "2"}, "cat_count": "3"}', '2017-08-07 05:55:27', '2017-08-07 05:55:27', NULL),
(35, '{"cat_1": {"ass_24": {"ass_id": "24", "ass_mark": null, "ass_points": "5"}, "ass_27": {"ass_id": "27", "ass_mark": null, "ass_points": "5"}, "cat_id": "1", "ass_list": {"ass_1": "24", "ass_2": "27"}, "ass_count": "2"}, "cat_2": {"ass_25": {"ass_id": "25", "ass_mark": null, "ass_points": "30"}, "cat_id": "2", "ass_list": {"ass_1": "25"}, "ass_count": "1"}, "cat_3": {"ass_26": {"ass_id": "26", "ass_mark": null, "ass_points": "60"}, "cat_id": "3", "ass_list": {"ass_1": "26"}, "ass_count": "1"}, "cat_list": {"cat_1": "1", "cat_2": "3", "cat_3": "2"}, "cat_count": "3"}', '2017-08-07 05:55:28', '2017-08-07 05:55:28', NULL),
(36, '{"cat_1": {"ass_24": {"ass_id": "24", "ass_mark": null, "ass_points": "5"}, "ass_27": {"ass_id": "27", "ass_mark": null, "ass_points": "5"}, "cat_id": "1", "ass_list": {"ass_1": "24", "ass_2": "27"}, "ass_count": "2"}, "cat_2": {"ass_25": {"ass_id": "25", "ass_mark": null, "ass_points": "30"}, "cat_id": "2", "ass_list": {"ass_1": "25"}, "ass_count": "1"}, "cat_3": {"ass_26": {"ass_id": "26", "ass_mark": null, "ass_points": "60"}, "cat_id": "3", "ass_list": {"ass_1": "26"}, "ass_count": "1"}, "cat_list": {"cat_1": "1", "cat_2": "3", "cat_3": "2"}, "cat_count": "3"}', '2017-08-07 05:55:28', '2017-08-07 05:55:28', NULL),
(37, '{"cat_1": {"ass_24": {"ass_id": "24", "ass_mark": null, "ass_points": "5"}, "ass_27": {"ass_id": "27", "ass_mark": null, "ass_points": "5"}, "cat_id": "1", "ass_list": {"ass_1": "24", "ass_2": "27"}, "ass_count": "2"}, "cat_2": {"ass_25": {"ass_id": "25", "ass_mark": null, "ass_points": "30"}, "cat_id": "2", "ass_list": {"ass_1": "25"}, "ass_count": "1"}, "cat_3": {"ass_26": {"ass_id": "26", "ass_mark": null, "ass_points": "60"}, "cat_id": "3", "ass_list": {"ass_1": "26"}, "ass_count": "1"}, "cat_list": {"cat_1": "1", "cat_2": "3", "cat_3": "2"}, "cat_count": "3"}', '2017-08-07 05:55:28', '2017-08-07 05:55:28', NULL),
(38, '{"cat_1": {"ass_24": {"ass_id": "24", "ass_mark": null, "ass_points": "5"}, "ass_27": {"ass_id": "27", "ass_mark": null, "ass_points": "5"}, "cat_id": "1", "ass_list": {"ass_1": "24", "ass_2": "27"}, "ass_count": "2"}, "cat_2": {"ass_25": {"ass_id": "25", "ass_mark": null, "ass_points": "30"}, "cat_id": "2", "ass_list": {"ass_1": "25"}, "ass_count": "1"}, "cat_3": {"ass_26": {"ass_id": "26", "ass_mark": null, "ass_points": "60"}, "cat_id": "3", "ass_list": {"ass_1": "26"}, "ass_count": "1"}, "cat_list": {"cat_1": "1", "cat_2": "3", "cat_3": "2"}, "cat_count": "3"}', '2017-08-20 22:11:42', '2017-08-20 22:11:42', NULL),
(39, '{"cat_1": {"ass_24": {"ass_id": "24", "ass_mark": null, "ass_points": "5"}, "ass_27": {"ass_id": "27", "ass_mark": null, "ass_points": "5"}, "cat_id": "1", "ass_list": {"ass_1": "24", "ass_2": "27"}, "ass_count": "2"}, "cat_2": {"ass_25": {"ass_id": "25", "ass_mark": null, "ass_points": "30"}, "cat_id": "2", "ass_list": {"ass_1": "25"}, "ass_count": "1"}, "cat_3": {"ass_26": {"ass_id": "26", "ass_mark": null, "ass_points": "60"}, "cat_id": "3", "ass_list": {"ass_1": "26"}, "ass_count": "1"}, "cat_list": {"cat_1": "1", "cat_2": "3", "cat_3": "2"}, "cat_count": "3"}', '2017-08-20 22:11:42', '2017-08-20 22:11:42', NULL),
(40, '{"cat_1": {"ass_24": {"ass_id": "24", "ass_mark": null, "ass_points": "5"}, "ass_27": {"ass_id": "27", "ass_mark": null, "ass_points": "5"}, "cat_id": "1", "ass_list": {"ass_1": "24", "ass_2": "27"}, "ass_count": "2"}, "cat_2": {"ass_25": {"ass_id": "25", "ass_mark": null, "ass_points": "30"}, "cat_id": "2", "ass_list": {"ass_1": "25"}, "ass_count": "1"}, "cat_3": {"ass_26": {"ass_id": "26", "ass_mark": null, "ass_points": "60"}, "cat_id": "3", "ass_list": {"ass_1": "26"}, "ass_count": "1"}, "cat_list": {"cat_1": "1", "cat_2": "3", "cat_3": "2"}, "cat_count": "3"}', '2017-08-20 22:11:43', '2017-08-20 22:11:43', NULL),
(41, '{"cat_1": {"ass_24": {"ass_id": "24", "ass_mark": null, "ass_points": "5"}, "ass_27": {"ass_id": "27", "ass_mark": null, "ass_points": "5"}, "cat_id": "1", "ass_list": {"ass_1": "24", "ass_2": "27"}, "ass_count": "2"}, "cat_2": {"ass_25": {"ass_id": "25", "ass_mark": null, "ass_points": "30"}, "cat_id": "2", "ass_list": {"ass_1": "25"}, "ass_count": "1"}, "cat_3": {"ass_26": {"ass_id": "26", "ass_mark": null, "ass_points": "60"}, "cat_id": "3", "ass_list": {"ass_1": "26"}, "ass_count": "1"}, "cat_list": {"cat_1": "1", "cat_2": "3", "cat_3": "2"}, "cat_count": "3"}', '2017-08-20 22:11:43', '2017-08-20 22:11:43', NULL),
(42, '{"cat_1": {"ass_24": {"ass_id": "24", "ass_mark": null, "ass_points": "5"}, "ass_27": {"ass_id": "27", "ass_mark": null, "ass_points": "5"}, "cat_id": "1", "ass_list": {"ass_1": "24", "ass_2": "27"}, "ass_count": "2"}, "cat_2": {"ass_25": {"ass_id": "25", "ass_mark": null, "ass_points": "30"}, "cat_id": "2", "ass_list": {"ass_1": "25"}, "ass_count": "1"}, "cat_3": {"ass_26": {"ass_id": "26", "ass_mark": null, "ass_points": "60"}, "cat_id": "3", "ass_list": {"ass_1": "26"}, "ass_count": "1"}, "cat_list": {"cat_1": "1", "cat_2": "3", "cat_3": "2"}, "cat_count": "3"}', '2017-08-20 22:11:43', '2017-08-20 22:11:43', NULL),
(43, '{"cat_1": {"ass_24": {"ass_id": "24", "ass_mark": null, "ass_points": "5"}, "ass_27": {"ass_id": "27", "ass_mark": null, "ass_points": "5"}, "cat_id": "1", "ass_list": {"ass_1": "24", "ass_2": "27"}, "ass_count": "2"}, "cat_2": {"ass_25": {"ass_id": "25", "ass_mark": null, "ass_points": "30"}, "cat_id": "2", "ass_list": {"ass_1": "25"}, "ass_count": "1"}, "cat_3": {"ass_26": {"ass_id": "26", "ass_mark": null, "ass_points": "60"}, "cat_id": "3", "ass_list": {"ass_1": "26"}, "ass_count": "1"}, "cat_list": {"cat_1": "1", "cat_2": "3", "cat_3": "2"}, "cat_count": "3"}', '2017-08-20 22:11:43', '2017-08-20 22:11:43', NULL),
(44, '{"cat_1": {"ass_24": {"ass_id": "24", "ass_mark": null, "ass_points": "5"}, "ass_27": {"ass_id": "27", "ass_mark": null, "ass_points": "5"}, "cat_id": "1", "ass_list": {"ass_1": "24", "ass_2": "27"}, "ass_count": "2"}, "cat_2": {"ass_25": {"ass_id": "25", "ass_mark": null, "ass_points": "30"}, "cat_id": "2", "ass_list": {"ass_1": "25"}, "ass_count": "1"}, "cat_3": {"ass_26": {"ass_id": "26", "ass_mark": null, "ass_points": "60"}, "cat_id": "3", "ass_list": {"ass_1": "26"}, "ass_count": "1"}, "cat_list": {"cat_1": "1", "cat_2": "3", "cat_3": "2"}, "cat_count": "3"}', '2017-08-20 22:11:43', '2017-08-20 22:11:43', NULL),
(45, '{"cat_1": {"ass_24": {"ass_id": "24", "ass_mark": null, "ass_points": "5"}, "ass_27": {"ass_id": "27", "ass_mark": null, "ass_points": "5"}, "cat_id": "1", "ass_list": {"ass_1": "24", "ass_2": "27"}, "ass_count": "2"}, "cat_2": {"ass_25": {"ass_id": "25", "ass_mark": null, "ass_points": "30"}, "cat_id": "2", "ass_list": {"ass_1": "25"}, "ass_count": "1"}, "cat_3": {"ass_26": {"ass_id": "26", "ass_mark": null, "ass_points": "60"}, "cat_id": "3", "ass_list": {"ass_1": "26"}, "ass_count": "1"}, "cat_list": {"cat_1": "1", "cat_2": "3", "cat_3": "2"}, "cat_count": "3"}', '2017-08-20 22:11:43', '2017-08-20 22:11:43', NULL),
(46, '{"cat_1": {"ass_24": {"ass_id": "24", "ass_mark": null, "ass_points": "5"}, "ass_27": {"ass_id": "27", "ass_mark": null, "ass_points": "5"}, "cat_id": "1", "ass_list": {"ass_1": "24", "ass_2": "27"}, "ass_count": "2"}, "cat_2": {"ass_25": {"ass_id": "25", "ass_mark": null, "ass_points": "30"}, "cat_id": "2", "ass_list": {"ass_1": "25"}, "ass_count": "1"}, "cat_3": {"ass_26": {"ass_id": "26", "ass_mark": null, "ass_points": "60"}, "cat_id": "3", "ass_list": {"ass_1": "26"}, "ass_count": "1"}, "cat_list": {"cat_1": "1", "cat_2": "3", "cat_3": "2"}, "cat_count": "3"}', '2017-08-20 22:11:43', '2017-08-20 22:11:43', NULL),
(47, '{"cat_1": {"ass_24": {"ass_id": "24", "ass_mark": null, "ass_points": "5"}, "ass_27": {"ass_id": "27", "ass_mark": null, "ass_points": "5"}, "cat_id": "1", "ass_list": {"ass_1": "24", "ass_2": "27"}, "ass_count": "2"}, "cat_2": {"ass_25": {"ass_id": "25", "ass_mark": null, "ass_points": "30"}, "cat_id": "2", "ass_list": {"ass_1": "25"}, "ass_count": "1"}, "cat_3": {"ass_26": {"ass_id": "26", "ass_mark": null, "ass_points": "60"}, "cat_id": "3", "ass_list": {"ass_1": "26"}, "ass_count": "1"}, "cat_list": {"cat_1": "1", "cat_2": "3", "cat_3": "2"}, "cat_count": "3"}', '2017-08-20 22:11:43', '2017-09-10 23:29:21', NULL),
(48, '{"cat_1": {"ass_24": {"ass_id": "24", "ass_mark": null, "ass_points": "5"}, "ass_27": {"ass_id": "27", "ass_mark": null, "ass_points": "5"}, "cat_id": "1", "ass_list": {"ass_1": "24", "ass_2": "27"}, "ass_count": "2"}, "cat_2": {"ass_25": {"ass_id": "25", "ass_mark": null, "ass_points": "30"}, "cat_id": "2", "ass_list": {"ass_1": "25"}, "ass_count": "1"}, "cat_3": {"ass_26": {"ass_id": "26", "ass_mark": null, "ass_points": "60"}, "cat_id": "3", "ass_list": {"ass_1": "26"}, "ass_count": "1"}, "cat_list": {"cat_1": "1", "cat_2": "3", "cat_3": "2"}, "cat_count": "3"}', '2017-08-20 22:11:43', '2017-08-20 22:11:43', NULL),
(49, '{"cat_1": {"ass_24": {"ass_id": "24", "ass_mark": null, "ass_points": "5"}, "ass_27": {"ass_id": "27", "ass_mark": null, "ass_points": "5"}, "cat_id": "1", "ass_list": {"ass_1": "24", "ass_2": "27"}, "ass_count": "2"}, "cat_2": {"ass_25": {"ass_id": "25", "ass_mark": null, "ass_points": "30"}, "cat_id": "2", "ass_list": {"ass_1": "25"}, "ass_count": "1"}, "cat_3": {"ass_26": {"ass_id": "26", "ass_mark": null, "ass_points": "60"}, "cat_id": "3", "ass_list": {"ass_1": "26"}, "ass_count": "1"}, "cat_list": {"cat_1": "1", "cat_2": "3", "cat_3": "2"}, "cat_count": "3"}', '2017-08-20 22:11:43', '2017-08-20 22:11:43', NULL),
(50, '{"cat_1": {"ass_24": {"ass_id": "24", "ass_mark": null, "ass_points": "5"}, "ass_27": {"ass_id": "27", "ass_mark": null, "ass_points": "5"}, "cat_id": "1", "ass_list": {"ass_1": "24", "ass_2": "27"}, "ass_count": "2"}, "cat_2": {"ass_25": {"ass_id": "25", "ass_mark": null, "ass_points": "30"}, "cat_id": "2", "ass_list": {"ass_1": "25"}, "ass_count": "1"}, "cat_3": {"ass_26": {"ass_id": "26", "ass_mark": null, "ass_points": "60"}, "cat_id": "3", "ass_list": {"ass_1": "26"}, "ass_count": "1"}, "cat_list": {"cat_1": "1", "cat_2": "3", "cat_3": "2"}, "cat_count": "3"}', '2017-08-20 22:11:43', '2017-08-20 22:11:43', NULL),
(51, '{"cat_1": {"ass_24": {"ass_id": "24", "ass_mark": null, "ass_points": "5"}, "ass_27": {"ass_id": "27", "ass_mark": null, "ass_points": "5"}, "cat_id": "1", "ass_list": {"ass_1": "24", "ass_2": "27"}, "ass_count": "2"}, "cat_2": {"ass_25": {"ass_id": "25", "ass_mark": null, "ass_points": "30"}, "cat_id": "2", "ass_list": {"ass_1": "25"}, "ass_count": "1"}, "cat_3": {"ass_26": {"ass_id": "26", "ass_mark": null, "ass_points": "60"}, "cat_id": "3", "ass_list": {"ass_1": "26"}, "ass_count": "1"}, "cat_list": {"cat_1": "1", "cat_2": "3", "cat_3": "2"}, "cat_count": "3"}', '2017-08-20 22:11:43', '2017-08-20 22:11:43', NULL),
(52, '{"cat_1": {"ass_24": {"ass_id": "24", "ass_mark": null, "ass_points": "5"}, "ass_27": {"ass_id": "27", "ass_mark": null, "ass_points": "5"}, "cat_id": "1", "ass_list": {"ass_1": "24", "ass_2": "27"}, "ass_count": "2"}, "cat_2": {"ass_25": {"ass_id": "25", "ass_mark": null, "ass_points": "30"}, "cat_id": "2", "ass_list": {"ass_1": "25"}, "ass_count": "1"}, "cat_3": {"ass_26": {"ass_id": "26", "ass_mark": null, "ass_points": "60"}, "cat_id": "3", "ass_list": {"ass_1": "26"}, "ass_count": "1"}, "cat_list": {"cat_1": "1", "cat_2": "3", "cat_3": "2"}, "cat_count": "3"}', '2017-08-20 22:11:44', '2017-08-20 22:11:44', NULL),
(53, '{"cat_1": {"ass_24": {"ass_id": "24", "ass_mark": null, "ass_points": "5"}, "ass_27": {"ass_id": "27", "ass_mark": null, "ass_points": "5"}, "cat_id": "1", "ass_list": {"ass_1": "24", "ass_2": "27"}, "ass_count": "2"}, "cat_2": {"ass_25": {"ass_id": "25", "ass_mark": null, "ass_points": "30"}, "cat_id": "2", "ass_list": {"ass_1": "25"}, "ass_count": "1"}, "cat_3": {"ass_26": {"ass_id": "26", "ass_mark": null, "ass_points": "60"}, "cat_id": "3", "ass_list": {"ass_1": "26"}, "ass_count": "1"}, "cat_list": {"cat_1": "1", "cat_2": "3", "cat_3": "2"}, "cat_count": "3"}', '2017-08-20 22:11:44', '2017-08-20 22:11:44', NULL),
(54, '{"cat_1": {"ass_24": {"ass_id": "24", "ass_mark": "5", "ass_points": "5"}, "ass_27": {"ass_id": "27", "ass_mark": "4", "ass_points": "5"}, "cat_id": "1", "ass_list": {"ass_1": "24", "ass_2": "27"}, "ass_count": "2"}, "cat_2": {"ass_25": {"ass_id": "25", "ass_mark": "23", "ass_points": "30"}, "cat_id": "2", "ass_list": {"ass_1": "25"}, "ass_count": "1"}, "cat_3": {"ass_26": {"ass_id": "26", "ass_mark": "54", "ass_points": "60"}, "cat_id": "3", "ass_list": {"ass_1": "26"}, "ass_count": "1"}, "cat_list": {"cat_1": "1", "cat_2": "3", "cat_3": "2"}, "cat_count": "3"}', '2017-09-11 02:34:57', '2017-09-11 02:34:57', NULL),
(55, '{"cat_1": {"ass_24": {"ass_id": "24", "ass_mark": "5", "ass_points": "5"}, "ass_27": {"ass_id": "27", "ass_mark": "2", "ass_points": "5"}, "cat_id": "1", "ass_list": {"ass_1": "24", "ass_2": "27"}, "ass_count": "2"}, "cat_2": {"ass_25": {"ass_id": "25", "ass_mark": "24", "ass_points": "30"}, "cat_id": "2", "ass_list": {"ass_1": "25"}, "ass_count": "1"}, "cat_3": {"ass_26": {"ass_id": "26", "ass_mark": "54", "ass_points": "60"}, "cat_id": "3", "ass_list": {"ass_1": "26"}, "ass_count": "1"}, "cat_list": {"cat_1": "1", "cat_2": "3", "cat_3": "2"}, "cat_count": "3"}', '2017-09-11 02:34:57', '2017-09-11 02:34:57', NULL),
(56, '{"cat_1": {"ass_24": {"ass_id": "24", "ass_mark": "4", "ass_points": "5"}, "ass_27": {"ass_id": "27", "ass_mark": "3", "ass_points": "5"}, "cat_id": "1", "ass_list": {"ass_1": "24", "ass_2": "27"}, "ass_count": "2"}, "cat_2": {"ass_25": {"ass_id": "25", "ass_mark": "22", "ass_points": "30"}, "cat_id": "2", "ass_list": {"ass_1": "25"}, "ass_count": "1"}, "cat_3": {"ass_26": {"ass_id": "26", "ass_mark": "55", "ass_points": "60"}, "cat_id": "3", "ass_list": {"ass_1": "26"}, "ass_count": "1"}, "cat_list": {"cat_1": "1", "cat_2": "3", "cat_3": "2"}, "cat_count": "3"}', '2017-09-11 02:34:57', '2017-09-11 02:34:57', NULL),
(57, '{"cat_1": {"ass_24": {"ass_id": "24", "ass_mark": "4", "ass_points": "5"}, "ass_27": {"ass_id": "27", "ass_mark": "4", "ass_points": "5"}, "cat_id": "1", "ass_list": {"ass_1": "24", "ass_2": "27"}, "ass_count": "2"}, "cat_2": {"ass_25": {"ass_id": "25", "ass_mark": "21", "ass_points": "30"}, "cat_id": "2", "ass_list": {"ass_1": "25"}, "ass_count": "1"}, "cat_3": {"ass_26": {"ass_id": "26", "ass_mark": "56", "ass_points": "60"}, "cat_id": "3", "ass_list": {"ass_1": "26"}, "ass_count": "1"}, "cat_list": {"cat_1": "1", "cat_2": "3", "cat_3": "2"}, "cat_count": "3"}', '2017-09-11 02:34:57', '2017-09-11 02:34:57', NULL),
(58, '{"cat_1": {"ass_24": {"ass_id": "24", "ass_mark": "4", "ass_points": "5"}, "ass_27": {"ass_id": "27", "ass_mark": "3", "ass_points": "5"}, "cat_id": "1", "ass_list": {"ass_1": "24", "ass_2": "27"}, "ass_count": "2"}, "cat_2": {"ass_25": {"ass_id": "25", "ass_mark": "22", "ass_points": "30"}, "cat_id": "2", "ass_list": {"ass_1": "25"}, "ass_count": "1"}, "cat_3": {"ass_26": {"ass_id": "26", "ass_mark": "53", "ass_points": "60"}, "cat_id": "3", "ass_list": {"ass_1": "26"}, "ass_count": "1"}, "cat_list": {"cat_1": "1", "cat_2": "3", "cat_3": "2"}, "cat_count": "3"}', '2017-09-11 02:34:57', '2017-09-11 02:34:57', NULL),
(59, '{"cat_1": {"ass_2": {"ass_id": "2", "ass_mark": "7", "ass_points": "10"}, "cat_id": "1", "ass_list": {"ass_1": "2"}, "ass_count": "1"}, "cat_2": {"cat_id": "2", "ass_count": "0"}, "cat_3": {"ass_4": {"ass_id": "4", "ass_mark": "60", "ass_points": "100"}, "cat_id": "3", "ass_list": {"ass_1": "4"}, "ass_count": "1"}, "cat_list": {"cat_1": "2", "cat_2": "1", "cat_3": "3"}, "cat_count": "3"}', '2017-09-23 01:11:07', '2017-09-23 02:41:50', NULL);

-- --------------------------------------------------------

--
-- Table structure for table `student_parents`
--

CREATE TABLE `student_parents` (
  `id` int(10) UNSIGNED NOT NULL,
  `gud_id` int(10) UNSIGNED DEFAULT NULL,
  `std_id` int(10) UNSIGNED DEFAULT NULL,
  `user_id` int(10) UNSIGNED DEFAULT NULL,
  `is_emergency` tinyint(1) NOT NULL DEFAULT '0',
  `created_at` timestamp NULL DEFAULT NULL,
  `updated_at` timestamp NULL DEFAULT NULL,
  `deleted_at` timestamp NULL DEFAULT NULL
) ENGINE=InnoDB DEFAULT CHARSET=utf8mb4 COLLATE=utf8mb4_unicode_ci;

--
-- Dumping data for table `student_parents`
--

INSERT INTO `student_parents` (`id`, `gud_id`, `std_id`, `user_id`, `is_emergency`, `created_at`, `updated_at`, `deleted_at`) VALUES
(1, 1, 2, 64, 1, '2017-09-17 02:56:43', '2017-09-17 02:56:43', NULL),
(5, 2, 1, 65, 1, '2017-09-17 03:20:48', '2017-09-17 03:20:48', NULL),
(19, 3, 1, 66, 1, '2017-09-17 03:57:24', '2017-09-17 03:57:24', NULL),
(20, 1, 3, 64, 1, '2017-09-17 03:58:42', '2017-09-17 03:58:42', NULL),
(22, 2, 2, 65, 1, '2017-09-17 04:03:09', '2017-09-17 04:03:09', NULL),
(23, 3, 2, 66, 1, '2017-09-17 04:03:45', '2017-09-17 04:03:45', NULL),
(24, 2, 3, 65, 1, '2017-09-17 04:04:24', '2017-09-17 04:04:24', NULL),
(25, 3, 3, 66, 1, '2017-09-17 04:06:51', '2017-09-17 04:06:51', NULL),
(27, 2, 5, 65, 1, '2017-09-17 04:11:52', '2017-09-17 04:11:52', NULL),
(29, 3, 5, 66, 1, '2017-09-17 04:14:27', '2017-09-17 04:14:27', NULL),
(31, 2, 6, 65, 1, '2017-09-17 04:16:20', '2017-09-17 04:16:20', NULL),
(32, 3, 6, 66, 1, '2017-09-17 04:16:29', '2017-09-17 04:16:29', NULL),
(33, 1, 7, 64, 1, '2017-09-17 04:17:54', '2017-09-17 04:17:54', NULL),
(34, 4, 40, 90, 1, '2017-09-23 01:06:05', '2017-09-23 01:06:05', NULL);

-- --------------------------------------------------------

--
-- Stand-in structure for view `student_payment_view`
--
CREATE TABLE `student_payment_view` (
`std_id` int(10) unsigned
,`academic_year` int(10) unsigned
,`batch` int(10) unsigned
,`section` int(10) unsigned
,`payable_amount` double(25,8)
,`payed_amount` double
);

-- --------------------------------------------------------

--
-- Table structure for table `subject`
--

CREATE TABLE `subject` (
  `id` int(10) UNSIGNED NOT NULL,
  `subject_name` varchar(255) COLLATE utf8mb4_unicode_ci NOT NULL,
  `subject_code` varchar(255) COLLATE utf8mb4_unicode_ci NOT NULL,
  `subject_alias` varchar(255) COLLATE utf8mb4_unicode_ci NOT NULL,
  `is_deleted` int(11) NOT NULL DEFAULT '0',
  `created_at` timestamp NULL DEFAULT NULL,
  `updated_at` timestamp NULL DEFAULT NULL,
  `deleted_at` timestamp NULL DEFAULT NULL
) ENGINE=InnoDB DEFAULT CHARSET=utf8mb4 COLLATE=utf8mb4_unicode_ci;

--
-- Dumping data for table `subject`
--

INSERT INTO `subject` (`id`, `subject_name`, `subject_code`, `subject_alias`, `is_deleted`, `created_at`, `updated_at`, `deleted_at`) VALUES
(5, 'Bangla', 'BAN', 'bangla', 0, '2017-07-09 02:15:46', '2017-07-09 02:15:46', NULL),
(6, 'English', 'ENG', 'english', 0, '2017-07-09 02:16:01', '2017-07-09 02:16:01', NULL),
(7, 'Math', 'MAT', 'math', 0, '2017-07-09 02:16:28', '2017-07-09 02:16:28', NULL),
(8, 'Physics', 'PHY', 'physics', 0, '2017-07-09 23:33:40', '2017-07-09 23:33:40', NULL),
(9, 'Chemistry', 'CHE', 'chemistry', 0, '2017-07-09 23:34:08', '2017-07-09 23:34:08', NULL);

-- --------------------------------------------------------

--
-- Table structure for table `users`
--

CREATE TABLE `users` (
  `id` int(10) UNSIGNED NOT NULL,
  `name` varchar(255) COLLATE utf8mb4_unicode_ci NOT NULL,
  `email` varchar(255) COLLATE utf8mb4_unicode_ci NOT NULL,
  `password` varchar(255) COLLATE utf8mb4_unicode_ci NOT NULL,
  `remember_token` varchar(100) COLLATE utf8mb4_unicode_ci DEFAULT NULL,
  `created_at` timestamp NULL DEFAULT NULL,
  `updated_at` timestamp NULL DEFAULT NULL
) ENGINE=InnoDB DEFAULT CHARSET=utf8mb4 COLLATE=utf8mb4_unicode_ci;

--
-- Dumping data for table `users`
--

INSERT INTO `users` (`id`, `name`, `email`, `password`, `remember_token`, `created_at`, `updated_at`) VALUES
(1, 'Amirul Islam', 'amirul.ete@gmail.com', '$2y$10$bNlbwymEiXe9dpDSDlsYpeWE4OMRSGB2ECPpeAWVpKYeZCchafWdq', 'Ef3rlUkminDKBISsIOpW3iJQ9A18OmCDWlBegKYu2w91gD1oQ1qt800C8Dzh', NULL, NULL),
(2, 'Amirul Islam', 'amirul.islam@gmail.com', '$2y$10$bNlbwymEiXe9dpDSDlsYpeWE4OMRSGB2ECPpeAWVpKYeZCchafWdq', 'Digfj41dxZNurSbedMNxiMf75O85tt8yV7NGhxYRSOdBlr48gs4BhwmJ57KT', NULL, NULL),
(3, 'Sree Romesh Chnadra Shill', 'eng.romesh@gmail.com', '$2y$10$BJhicFStUTG3Tqx.jk5HeOgxGrY.04FprJ.O20PQKKClSsvDrrx8y', 'cEx4aBJM3osspW6SRzPdTgjLP5VLsyiZmlnW1dS5wfhcsuSeLodhvcW4c0BF', '2017-07-24 01:13:23', '2017-07-24 01:13:23'),
(4, 'Md Azadur Rahaman', 'eng.azad@gmail.com', '$2y$10$e3LO0fLm/s2NwHBDPKcJv.ltC0j1EYFhSs0v5tzymmk7fxlhtLxzy', NULL, '2017-07-24 01:14:31', '2017-07-24 01:14:31'),
(5, 'Md Helal Uddin', 'eng.helal@gmail.com', '$2y$10$ttXoZTy90xMjoFsNZd650uRAgQVvLDxofvt2uiCdKTonOfpWVXrUC', NULL, '2017-07-24 01:15:11', '2017-07-24 01:15:11'),
(6, 'Md Sohel Rana', 'md.sohel@gmail.com', '$2y$10$64Lz5wxGNpB8vot0kZ0bPuXvgwEpWLjTCDb8jVYnyp8lrgf721GY.', NULL, '2017-07-24 01:19:19', '2017-07-24 01:19:19'),
(7, 'Md Bellal Uddin', 'md.bellal@gmail.com', '$2y$10$1S8S3S7sGKG9QyyWaI.OYeT279qK5Z6U62XuUQdyF9oVJd25Idj/S', '4zQ4c4y9Lc2IHlJle8NmcJEXuqZwq91EgTf2koh9eUIQ2XZau1SJqLzFuAeW', '2017-07-24 01:20:37', '2017-07-24 01:20:37'),
(8, 'Md', 'nasir@gmail.com', '$2y$10$3dP7sYM8056WRERepxz28ewNPesweghc1PuRQ68rWpGNETLyGLeXa', 'lZrWV4IDzRDChIdH0vZWHVXrVnz7xkwOB14epYmD2xWJpEGcnvZuV6QISYEe', '2017-07-24 01:22:53', '2017-07-24 01:22:53'),
(9, 'Md', 'iftekhar@gmail.com', '$2y$10$2.FPrXc70IXvrCNsCCyK.epcqDwWyPPnPIiSVTWm45b9awjEdpIkK', 'EtVpx0TPoaUN56HSWUfKoq9wfjmT8ctvyoWLR5BG6DQwRavkPHaNWjtWRF29', '2017-07-24 01:23:27', '2017-07-24 01:23:27'),
(10, 'Md', 'amirul@gmail.com', '$2y$10$yfJt13hrsags/TSR1Lzwxek3zCfe9pg5buN/szsKVjF8HeMnMYOAa', 'ottlvcL2GadiEqMxTTjKWJ4RticytnwQmwN2pCFrzzIoyobUXncKjrQ6gSF1', '2017-07-24 01:24:09', '2017-07-24 01:24:09'),
(11, 'Romesh', 'rom@gmail.com', '$2y$10$E/gg/H1DnzHsbkdUhdaU2OfQmk50O/TSw.G8k7a1KL2pxGyOiCv4q', 'r0tFyIVnWmz42u5RSdOmVT0DlzC2FdH0rtTjyfTYufJOzCzXDMHf2cZtcthg', '2017-07-24 01:24:51', '2017-07-24 01:24:51'),
(12, 'Md Sumon Miya', 'sumon@gmail.com', '$2y$10$ILNdqa7.4FIcJMjfuWjIIOxSclQy5KPeUL9kYXrfCSyUw92pLgnka', NULL, '2017-07-26 03:42:54', '2017-07-26 03:42:54'),
(14, 'Ranajit Shill', 'ranajit@gmail.com', '$2y$10$y5HbOJ1X1znxy8BSZaD3kOFulxucmdsityZ36tNLM06HjmzX5G1xi', NULL, '2017-07-27 05:11:39', '2017-07-27 05:13:19'),
(15, 'asdf sdfasdfasd asdfasdfa', 'aasdfasdmirul.asdfeteasdf@gmail.com', '$2y$10$Z//ZF8aUcj4DtiWQnyRLiua29AoWMhEY6flBM22qPoVmWFvWdAKA6', NULL, '2017-08-07 01:23:31', '2017-08-07 01:23:31'),
(16, 'first name middle name last name', 'amirulisalm.ete@gmail.com', '$2y$10$GKk7FHrMFvxK7cC2B66IzeMN/YfSUbfIrKgG570uFQM2XbDjczgcS', NULL, '2017-08-16 01:16:10', '2017-08-16 01:16:10'),
(17, 'hr first name', 'asfasd@asdgfasd.coiad', '$2y$10$Gl/cfKa1CiFwxsVrrvRChel1DVSB80lQp1T/wmu3Qn8w7ZdpZV7pm', NULL, '2017-08-16 01:34:04', '2017-08-16 01:34:04'),
(18, 'asdfasd', 'asdfasasfasddf@asdlkf.comd', '$2y$10$NetOsfB2cNXOf/a5ydaF.OOVYTFpQeI7ORNOTOGK4eOAQ0L/OtThO', NULL, '2017-08-16 01:53:36', '2017-08-16 01:53:36'),
(19, 'Md Amirul Islam', 'mdamirul@gmail.com', '$2y$10$RmTZNEcHvaGUGQmM.qHyQOAL3rfUcVIrofFaPAcvrg1z.G5qUzZjW', NULL, '2017-08-17 04:15:34', '2017-08-17 04:15:34'),
(20, 'Romesh chandra shill', 'romeshshill.bd@gmail.com', '$2y$10$.5v1q/B3BBl.Es3oy0NlcuGC0gszauv0rArYVD/sSaGblwihcDwOe', NULL, '2017-08-17 04:15:34', '2017-08-17 04:15:34'),
(21, 'asdf Amirul asdfa Islamfdsfa', 'ddmdamirul@gmail.com', '$2y$10$np9rCtQkxDLqmNmKs5DuNun0SHAMpBLrOOjChDTWnNisUSqVdHyim', NULL, '2017-08-17 04:19:24', '2017-08-17 04:19:24'),
(22, 'Romesh chandra shilldsfa', 'ddromeshshill.bd@gmail.com', '$2y$10$v85dHZeoJ0sQamm5L6uVz.LGqV37yp6uC0O7BmiorLjDuUB7dkNA.', NULL, '2017-08-17 04:19:24', '2017-08-17 04:19:24'),
(23, 'AKM Amirul asdfdsf', 'akmislam@gmail.comd', '$2y$10$/zRzEicVHlNijQdpUsZkp.Y3TdLchbuHlAH8QCwVN9ls3kMrMYUlO', NULL, '2017-08-17 04:19:24', '2017-08-17 04:19:24'),
(24, 'asdf Amirul asdfa Islamfdsfa', 'sadmdamirul@gmail.com', '$2y$10$WRpbGMgrzkW4ojd0LX/JeunJvftpwwkF1yl7j7bA7A.TeILMevFAa', NULL, '2017-08-17 04:29:59', '2017-08-17 04:29:59'),
(25, 'Romesh chandra shilldsfa', 'sadddromeshshill.bd@gmail.com', '$2y$10$VeQx5vpZOpWfZMDJCihPOuagk4TBT.YaaO4SlpEqZ17APrsttNC/e', NULL, '2017-08-17 04:29:59', '2017-08-17 04:29:59'),
(26, 'AKM Amirul asdfdsf', 'sdfasakmislam@gmail.comd', '$2y$10$CT6SzWDsb1KarqS7uhSqUuLC3TAm7vE0wx8.11DQKnO9Ist472H/6', NULL, '2017-08-17 04:29:59', '2017-08-17 04:29:59'),
(27, 'asdf Amirul asdfa Islamfdsfa', 'asdasldnf@asdljkf.com', '$2y$10$iIBHqQPemkucjP0RgXnYEOHDP7kSqobRbB5kKH397mIXS/9IO7jia', NULL, '2017-08-17 05:09:59', '2017-08-17 05:09:59'),
(28, 'Romesh chandra shilldsfa', 'asdasldndsdf@assdljkf.com', '$2y$10$MFCnbl1z/uiD5UTypa9yOuGvIiqRCUNOKSkXK5NyqoEjbrayvb9YW', NULL, '2017-08-17 05:09:59', '2017-08-17 05:09:59'),
(29, 'AKM Amirul asdfdsf', 'asdassslsadnf@aassdljkf.coma', '$2y$10$3l7YNZTa6mmE1yz9K2YxCO6Gj5Etb.aB4bB.f2aKvnaAeyMrGREhu', NULL, '2017-08-17 05:09:59', '2017-08-17 05:09:59'),
(30, 'asdf Amirul asdfa Islamfdsfa', 'asdasldnf@asdljkf.com', '$2y$10$djmS.0xaRnnIC/5tna2IeOVGFjj377xIoOAN.Hx/YVk8sEYNAN8Le', NULL, '2017-08-17 05:13:33', '2017-08-17 05:13:33'),
(31, 'Romesh chandra shilldsfa', 'asdasldndsdf@assdljkf.com', '$2y$10$yGBIamrviQJo6ohyI0vxB.KqK2bFkSu6.fNBJbMgNTZZ1c0.B9fk2', NULL, '2017-08-17 05:13:33', '2017-08-17 05:13:33'),
(32, 'AKM Amirul asdfdsf', 'asdassslsadnf@aassdljkf.coma', '$2y$10$EhsLgGgj8El2Wv2E7Wip6.qqYSdiLcCF431arbF7J48Pz3zattfj6', NULL, '2017-08-17 05:13:33', '2017-08-17 05:13:33'),
(33, 'asdf Amirul asdfa Islamfdsfa', 'ghfgasdasldnf@asdljkf.com', '$2y$10$N0eKqwjpyaF4jpZADIzGmOnQiTa73U.E/Qehi2nrWDZ4PgyOqyXfq', NULL, '2017-08-17 05:15:26', '2017-08-17 05:15:26'),
(34, 'Romesh chandra shilldsfa', 'asdasdfghldndsdf@assdljkf.com', '$2y$10$w0S4mDMkxQJELhAVaGp1J..YaajMdGZ2imYuKMAbyLBxpKTSH5Qry', NULL, '2017-08-17 05:15:26', '2017-08-17 05:15:26'),
(35, 'AKM Amirul asdfdsf', 'asdsdfgsdadfgdssslsadnf@aassdljkf.coma', '$2y$10$ntmIzN1ljGdf1jCQshBeG.16vrfCJAGwswmdcVwU2pAO32.tdLVH2', NULL, '2017-08-17 05:15:26', '2017-08-17 05:15:26'),
(37, 'asdfasd dfasdfas dfasdfasd', 'aasdfsasdfadfasasfasddf@asdlkf.com', '$2y$10$priD3Yf941Okp3Ae8AK9N.LAq27hpTJOSmTQ08ew4gFiHcOzLioRG', NULL, '2017-08-19 23:55:51', '2017-08-19 23:55:51'),
(38, 'asdf asdfasd fasdfasd', 'hasdkf322@asdlkf.com', '$2y$10$e9cII9PTqQWzEIG8gHLNmu62Psqe0DTXk0cYCNHE1wkrMGJB8AT.e', NULL, '2017-08-20 00:07:04', '2017-08-20 00:07:04'),
(40, 'asdf asdfasd fasdfasd', 'hasdasdkf322@asdlkf.com', '$2y$10$4JRCihPG4aMS94cC7NVMxOm97Ob8udGnft6LAxHB6f6o3yBjafXty', NULL, '2017-08-20 00:15:11', '2017-08-20 00:15:11'),
(41, 'asdf asdfasd fasdfasd', 'hasdaasdfsdkf322@asdlkf.com', '$2y$10$yEYZJ.zo8fB6l4kqeQHzZuxr5fu0ekX2BIvK7HyA2B6F0XNVO.t1q', NULL, '2017-08-20 00:19:53', '2017-08-20 00:19:53'),
(42, 'asdfas dfasd fasdfasd', 'sadfas@asdkjfj.com', '$2y$10$F57AQuwqTt76H27yvPMetuCl2m.5qpSrtINAj9VKgsmk5tMhWurv.', NULL, '2017-08-20 01:21:12', '2017-08-20 01:21:12'),
(43, 'asdfas dfasd fasdfasd', 'sadfasfasdas@asdkjfj.comasd', '$2y$10$/aV0s41pTDmYBl3ogU5aN.ZAoe3AQwUy6QNSqHUlF0VyrPa5EOIS.', NULL, '2017-08-20 01:24:15', '2017-08-20 01:24:15'),
(44, 'asdfas dfasd fasdfasd', 'sadfasfasdas@asdkjfj.amirul', '$2y$10$GizMdL3aGz761bbivSqC.e13jeQHQNYPLev4TwE/76aD.UDL1eTw.', NULL, '2017-08-20 01:24:53', '2017-08-20 01:24:53'),
(45, 'asdf asdfa sdfasd', 'aaaasdfasasdasdf@asdadlkf.coma', '$2y$10$gg.PoXn9ErbjFo1E3W6hBeIIslUNJ59vjugWjmnXRUn42pKwnykm6', NULL, '2017-08-20 03:49:36', '2017-08-20 03:49:36'),
(46, 'First Name Middle Name Last Name', 'adfaexample@email.com', '$2y$10$bysEzPfwS4U2ERhhO2qJc.J0lHZfA3/U7rwYUz9KyjucsdqhD8VRS', NULL, '2017-08-20 04:52:54', '2017-08-20 04:52:54'),
(47, 'Sajeeb Khan', 'eng.sajeeb@gmail.com', '$2y$10$nkwOH1tv3eTiaXRJfVU86Ox05swNpIHVcsOmFdSemEbHadeEK6Wk2', 'SpEpCQCi0h5TnDqhumuQYIslFilHQyx8W2d790lleEexX8hajfU4itRfBjue', '2017-09-16 05:58:08', '2017-09-16 05:58:08'),
(48, 'asdfasd fasdfa', 'asdfasasasdfasddf@asdlkf.com', '$2y$10$npp9Iinb8HMoBWQD4u.SMOcmHYwpmpD8ZtH8npfW0ewTRfBxQ4s3W', NULL, '2017-09-16 06:07:19', '2017-09-16 06:07:19'),
(49, 'asdfasd fasdfa', 'amirul.esdfasdte@gmail.com', '$2y$10$YySSmE2iIkXNhupasCh.x.RZ56ZCrFnWglHuQP6/eTjYOyvOZW.v.', 'ji9PnhnCVxmeC3NNdNFhddDufkTbtonljzb7lhZlh7YvEbA6jXF5KTXUFknF', '2017-09-16 06:08:21', '2017-09-16 06:08:21'),
(50, 'Habibur Rahaman', 'habib@gmail.com', '$2y$10$HsuwPfLw41g7UPacj3LfouyzvEMyzxPynmJNEj6IOfUur3NzhRega', '4XTB6YfrHsyrnhbbDXn8oftiaw73L5sElLOvOVxi04SQth3xLhknLTdHCzTd', '2017-09-16 22:59:51', '2017-09-16 22:59:51'),
(51, 'adsfasd asd', 'amisdfasdrul.asdfaete@gmail.com', '$2y$10$tdibi3B5JHeyP.cUnednAOhuhtD781dGUeYuPeCfSV1bDxCd8Qemi', NULL, '2017-09-17 01:35:32', '2017-09-17 01:35:32'),
(52, '444 444', 'amirul.et444e@gmail.com', '$2y$10$yy6f23EAVCH.SgIWNAJQ1e4GEA/RkuRNXbjlnjkwOU.bQ.RrVAlYi', NULL, '2017-09-17 01:42:01', '2017-09-17 01:42:01'),
(53, '444 444', 'amirul.et444e@gmail.com', '$2y$10$Jk6GNPT7XmjkJGJAwpKIBeQkENdWAcx/3DXVEdn0UG9WzjFepFFwy', NULL, '2017-09-17 01:42:36', '2017-09-17 01:42:36'),
(54, '33333 333', 'amirul.333@gmail.com', '$2y$10$8AICAICQ0.WiGedk2eBfUOa.0DP1ajqg3Fhwc/xNp69f4l6qTWZDC', NULL, '2017-09-17 01:44:26', '2017-09-17 01:44:26'),
(55, '33333 333', 'amirul.333@gmail.com', '$2y$10$drcOCiZxGGgOw.J86Olreuez7fB8VLTVWZXh0ayuxTk9/in3ShMgS', NULL, '2017-09-17 01:45:34', '2017-09-17 01:45:34'),
(56, '33333 333', 'amirul.333@gmail.com', '$2y$10$t6d8GmVR2tJ4xIexNYj/TuadtecZOQtliCHwe0WFwkqW1qZPXe686', NULL, '2017-09-17 01:45:49', '2017-09-17 01:45:49'),
(58, 'asdas dfasd', 'aamirul.666@gmail.com', '$2y$10$ONo/6exLohqNo13Vt3CA1e2HZp5PQaG3euh2oEyJBn.GC65oAWRUa', NULL, '2017-09-17 01:48:53', '2017-09-17 01:48:53'),
(59, '8888 888', 'amirul.888@gmail.com', '$2y$10$ZhvUMIrGOkBudoL.gw/CQuT/HOSLYP7CZaGmhuTvAnofP8t5AdVnC', NULL, '2017-09-17 02:01:16', '2017-09-17 02:01:16'),
(60, '9999 9999', 'amirul.999@gmail.com', '$2y$10$6hXNAmcEoYMg9ZM2h2ANGO.m/mbHm85CYSM8lbt48b0dC31fjBEzG', NULL, '2017-09-17 02:05:36', '2017-09-17 02:05:36'),
(61, 'asdfa sdfad', 'amirul.easdfate@gmail.com', '$2y$10$G1opiPMGmjKPEN0AQY5PyOZpLxcaiaqeLw0tU6tEGJXVNUCaFACOG', NULL, '2017-09-17 02:12:16', '2017-09-17 02:12:16'),
(62, 'Habibur Rahaman', 'amirul.habib@gmail.com', '$2y$10$AVN8wrcT/KmVSj7utCTUuOpDWdABgZ9rCCjIuQEJ.K8klbIJ2vBpC', NULL, '2017-09-17 02:22:22', '2017-09-17 02:22:22'),
(63, 'asdfasd fasdfads', 'asdfasdmirul.asdfasdete@gmail.coma', '$2y$10$sT/9YsYjokb2HP8F5imLiOz2lrGZQnOVYhzYri9IHKN/0PhPobUr6', NULL, '2017-09-17 02:54:37', '2017-09-17 02:54:37'),
(64, 'Habibur Rahaman', 'habib.amirul@gmail.com', '$2y$10$mPIrFT2cQjx/JkUgVyQ1P.muRa8bT9qXD16fOnx3ToiUXBr2nk86W', 'Fq4MeUekbtHLRKIlhtjypwIv7K84fkOTIlTR7Hhpo526sRbAGi39LSWiRR67', '2017-09-17 02:56:43', '2017-09-17 02:56:43'),
(65, 'fasdf asdfas', 'amirul.asdfasdfaete@gmail.comasd', '$2y$10$9Jl34/WsAOzqLHao6SY8D.WzFm5omFGT87wYX8.W0nZauMSRGXhGa', 'Tjfqdd02HDhEwu35VpxitNBPP7dNf4i6Fuia0qHBChjByKN7zYWpfoXizyGz', '2017-09-17 03:20:48', '2017-09-17 03:20:48'),
(66, 'asdfasd fasdfasd', 'amiasdfasddrul.easdfasasdfte@gmail.com', '$2y$10$2X4llh2me7f3UrycgbpfaObJBArKCjS6s1hnjFv3MIdjCLhWyEhum', NULL, '2017-09-17 03:57:24', '2017-09-17 03:57:24'),
(71, 'AKM Amirul Isalm', 'amirul.ete@gmail.com', '$2y$10$oUIzwUwvQahMCONybwDp1uimgSeHzRPAA.nHavuL9wX6I8a/z7tlO', NULL, '2017-09-20 00:12:38', '2017-09-20 00:12:38'),
(72, 'MD Amirul Isalm', 'amirul@gmail.com', '$2y$10$TtL.q7Yk.NgmufZ0xzXuWu115jAw1QxOSNs6oT6Zt5.ctHKwOFq4y', NULL, '2017-09-20 00:12:38', '2017-09-20 00:12:38'),
(73, 'AKM Amirul Isalm', 'amirul.ete@gmail.com', '$2y$10$FIqZNZ7bQ/4SstsAbREMb.nkMwjD6py6YUWPbmoRfpCNY7T.vblWO', NULL, '2017-09-20 00:23:30', '2017-09-20 00:23:30'),
(74, 'MD Amirul Isalm', 'amirul@gmail.com', '$2y$10$4ElKdzm/VMVZp7E6erTzn.9hKkeqDkqMDaMX2XQlWEXz0v2jK8p32', NULL, '2017-09-20 00:23:31', '2017-09-20 00:23:31'),
(77, 'AKM Amirul Isalm', 'amirul.ete@gmail.com', '$2y$10$8aUG6fQC4AYWfD2dbnYIKee1evmEIu0YRr/hGef7LVFmHQs4/8Gca', NULL, '2017-09-20 00:38:55', '2017-09-20 00:38:55'),
(78, 'MD Amirul Isalm', 'amirul@gmail.com', '$2y$10$CH6BweBRkvGsFc8xL.a97uXAVNb1m8C2DXq4sM5ul39V74ykAH1Pi', NULL, '2017-09-20 00:38:55', '2017-09-20 00:38:55'),
(79, 'AKM Amirul Isalm', 'amirul.ete@gmail.com', '$2y$10$/mlZhXkihEKxRsuLssTku..sTK0QA/BzoeN1/6oCMIi4FM07qisSK', NULL, '2017-09-20 01:14:42', '2017-09-20 01:14:42'),
(80, 'MD Amirul Isalm', 'amirul@gmail.com', '$2y$10$KeWcVFYqUn8SZYV2NcdfYeQ/oUjhZVyvkF.KSNt3NdleNorywmEgu', NULL, '2017-09-20 01:14:42', '2017-09-20 01:14:42'),
(81, 'AKM Amirul Isalm', 'amirul.ete@gmail.com', '$2y$10$qJ1LUbPXPF9yfzk0aX4VO.E/54Nm.PsrsDfXImJFx8NNIA1UK.nM6', NULL, '2017-09-20 01:16:46', '2017-09-20 01:16:46'),
(82, 'MD Amirul Isalm', 'amirul@gmail.com', '$2y$10$mVbJuIIXtC8LqnBLi2tvJ.7od4wE9KPoEap7d7ROkY5KXLAAbVZIi', NULL, '2017-09-20 01:16:46', '2017-09-20 01:16:46'),
(83, 'AKM Amirul Isalm', 'amirul.ete@gmail.com', '$2y$10$YqvzIf6u09jZcgmBHgXKCuQbLPl6.j9YNrO2foJP7E/KSr.VCX6JO', NULL, '2017-09-20 01:18:34', '2017-09-20 01:18:34'),
(84, 'MD Amirul Isalm', 'amirul@gmail.com', '$2y$10$6avZXiwHSUTzyX2fniuM8.nSYc65T4sZY5jlQNJJ.2mdZvmlYx/uK', NULL, '2017-09-20 01:18:34', '2017-09-20 01:18:34'),
(85, 'AKM Amirul Isalm', 'amirul.ete@gmail.com', '$2y$10$djdZ1090U62bMnDEQerpX.7TUWp/JN/Ugs/WTld6PkzbY6m5Z/QyK', NULL, '2017-09-20 01:23:26', '2017-09-20 01:23:26'),
(86, 'MD Amirul Isalm', 'amirul@gmail.com', '$2y$10$8PcSCk9T7uIngMXmjuN9mOW6AoDauMlmqKWzvXKBZ6myFXGGaTCkK', NULL, '2017-09-20 01:23:27', '2017-09-20 01:23:27'),
(87, 'AKM Amirul Isalm', 'amirul.ete@gmail.com', '$2y$10$KYpDtvy8LjWf0TblOxF/DOXzz2SsFaKtY2dvmTyIFdZoirikfmOLO', NULL, '2017-09-20 01:24:23', '2017-09-20 01:24:23'),
(88, 'MD Amirul Isalm', 'amirul@gmail.com', '$2y$10$rSZdpue5daNaaoCXw2AdwePjz.Ybyrp7Vz5ok3FxPxLUy1UynDfka', NULL, '2017-09-20 01:24:23', '2017-09-20 01:24:23'),
(89, 'Sumon Islam Khan', 'sumon1@gmail.com', '$2y$10$wNdKo688eI5.1WYTi3dTk.m2s6lYqEuv/5nxWy0aZvC93L5az29ky', NULL, '2017-09-23 01:05:10', '2017-09-23 01:05:10'),
(90, 'Khan Bahadur', 'khanbahadur@gmail.com', '$2y$10$VAuPWZO03fPUROv1CdD4K.etPlpDgGyPUs8e2ewiDXPRGdkKhSeyC', NULL, '2017-09-23 01:06:05', '2017-09-23 01:06:05');

-- --------------------------------------------------------

--
-- Table structure for table `user_institution_campus`
--

CREATE TABLE `user_institution_campus` (
  `user_id` int(10) UNSIGNED NOT NULL,
  `institute_id` int(10) UNSIGNED NOT NULL,
  `campus_id` int(10) UNSIGNED NOT NULL,
  `created_at` timestamp NULL DEFAULT NULL,
  `updated_at` timestamp NULL DEFAULT NULL
) ENGINE=InnoDB DEFAULT CHARSET=utf8mb4 COLLATE=utf8mb4_unicode_ci;

--
-- Dumping data for table `user_institution_campus`
--

INSERT INTO `user_institution_campus` (`user_id`, `institute_id`, `campus_id`, `created_at`, `updated_at`) VALUES
(1, 1, 1, NULL, NULL),
(3, 1, 1, NULL, NULL),
(7, 1, 1, NULL, NULL),
(8, 1, 1, NULL, NULL),
(9, 1, 1, NULL, NULL),
(10, 1, 1, NULL, NULL),
(17, 1, 1, NULL, NULL),
(18, 1, 1, NULL, NULL),
(19, 1, 1, NULL, NULL),
(20, 1, 1, NULL, NULL),
(21, 1, 1, NULL, NULL),
(22, 1, 1, NULL, NULL),
(23, 1, 1, NULL, NULL),
(24, 1, 1, NULL, NULL),
(25, 1, 1, NULL, NULL),
(26, 1, 1, NULL, NULL),
(27, 1, 1, NULL, NULL),
(28, 1, 1, NULL, NULL),
(29, 1, 1, NULL, NULL),
(30, 1, 1, NULL, NULL),
(31, 1, 1, NULL, NULL),
(32, 1, 1, NULL, NULL),
(33, 1, 1, NULL, NULL),
(34, 1, 1, NULL, NULL),
(37, 1, 1, '2017-08-19 23:55:51', '2017-08-19 23:55:51'),
(38, 1, 1, '2017-08-20 00:07:04', '2017-08-20 00:07:04'),
(40, 1, 1, '2017-08-20 00:15:11', '2017-08-20 00:15:11'),
(41, 1, 1, '2017-08-20 00:19:53', '2017-08-20 00:19:53'),
(42, 1, 1, '2017-08-20 01:21:12', '2017-08-20 01:21:12'),
(43, 1, 1, '2017-08-20 01:24:15', '2017-08-20 01:24:15'),
(44, 1, 1, '2017-08-20 01:24:53', '2017-08-20 01:24:53'),
(45, 1, 1, '2017-08-20 03:49:36', '2017-08-20 03:49:36'),
(46, 1, 1, '2017-08-20 04:52:54', '2017-08-20 04:52:54'),
(47, 1, 1, '2017-09-16 05:58:08', '2017-09-16 05:58:08'),
(48, 1, 1, '2017-09-16 06:07:19', '2017-09-16 06:07:19'),
(49, 1, 1, '2017-09-16 06:08:21', '2017-09-16 06:08:21'),
(50, 1, 1, '2017-09-16 22:59:51', '2017-09-16 22:59:51'),
(58, 1, 1, '2017-09-17 01:48:53', '2017-09-17 01:48:53'),
(59, 1, 1, '2017-09-17 02:01:16', '2017-09-17 02:01:16'),
(60, 1, 1, '2017-09-17 02:05:36', '2017-09-17 02:05:36'),
(61, 1, 1, '2017-09-17 02:12:16', '2017-09-17 02:12:16'),
(62, 1, 1, '2017-09-17 02:22:22', '2017-09-17 02:22:22'),
(63, 1, 1, '2017-09-17 02:54:37', '2017-09-17 02:54:37'),
(64, 1, 1, '2017-09-17 02:56:43', '2017-09-17 02:56:43'),
(65, 1, 1, '2017-09-17 03:20:48', '2017-09-17 03:20:48'),
(66, 1, 1, '2017-09-17 03:57:24', '2017-09-17 03:57:24'),
(71, 1, 1, '2017-09-20 00:12:38', '2017-09-20 00:12:38'),
(72, 1, 1, '2017-09-20 00:12:38', '2017-09-20 00:12:38'),
(73, 1, 1, '2017-09-20 00:23:30', '2017-09-20 00:23:30'),
(74, 1, 1, '2017-09-20 00:23:31', '2017-09-20 00:23:31'),
(77, 1, 1, '2017-09-20 00:38:55', '2017-09-20 00:38:55'),
(78, 1, 1, '2017-09-20 00:38:55', '2017-09-20 00:38:55'),
(79, 1, 1, '2017-09-20 01:14:42', '2017-09-20 01:14:42'),
(80, 1, 1, '2017-09-20 01:14:42', '2017-09-20 01:14:42'),
(81, 1, 1, '2017-09-20 01:16:46', '2017-09-20 01:16:46'),
(82, 1, 1, '2017-09-20 01:16:46', '2017-09-20 01:16:46'),
(83, 1, 1, '2017-09-20 01:18:34', '2017-09-20 01:18:34'),
(84, 1, 1, '2017-09-20 01:18:34', '2017-09-20 01:18:34'),
(85, 1, 1, '2017-09-20 01:23:26', '2017-09-20 01:23:26'),
(86, 1, 1, '2017-09-20 01:23:27', '2017-09-20 01:23:27'),
(87, 1, 1, '2017-09-20 01:24:23', '2017-09-20 01:24:23'),
(88, 1, 1, '2017-09-20 01:24:23', '2017-09-20 01:24:23'),
(89, 1, 1, '2017-09-23 01:05:10', '2017-09-23 01:05:10'),
(90, 1, 1, '2017-09-23 01:06:05', '2017-09-23 01:06:05');

-- --------------------------------------------------------

--
-- Structure for view `applicant_manage_view`
--
DROP TABLE IF EXISTS `applicant_manage_view`;

CREATE ALGORITHM=UNDEFINED DEFINER=`root`@`localhost` SQL SECURITY DEFINER VIEW `applicant_manage_view`  AS  select `a`.`id` AS `applicant_id`,`a`.`application_no` AS `application_no`,`a`.`payment_status` AS `payment_status`,`a`.`application_status` AS `application_status`,`i`.`first_name` AS `first_name`,`i`.`middle_name` AS `middle_name`,`i`.`last_name` AS `last_name`,`a`.`email` AS `email`,`i`.`gender` AS `gender`,`i`.`birth_date` AS `birth_date`,`e`.`academic_year` AS `academic_year`,`e`.`academic_level` AS `academic_level`,`e`.`batch` AS `batch`,`e`.`section` AS `section`,`a`.`campus_id` AS `campus_id`,`a`.`institute_id` AS `institute_id`,`a`.`created_at` AS `created_at` from ((`applicant_user` `a` join `applicant_information` `i` on((`i`.`applicant_id` = `a`.`id`))) join `applicant_enrollment` `e` on((`e`.`applicant_id` = `a`.`id`))) where isnull(`a`.`deleted_at`) ;

-- --------------------------------------------------------

--
-- Structure for view `student_assessment_view`
--
DROP TABLE IF EXISTS `student_assessment_view`;

CREATE ALGORITHM=UNDEFINED DEFINER=`root`@`localhost` SQL SECURITY DEFINER VIEW `student_assessment_view`  AS  select `a`.`std_id` AS `std_id`,`a`.`academic_level` AS `academic_level`,`a`.`batch` AS `batch`,`a`.`section` AS `section`,`b`.`subject_id` AS `subject`,`a`.`deleted_at` AS `deleted_at` from (`student_enrollments` `a` join `class_subjects` `b` on(((`b`.`class_id` = `a`.`batch`) and (`b`.`section_id` = `a`.`section`)))) ;

-- --------------------------------------------------------

--
-- Structure for view `student_attendance_view_one`
--
DROP TABLE IF EXISTS `student_attendance_view_one`;

CREATE ALGORITHM=UNDEFINED DEFINER=`root`@`localhost` SQL SECURITY DEFINER VIEW `student_attendance_view_one`  AS  select `e`.`academic_year` AS `academic_year`,`a`.`id` AS `att_id`,`a`.`student_id` AS `student_id`,`s`.`gender` AS `std_gender`,`a`.`attendacnce_type` AS `attendacnce_type`,`b`.`class_id` AS `class_id`,`b`.`section_id` AS `section_id`,`b`.`session_id` AS `session_id`,`a`.`attendance_date` AS `attendance_date`,`b`.`subject_id` AS `subject_id`,`a`.`deleted_at` AS `deleted_at` from (((`academices_student_attendances` `a` join `academices_student_attendances_details` `b` on((`b`.`student_attendace_id` = `a`.`id`))) join `student_enrollments` `e` on((`e`.`std_id` = `a`.`student_id`))) join `student_informations` `s` on((`s`.`id` = `a`.`student_id`))) where (`b`.`subject_id` = 0) ;

-- --------------------------------------------------------

--
-- Structure for view `student_attendance_view_two`
--
DROP TABLE IF EXISTS `student_attendance_view_two`;

CREATE ALGORITHM=UNDEFINED DEFINER=`root`@`localhost` SQL SECURITY DEFINER VIEW `student_attendance_view_two`  AS  select `e`.`academic_year` AS `academic_year`,`a`.`id` AS `att_id`,`a`.`student_id` AS `student_id`,`s`.`gender` AS `std_gender`,`a`.`attendacnce_type` AS `attendacnce_type`,`b`.`class_id` AS `class_id`,`b`.`section_id` AS `section_id`,`b`.`session_id` AS `session_id`,`b`.`subject_id` AS `subject_id`,`c`.`sorting_order` AS `sorting_order`,`a`.`attendance_date` AS `attendance_date`,`a`.`deleted_at` AS `deleted_at` from ((((`academices_student_attendances` `a` join `academices_student_attendances_details` `b` on((`b`.`student_attendace_id` = `a`.`id`))) join `class_subjects` `c` on(((`c`.`id` = `b`.`subject_id`) and (`c`.`class_id` = `b`.`class_id`) and (`c`.`section_id` = `b`.`section_id`)))) join `student_enrollments` `e` on((`e`.`std_id` = `a`.`student_id`))) join `student_informations` `s` on((`s`.`id` = `a`.`student_id`))) ;

-- --------------------------------------------------------

--
-- Structure for view `student_manage_view`
--
DROP TABLE IF EXISTS `student_manage_view`;

CREATE ALGORITHM=UNDEFINED DEFINER=`root`@`localhost` SQL SECURITY DEFINER VIEW `student_manage_view`  AS  select `i`.`id` AS `std_id`,`i`.`user_id` AS `user_id`,`i`.`first_name` AS `first_name`,`i`.`middle_name` AS `middle_name`,`i`.`last_name` AS `last_name`,`i`.`email` AS `email`,`e`.`id` AS `enroll_id`,`e`.`gr_no` AS `gr_no`,`e`.`academic_year` AS `academic_year`,`e`.`academic_level` AS `academic_level`,`e`.`batch` AS `batch`,`e`.`section` AS `section` from (`student_enrollments` `e` join `student_informations` `i` on((`i`.`id` = `e`.`std_id`))) ;

-- --------------------------------------------------------

--
-- Structure for view `student_payment_view`
--
DROP TABLE IF EXISTS `student_payment_view`;

CREATE ALGORITHM=UNDEFINED DEFINER=`root`@`localhost` SQL SECURITY DEFINER VIEW `student_payment_view`  AS  select `e`.`std_id` AS `std_id`,`e`.`academic_year` AS `academic_year`,`e`.`batch` AS `batch`,`e`.`section` AS `section`,sum(`virtualtable`.`amount`) AS `payable_amount`,sum(ifnull(`virtualtable2`.`payed_amount`,0)) AS `payed_amount` from (((`student_enrollments` `e` join `fees_invoices` `i` on((`i`.`payer_id` = `e`.`id`))) join (select sum((`fees_item`.`rate` * `fees_item`.`qty`)) AS `amount`,`fees_item`.`fees_id` AS `fees_id` from `fees_item` group by `fees_item`.`fees_id`) `virtualtable` on((`virtualtable`.`fees_id` = `i`.`fees_id`))) left join (select sum(`invoice_payment`.`payment_amount`) AS `payed_amount`,`invoice_payment`.`invoice_id` AS `invoice_id` from `invoice_payment` group by `invoice_payment`.`invoice_id`) `virtualtable2` on((`i`.`id` = `virtualtable2`.`invoice_id`))) group by `e`.`id` ;

--
-- Indexes for dumped tables
--

--
-- Indexes for table `academices_student_attendances`
--
ALTER TABLE `academices_student_attendances`
  ADD PRIMARY KEY (`id`);

--
-- Indexes for table `academices_student_attendances_details`
--
ALTER TABLE `academices_student_attendances_details`
  ADD PRIMARY KEY (`id`);

--
-- Indexes for table `academics_admissionyear`
--
ALTER TABLE `academics_admissionyear`
  ADD PRIMARY KEY (`id`);

--
-- Indexes for table `academics_assessments`
--
ALTER TABLE `academics_assessments`
  ADD PRIMARY KEY (`id`),
  ADD KEY `academics_assessments_grading_category_id_foreign` (`grading_category_id`),
  ADD KEY `academics_assessments_grade_id_foreign` (`grade_id`);

--
-- Indexes for table `academics_attendance_sessions`
--
ALTER TABLE `academics_attendance_sessions`
  ADD PRIMARY KEY (`id`);

--
-- Indexes for table `academics_attendance_settings`
--
ALTER TABLE `academics_attendance_settings`
  ADD PRIMARY KEY (`id`);

--
-- Indexes for table `academics_attendance_types`
--
ALTER TABLE `academics_attendance_types`
  ADD PRIMARY KEY (`id`);

--
-- Indexes for table `academics_class_grade_scales`
--
ALTER TABLE `academics_class_grade_scales`
  ADD PRIMARY KEY (`id`);

--
-- Indexes for table `academics_division`
--
ALTER TABLE `academics_division`
  ADD PRIMARY KEY (`id`);

--
-- Indexes for table `academics_grades`
--
ALTER TABLE `academics_grades`
  ADD PRIMARY KEY (`id`),
  ADD KEY `academics_grades_grade_scale_id_foreign` (`grade_scale_id`);

--
-- Indexes for table `academics_grade_categories`
--
ALTER TABLE `academics_grade_categories`
  ADD PRIMARY KEY (`id`);

--
-- Indexes for table `academics_grade_details`
--
ALTER TABLE `academics_grade_details`
  ADD PRIMARY KEY (`id`),
  ADD KEY `academics_grade_details_grade_id_foreign` (`grade_id`);

--
-- Indexes for table `academics_grade_scales`
--
ALTER TABLE `academics_grade_scales`
  ADD PRIMARY KEY (`id`);

--
-- Indexes for table `academics_level`
--
ALTER TABLE `academics_level`
  ADD PRIMARY KEY (`id`),
  ADD KEY `academics_level_academics_year_id_foreign` (`academics_year_id`);

--
-- Indexes for table `academics_syllabus`
--
ALTER TABLE `academics_syllabus`
  ADD PRIMARY KEY (`id`),
  ADD KEY `academics_syllabus_academic_year_foreign` (`academic_year`),
  ADD KEY `academics_syllabus_academic_level_foreign` (`academic_level`),
  ADD KEY `academics_syllabus_batch_foreign` (`batch`),
  ADD KEY `academics_syllabus_section_foreign` (`section`),
  ADD KEY `academics_syllabus_institute_id_foreign` (`institute_id`),
  ADD KEY `academics_syllabus_campus_id_foreign` (`campus_id`);

--
-- Indexes for table `academics_year`
--
ALTER TABLE `academics_year`
  ADD PRIMARY KEY (`id`),
  ADD KEY `academics_year_institute_id_foreign` (`institute_id`),
  ADD KEY `academics_year_campus_id_foreign` (`campus_id`);

--
-- Indexes for table `academics_year_semesters`
--
ALTER TABLE `academics_year_semesters`
  ADD PRIMARY KEY (`id`);

--
-- Indexes for table `acc_bank`
--
ALTER TABLE `acc_bank`
  ADD PRIMARY KEY (`id`);

--
-- Indexes for table `acc_charts`
--
ALTER TABLE `acc_charts`
  ADD PRIMARY KEY (`id`);

--
-- Indexes for table `acc_closing_balance`
--
ALTER TABLE `acc_closing_balance`
  ADD PRIMARY KEY (`id`);

--
-- Indexes for table `acc_f_year`
--
ALTER TABLE `acc_f_year`
  ADD PRIMARY KEY (`id`);

--
-- Indexes for table `acc_subledger`
--
ALTER TABLE `acc_subledger`
  ADD PRIMARY KEY (`id`);

--
-- Indexes for table `acc_tran`
--
ALTER TABLE `acc_tran`
  ADD PRIMARY KEY (`id`);

--
-- Indexes for table `acc_voucher_type`
--
ALTER TABLE `acc_voucher_type`
  ADD PRIMARY KEY (`id`);

--
-- Indexes for table `addresses`
--
ALTER TABLE `addresses`
  ADD PRIMARY KEY (`id`),
  ADD KEY `addresses_user_id_foreign` (`user_id`),
  ADD KEY `addresses_city_id_foreign` (`city_id`),
  ADD KEY `addresses_state_id_foreign` (`state_id`),
  ADD KEY `addresses_country_id_foreign` (`country_id`);

--
-- Indexes for table `applicant_address`
--
ALTER TABLE `applicant_address`
  ADD PRIMARY KEY (`id`),
  ADD KEY `applicant_address_applicant_id_foreign` (`applicant_id`),
  ADD KEY `applicant_address_city_id_foreign` (`city_id`),
  ADD KEY `applicant_address_state_id_foreign` (`state_id`),
  ADD KEY `applicant_address_country_id_foreign` (`country_id`);

--
-- Indexes for table `applicant_document`
--
ALTER TABLE `applicant_document`
  ADD PRIMARY KEY (`id`),
  ADD KEY `applicant_document_applicant_id_foreign` (`applicant_id`);

--
-- Indexes for table `applicant_enrollment`
--
ALTER TABLE `applicant_enrollment`
  ADD PRIMARY KEY (`id`),
  ADD KEY `applicant_enrollment_applicant_id_foreign` (`applicant_id`),
  ADD KEY `applicant_enrollment_academic_year_foreign` (`academic_year`),
  ADD KEY `applicant_enrollment_academic_level_foreign` (`academic_level`),
  ADD KEY `applicant_enrollment_batch_foreign` (`batch`);

--
-- Indexes for table `applicant_exam_settings`
--
ALTER TABLE `applicant_exam_settings`
  ADD PRIMARY KEY (`id`),
  ADD KEY `applicant_fees_settings_campus_id_foreign` (`campus_id`),
  ADD KEY `applicant_fees_settings_institute_id_foreign` (`institute_id`),
  ADD KEY `applicant_fees_settings_academic_year_foreign` (`academic_year`),
  ADD KEY `applicant_fees_settings_academic_level_foreign` (`academic_level`),
  ADD KEY `applicant_fees_settings_batch_foreign` (`batch`),
  ADD KEY `applicant_fees_settings_section_foreign` (`section`);

--
-- Indexes for table `applicant_fees`
--
ALTER TABLE `applicant_fees`
  ADD PRIMARY KEY (`id`),
  ADD KEY `applicant_fees_applicant_id_foreign` (`applicant_id`),
  ADD KEY `applicant_fees_campus_id_foreign` (`campus_id`),
  ADD KEY `applicant_fees_institute_id_foreign` (`institute_id`);

--
-- Indexes for table `applicant_follow_ups`
--
ALTER TABLE `applicant_follow_ups`
  ADD PRIMARY KEY (`id`);

--
-- Indexes for table `applicant_grades`
--
ALTER TABLE `applicant_grades`
  ADD PRIMARY KEY (`id`),
  ADD KEY `applicant_grades_applicant_id_foreign` (`applicant_id`),
  ADD KEY `applicant_grades_campus_id_foreign` (`campus_id`),
  ADD KEY `applicant_grades_institute_id_foreign` (`institute_id`),
  ADD KEY `applicant_grades_academic_year_foreign` (`academic_year`),
  ADD KEY `applicant_grades_academic_level_foreign` (`academic_level`),
  ADD KEY `applicant_grades_batch_foreign` (`batch`);

--
-- Indexes for table `applicant_information`
--
ALTER TABLE `applicant_information`
  ADD PRIMARY KEY (`id`),
  ADD KEY `applicant_information_applicant_id_foreign` (`applicant_id`);

--
-- Indexes for table `applicant_merit_batch`
--
ALTER TABLE `applicant_merit_batch`
  ADD PRIMARY KEY (`id`),
  ADD KEY `applicant_merit_batch_campus_id_foreign` (`campus_id`),
  ADD KEY `applicant_merit_batch_institute_id_foreign` (`institute_id`),
  ADD KEY `applicant_merit_batch_academic_year_foreign` (`academic_year`),
  ADD KEY `applicant_merit_batch_academic_level_foreign` (`academic_level`),
  ADD KEY `applicant_merit_batch_academic_batch_foreign` (`batch`);

--
-- Indexes for table `applicant_results`
--
ALTER TABLE `applicant_results`
  ADD PRIMARY KEY (`id`),
  ADD KEY `applicant_results_applicant_id_foreign` (`applicant_id`),
  ADD KEY `applicant_results_campus_id_foreign` (`campus_id`),
  ADD KEY `applicant_results_institute_id_foreign` (`institute_id`),
  ADD KEY `applicant_results_academic_year_foreign` (`academic_year`),
  ADD KEY `applicant_results_academic_level_foreign` (`academic_level`),
  ADD KEY `applicant_results_batch_foreign` (`batch`);

--
-- Indexes for table `applicant_user`
--
ALTER TABLE `applicant_user`
  ADD PRIMARY KEY (`id`),
  ADD UNIQUE KEY `applicant_user_email_unique` (`email`),
  ADD UNIQUE KEY `applicant_user_application_no_unique` (`application_no`),
  ADD KEY `applicant_user_campus_id_foreign` (`campus_id`),
  ADD KEY `applicant_user_institute_id_foreign` (`institute_id`);

--
-- Indexes for table `audits`
--
ALTER TABLE `audits`
  ADD PRIMARY KEY (`id`),
  ADD KEY `audits_auditable_id_auditable_type_index` (`auditable_id`,`auditable_type`);

--
-- Indexes for table `auto_sms_module`
--
ALTER TABLE `auto_sms_module`
  ADD PRIMARY KEY (`id`);

--
-- Indexes for table `auto_sms_settings`
--
ALTER TABLE `auto_sms_settings`
  ADD PRIMARY KEY (`id`);

--
-- Indexes for table `batch`
--
ALTER TABLE `batch`
  ADD PRIMARY KEY (`id`),
  ADD KEY `batch_academics_year_id_foreign` (`academics_year_id`),
  ADD KEY `batch_academics_level_id_foreign` (`academics_level_id`),
  ADD KEY `batch_division_id_foreign` (`division_id`);

--
-- Indexes for table `book`
--
ALTER TABLE `book`
  ADD PRIMARY KEY (`id`);

--
-- Indexes for table `book_category`
--
ALTER TABLE `book_category`
  ADD PRIMARY KEY (`id`);

--
-- Indexes for table `book_shelf`
--
ALTER TABLE `book_shelf`
  ADD PRIMARY KEY (`id`);

--
-- Indexes for table `book_vendor`
--
ALTER TABLE `book_vendor`
  ADD PRIMARY KEY (`id`);

--
-- Indexes for table `class_periods`
--
ALTER TABLE `class_periods`
  ADD PRIMARY KEY (`id`);

--
-- Indexes for table `class_period_categories`
--
ALTER TABLE `class_period_categories`
  ADD PRIMARY KEY (`id`);

--
-- Indexes for table `class_section_period`
--
ALTER TABLE `class_section_period`
  ADD PRIMARY KEY (`id`),
  ADD KEY `class_section_period_cs_period_category_foreign` (`cs_period_category`),
  ADD KEY `class_section_period_academic_year_foreign` (`academic_year`),
  ADD KEY `class_section_period_academic_level_foreign` (`academic_level`),
  ADD KEY `class_section_period_batch_foreign` (`batch`),
  ADD KEY `class_section_period_section_foreign` (`section`),
  ADD KEY `class_section_period_institute_id_foreign` (`institute_id`),
  ADD KEY `class_section_period_campus_id_foreign` (`campus_id`);

--
-- Indexes for table `class_subjects`
--
ALTER TABLE `class_subjects`
  ADD PRIMARY KEY (`id`),
  ADD KEY `class_subjects_class_id_foreign` (`class_id`),
  ADD KEY `class_subjects_section_id_foreign` (`section_id`),
  ADD KEY `class_subjects_subject_id_foreign` (`subject_id`);

--
-- Indexes for table `class_subject_teachers`
--
ALTER TABLE `class_subject_teachers`
  ADD PRIMARY KEY (`id`),
  ADD KEY `class_subject_teachers_class_subject_id_foreign` (`class_subject_id`),
  ADD KEY `class_subject_teachers_employee_id_foreign` (`employee_id`);

--
-- Indexes for table `class_subject_teacher_timetables`
--
ALTER TABLE `class_subject_teacher_timetables`
  ADD PRIMARY KEY (`id`);

--
-- Indexes for table `class_timetables`
--
ALTER TABLE `class_timetables`
  ADD PRIMARY KEY (`id`);

--
-- Indexes for table `contents`
--
ALTER TABLE `contents`
  ADD PRIMARY KEY (`id`);

--
-- Indexes for table `cup_board_shelf`
--
ALTER TABLE `cup_board_shelf`
  ADD PRIMARY KEY (`id`);

--
-- Indexes for table `employee_attachments`
--
ALTER TABLE `employee_attachments`
  ADD PRIMARY KEY (`id`),
  ADD KEY `employee_attachments_emp_id_foreign` (`emp_id`),
  ADD KEY `employee_attachments_doc_id_foreign` (`doc_id`);

--
-- Indexes for table `employee_departments`
--
ALTER TABLE `employee_departments`
  ADD PRIMARY KEY (`id`);

--
-- Indexes for table `employee_designations`
--
ALTER TABLE `employee_designations`
  ADD PRIMARY KEY (`id`);

--
-- Indexes for table `employee_guardians`
--
ALTER TABLE `employee_guardians`
  ADD PRIMARY KEY (`id`),
  ADD KEY `employee_guardians_emp_id_foreign` (`emp_id`);

--
-- Indexes for table `employee_informations`
--
ALTER TABLE `employee_informations`
  ADD PRIMARY KEY (`id`),
  ADD KEY `employee_informations_user_id_foreign` (`user_id`),
  ADD KEY `employee_informations_department_foreign` (`department`),
  ADD KEY `employee_informations_designation_foreign` (`designation`);

--
-- Indexes for table `employee_leave_entitlements`
--
ALTER TABLE `employee_leave_entitlements`
  ADD PRIMARY KEY (`id`);

--
-- Indexes for table `employee_leave_structures`
--
ALTER TABLE `employee_leave_structures`
  ADD PRIMARY KEY (`id`);

--
-- Indexes for table `employee_leave_structure_type`
--
ALTER TABLE `employee_leave_structure_type`
  ADD PRIMARY KEY (`id`);

--
-- Indexes for table `employee_leave_types`
--
ALTER TABLE `employee_leave_types`
  ADD PRIMARY KEY (`id`);

--
-- Indexes for table `fees`
--
ALTER TABLE `fees`
  ADD PRIMARY KEY (`id`);

--
-- Indexes for table `fees_collection`
--
ALTER TABLE `fees_collection`
  ADD PRIMARY KEY (`id`);

--
-- Indexes for table `fees_discount`
--
ALTER TABLE `fees_discount`
  ADD PRIMARY KEY (`id`);

--
-- Indexes for table `fees_invoices`
--
ALTER TABLE `fees_invoices`
  ADD PRIMARY KEY (`id`);

--
-- Indexes for table `fees_item`
--
ALTER TABLE `fees_item`
  ADD PRIMARY KEY (`id`);

--
-- Indexes for table `fee_type`
--
ALTER TABLE `fee_type`
  ADD PRIMARY KEY (`id`);

--
-- Indexes for table `institute_language`
--
ALTER TABLE `institute_language`
  ADD PRIMARY KEY (`id`);

--
-- Indexes for table `invoice_payment`
--
ALTER TABLE `invoice_payment`
  ADD PRIMARY KEY (`id`);

--
-- Indexes for table `issue_book`
--
ALTER TABLE `issue_book`
  ADD PRIMARY KEY (`id`);

--
-- Indexes for table `jobs`
--
ALTER TABLE `jobs`
  ADD PRIMARY KEY (`id`),
  ADD KEY `jobs_queue_reserved_at_index` (`queue`,`reserved_at`);

--
-- Indexes for table `language`
--
ALTER TABLE `language`
  ADD PRIMARY KEY (`id`);

--
-- Indexes for table `migrations`
--
ALTER TABLE `migrations`
  ADD PRIMARY KEY (`id`);

--
-- Indexes for table `notice`
--
ALTER TABLE `notice`
  ADD PRIMARY KEY (`id`);

--
-- Indexes for table `password_resets`
--
ALTER TABLE `password_resets`
  ADD KEY `password_resets_email_index` (`email`),
  ADD KEY `password_resets_token_index` (`token`);

--
-- Indexes for table `payment_extra`
--
ALTER TABLE `payment_extra`
  ADD PRIMARY KEY (`id`);

--
-- Indexes for table `payment_method`
--
ALTER TABLE `payment_method`
  ADD PRIMARY KEY (`id`);

--
-- Indexes for table `permissions`
--
ALTER TABLE `permissions`
  ADD PRIMARY KEY (`id`),
  ADD UNIQUE KEY `permissions_name_unique` (`name`);

--
-- Indexes for table `permission_role`
--
ALTER TABLE `permission_role`
  ADD PRIMARY KEY (`permission_id`,`role_id`),
  ADD KEY `permission_role_role_id_foreign` (`role_id`);

--
-- Indexes for table `roles`
--
ALTER TABLE `roles`
  ADD PRIMARY KEY (`id`),
  ADD UNIQUE KEY `roles_name_unique` (`name`);

--
-- Indexes for table `role_user`
--
ALTER TABLE `role_user`
  ADD PRIMARY KEY (`user_id`,`role_id`),
  ADD KEY `role_user_role_id_foreign` (`role_id`);

--
-- Indexes for table `room_category`
--
ALTER TABLE `room_category`
  ADD PRIMARY KEY (`id`);

--
-- Indexes for table `room_master`
--
ALTER TABLE `room_master`
  ADD PRIMARY KEY (`id`),
  ADD KEY `room_master_category_id_foreign` (`category_id`);

--
-- Indexes for table `schedule_log`
--
ALTER TABLE `schedule_log`
  ADD PRIMARY KEY (`id`);

--
-- Indexes for table `section`
--
ALTER TABLE `section`
  ADD PRIMARY KEY (`id`),
  ADD KEY `section_academics_year_id_foreign` (`academics_year_id`),
  ADD KEY `section_batch_id_foreign` (`batch_id`);

--
-- Indexes for table `setting_campus`
--
ALTER TABLE `setting_campus`
  ADD PRIMARY KEY (`id`),
  ADD KEY `setting_campus_institute_id_foreign` (`institute_id`),
  ADD KEY `setting_campus_address_id_foreign` (`address_id`);

--
-- Indexes for table `setting_city`
--
ALTER TABLE `setting_city`
  ADD PRIMARY KEY (`id`),
  ADD KEY `setting_city_country_id_foreign` (`country_id`),
  ADD KEY `setting_city_state_id_foreign` (`state_id`);

--
-- Indexes for table `setting_country`
--
ALTER TABLE `setting_country`
  ADD PRIMARY KEY (`id`);

--
-- Indexes for table `setting_institute`
--
ALTER TABLE `setting_institute`
  ADD PRIMARY KEY (`id`);

--
-- Indexes for table `setting_institute_modules`
--
ALTER TABLE `setting_institute_modules`
  ADD PRIMARY KEY (`institute_id`,`module_id`),
  ADD KEY `setting_institute_modules_module_id_foreign` (`module_id`);

--
-- Indexes for table `setting_inst_prop`
--
ALTER TABLE `setting_inst_prop`
  ADD PRIMARY KEY (`id`);

--
-- Indexes for table `setting_menus`
--
ALTER TABLE `setting_menus`
  ADD PRIMARY KEY (`id`);

--
-- Indexes for table `setting_menu_permission`
--
ALTER TABLE `setting_menu_permission`
  ADD PRIMARY KEY (`menu_id`,`permission_id`),
  ADD KEY `setting_menu_permission_permission_id_foreign` (`permission_id`);

--
-- Indexes for table `setting_modules`
--
ALTER TABLE `setting_modules`
  ADD PRIMARY KEY (`id`);

--
-- Indexes for table `setting_state`
--
ALTER TABLE `setting_state`
  ADD PRIMARY KEY (`id`),
  ADD KEY `setting_state_country_id_foreign` (`country_id`);

--
-- Indexes for table `sms_batch`
--
ALTER TABLE `sms_batch`
  ADD PRIMARY KEY (`id`);

--
-- Indexes for table `sms_credit`
--
ALTER TABLE `sms_credit`
  ADD PRIMARY KEY (`id`);

--
-- Indexes for table `sms_institution_getway`
--
ALTER TABLE `sms_institution_getway`
  ADD PRIMARY KEY (`id`);

--
-- Indexes for table `sms_log`
--
ALTER TABLE `sms_log`
  ADD PRIMARY KEY (`id`);

--
-- Indexes for table `sms_message`
--
ALTER TABLE `sms_message`
  ADD PRIMARY KEY (`id`);

--
-- Indexes for table `sms_status`
--
ALTER TABLE `sms_status`
  ADD PRIMARY KEY (`id`);

--
-- Indexes for table `sms_template`
--
ALTER TABLE `sms_template`
  ADD PRIMARY KEY (`id`);

--
-- Indexes for table `student_attachments`
--
ALTER TABLE `student_attachments`
  ADD PRIMARY KEY (`id`),
  ADD KEY `student_attachments_std_id_foreign` (`std_id`),
  ADD KEY `student_attachments_doc_id_foreign` (`doc_id`);

--
-- Indexes for table `student_enrollments`
--
ALTER TABLE `student_enrollments`
  ADD PRIMARY KEY (`id`),
  ADD KEY `student_enrollments_std_id_foreign` (`std_id`),
  ADD KEY `student_enrollments_academic_level_foreign` (`academic_level`),
  ADD KEY `student_enrollments_batch_foreign` (`batch`),
  ADD KEY `student_enrollments_section_foreign` (`section`),
  ADD KEY `student_enrollments_academic_year_foreign` (`academic_year`),
  ADD KEY `student_enrollments_admission_year_foreign` (`admission_year`);

--
-- Indexes for table `student_enrollment_history`
--
ALTER TABLE `student_enrollment_history`
  ADD PRIMARY KEY (`id`),
  ADD KEY `student_enrollment_history_enroll_id_foreign` (`enroll_id`),
  ADD KEY `student_enrollment_history_section_foreign` (`section`),
  ADD KEY `student_enrollment_history_batch_foreign` (`batch`),
  ADD KEY `student_enrollment_history_academic_level_foreign` (`academic_level`),
  ADD KEY `student_enrollment_history_academic_year_foreign` (`academic_year`);

--
-- Indexes for table `student_grades`
--
ALTER TABLE `student_grades`
  ADD PRIMARY KEY (`id`);

--
-- Indexes for table `student_guardians`
--
ALTER TABLE `student_guardians`
  ADD PRIMARY KEY (`id`),
  ADD KEY `student_guardians_std_id_foreign` (`std_id`);

--
-- Indexes for table `student_informations`
--
ALTER TABLE `student_informations`
  ADD PRIMARY KEY (`id`),
  ADD KEY `student_informations_user_id_foreign` (`user_id`);

--
-- Indexes for table `student_marks`
--
ALTER TABLE `student_marks`
  ADD PRIMARY KEY (`id`);

--
-- Indexes for table `student_parents`
--
ALTER TABLE `student_parents`
  ADD PRIMARY KEY (`id`),
  ADD KEY `student_parents_gud_id_foreign` (`gud_id`),
  ADD KEY `student_parents_std_id_foreign` (`std_id`),
  ADD KEY `student_parents_user_id_foreign` (`user_id`);

--
-- Indexes for table `subject`
--
ALTER TABLE `subject`
  ADD PRIMARY KEY (`id`);

--
-- Indexes for table `users`
--
ALTER TABLE `users`
  ADD PRIMARY KEY (`id`);

--
-- Indexes for table `user_institution_campus`
--
ALTER TABLE `user_institution_campus`
  ADD PRIMARY KEY (`user_id`,`institute_id`,`campus_id`),
  ADD KEY `user_institution_campus_institute_id_foreign` (`institute_id`),
  ADD KEY `user_institution_campus_campus_id_foreign` (`campus_id`);

--
-- AUTO_INCREMENT for dumped tables
--

--
-- AUTO_INCREMENT for table `academices_student_attendances`
--
ALTER TABLE `academices_student_attendances`
  MODIFY `id` int(10) UNSIGNED NOT NULL AUTO_INCREMENT, AUTO_INCREMENT=179;
--
-- AUTO_INCREMENT for table `academices_student_attendances_details`
--
ALTER TABLE `academices_student_attendances_details`
  MODIFY `id` int(10) UNSIGNED NOT NULL AUTO_INCREMENT, AUTO_INCREMENT=179;
--
-- AUTO_INCREMENT for table `academics_admissionyear`
--
ALTER TABLE `academics_admissionyear`
  MODIFY `id` int(10) UNSIGNED NOT NULL AUTO_INCREMENT, AUTO_INCREMENT=8;
--
-- AUTO_INCREMENT for table `academics_assessments`
--
ALTER TABLE `academics_assessments`
  MODIFY `id` int(10) UNSIGNED NOT NULL AUTO_INCREMENT, AUTO_INCREMENT=5;
--
-- AUTO_INCREMENT for table `academics_attendance_sessions`
--
ALTER TABLE `academics_attendance_sessions`
  MODIFY `id` int(10) UNSIGNED NOT NULL AUTO_INCREMENT, AUTO_INCREMENT=8;
--
-- AUTO_INCREMENT for table `academics_attendance_settings`
--
ALTER TABLE `academics_attendance_settings`
  MODIFY `id` int(10) UNSIGNED NOT NULL AUTO_INCREMENT, AUTO_INCREMENT=2;
--
-- AUTO_INCREMENT for table `academics_attendance_types`
--
ALTER TABLE `academics_attendance_types`
  MODIFY `id` int(10) UNSIGNED NOT NULL AUTO_INCREMENT, AUTO_INCREMENT=3;
--
-- AUTO_INCREMENT for table `academics_class_grade_scales`
--
ALTER TABLE `academics_class_grade_scales`
  MODIFY `id` int(10) UNSIGNED NOT NULL AUTO_INCREMENT, AUTO_INCREMENT=5;
--
-- AUTO_INCREMENT for table `academics_division`
--
ALTER TABLE `academics_division`
  MODIFY `id` int(10) UNSIGNED NOT NULL AUTO_INCREMENT, AUTO_INCREMENT=4;
--
-- AUTO_INCREMENT for table `academics_grades`
--
ALTER TABLE `academics_grades`
  MODIFY `id` int(10) UNSIGNED NOT NULL AUTO_INCREMENT, AUTO_INCREMENT=3;
--
-- AUTO_INCREMENT for table `academics_grade_categories`
--
ALTER TABLE `academics_grade_categories`
  MODIFY `id` int(10) UNSIGNED NOT NULL AUTO_INCREMENT, AUTO_INCREMENT=4;
--
-- AUTO_INCREMENT for table `academics_grade_details`
--
ALTER TABLE `academics_grade_details`
  MODIFY `id` int(10) UNSIGNED NOT NULL AUTO_INCREMENT, AUTO_INCREMENT=17;
--
-- AUTO_INCREMENT for table `academics_grade_scales`
--
ALTER TABLE `academics_grade_scales`
  MODIFY `id` int(10) UNSIGNED NOT NULL AUTO_INCREMENT, AUTO_INCREMENT=2;
--
-- AUTO_INCREMENT for table `academics_level`
--
ALTER TABLE `academics_level`
  MODIFY `id` int(10) UNSIGNED NOT NULL AUTO_INCREMENT, AUTO_INCREMENT=4;
--
-- AUTO_INCREMENT for table `academics_syllabus`
--
ALTER TABLE `academics_syllabus`
  MODIFY `id` int(10) UNSIGNED NOT NULL AUTO_INCREMENT, AUTO_INCREMENT=3;
--
-- AUTO_INCREMENT for table `academics_year`
--
ALTER TABLE `academics_year`
  MODIFY `id` int(10) UNSIGNED NOT NULL AUTO_INCREMENT, AUTO_INCREMENT=5;
--
-- AUTO_INCREMENT for table `academics_year_semesters`
--
ALTER TABLE `academics_year_semesters`
  MODIFY `id` int(10) UNSIGNED NOT NULL AUTO_INCREMENT, AUTO_INCREMENT=4;
--
-- AUTO_INCREMENT for table `acc_bank`
--
ALTER TABLE `acc_bank`
  MODIFY `id` int(10) UNSIGNED NOT NULL AUTO_INCREMENT;
--
-- AUTO_INCREMENT for table `acc_charts`
--
ALTER TABLE `acc_charts`
  MODIFY `id` int(10) UNSIGNED NOT NULL AUTO_INCREMENT, AUTO_INCREMENT=5;
--
-- AUTO_INCREMENT for table `acc_closing_balance`
--
ALTER TABLE `acc_closing_balance`
  MODIFY `id` int(10) UNSIGNED NOT NULL AUTO_INCREMENT;
--
-- AUTO_INCREMENT for table `acc_f_year`
--
ALTER TABLE `acc_f_year`
  MODIFY `id` int(10) UNSIGNED NOT NULL AUTO_INCREMENT;
--
-- AUTO_INCREMENT for table `acc_subledger`
--
ALTER TABLE `acc_subledger`
  MODIFY `id` int(10) UNSIGNED NOT NULL AUTO_INCREMENT;
--
-- AUTO_INCREMENT for table `acc_tran`
--
ALTER TABLE `acc_tran`
  MODIFY `id` int(10) UNSIGNED NOT NULL AUTO_INCREMENT;
--
-- AUTO_INCREMENT for table `acc_voucher_type`
--
ALTER TABLE `acc_voucher_type`
  MODIFY `id` int(10) UNSIGNED NOT NULL AUTO_INCREMENT;
--
-- AUTO_INCREMENT for table `addresses`
--
ALTER TABLE `addresses`
  MODIFY `id` int(10) UNSIGNED NOT NULL AUTO_INCREMENT, AUTO_INCREMENT=3;
--
-- AUTO_INCREMENT for table `applicant_address`
--
ALTER TABLE `applicant_address`
  MODIFY `id` int(10) UNSIGNED NOT NULL AUTO_INCREMENT, AUTO_INCREMENT=13;
--
-- AUTO_INCREMENT for table `applicant_document`
--
ALTER TABLE `applicant_document`
  MODIFY `id` int(10) UNSIGNED NOT NULL AUTO_INCREMENT, AUTO_INCREMENT=4;
--
-- AUTO_INCREMENT for table `applicant_enrollment`
--
ALTER TABLE `applicant_enrollment`
  MODIFY `id` int(10) UNSIGNED NOT NULL AUTO_INCREMENT, AUTO_INCREMENT=7;
--
-- AUTO_INCREMENT for table `applicant_exam_settings`
--
ALTER TABLE `applicant_exam_settings`
  MODIFY `id` int(10) UNSIGNED NOT NULL AUTO_INCREMENT, AUTO_INCREMENT=4;
--
-- AUTO_INCREMENT for table `applicant_fees`
--
ALTER TABLE `applicant_fees`
  MODIFY `id` int(10) UNSIGNED NOT NULL AUTO_INCREMENT, AUTO_INCREMENT=7;
--
-- AUTO_INCREMENT for table `applicant_follow_ups`
--
ALTER TABLE `applicant_follow_ups`
  MODIFY `id` int(10) UNSIGNED NOT NULL AUTO_INCREMENT;
--
-- AUTO_INCREMENT for table `applicant_grades`
--
ALTER TABLE `applicant_grades`
  MODIFY `id` int(10) UNSIGNED NOT NULL AUTO_INCREMENT, AUTO_INCREMENT=24;
--
-- AUTO_INCREMENT for table `applicant_information`
--
ALTER TABLE `applicant_information`
  MODIFY `id` int(10) UNSIGNED NOT NULL AUTO_INCREMENT, AUTO_INCREMENT=7;
--
-- AUTO_INCREMENT for table `applicant_merit_batch`
--
ALTER TABLE `applicant_merit_batch`
  MODIFY `id` int(10) UNSIGNED NOT NULL AUTO_INCREMENT, AUTO_INCREMENT=3;
--
-- AUTO_INCREMENT for table `applicant_results`
--
ALTER TABLE `applicant_results`
  MODIFY `id` int(10) UNSIGNED NOT NULL AUTO_INCREMENT, AUTO_INCREMENT=13;
--
-- AUTO_INCREMENT for table `applicant_user`
--
ALTER TABLE `applicant_user`
  MODIFY `id` int(10) UNSIGNED NOT NULL AUTO_INCREMENT, AUTO_INCREMENT=7;
--
-- AUTO_INCREMENT for table `audits`
--
ALTER TABLE `audits`
  MODIFY `id` int(10) UNSIGNED NOT NULL AUTO_INCREMENT, AUTO_INCREMENT=299;
--
-- AUTO_INCREMENT for table `auto_sms_module`
--
ALTER TABLE `auto_sms_module`
  MODIFY `id` int(10) UNSIGNED NOT NULL AUTO_INCREMENT, AUTO_INCREMENT=4;
--
-- AUTO_INCREMENT for table `auto_sms_settings`
--
ALTER TABLE `auto_sms_settings`
  MODIFY `id` int(10) UNSIGNED NOT NULL AUTO_INCREMENT, AUTO_INCREMENT=4;
--
-- AUTO_INCREMENT for table `batch`
--
ALTER TABLE `batch`
  MODIFY `id` int(10) UNSIGNED NOT NULL AUTO_INCREMENT, AUTO_INCREMENT=8;
--
-- AUTO_INCREMENT for table `book`
--
ALTER TABLE `book`
  MODIFY `id` int(10) UNSIGNED NOT NULL AUTO_INCREMENT;
--
-- AUTO_INCREMENT for table `book_category`
--
ALTER TABLE `book_category`
  MODIFY `id` int(10) UNSIGNED NOT NULL AUTO_INCREMENT;
--
-- AUTO_INCREMENT for table `book_shelf`
--
ALTER TABLE `book_shelf`
  MODIFY `id` int(10) UNSIGNED NOT NULL AUTO_INCREMENT;
--
-- AUTO_INCREMENT for table `book_vendor`
--
ALTER TABLE `book_vendor`
  MODIFY `id` int(10) UNSIGNED NOT NULL AUTO_INCREMENT;
--
-- AUTO_INCREMENT for table `class_periods`
--
ALTER TABLE `class_periods`
  MODIFY `id` int(10) UNSIGNED NOT NULL AUTO_INCREMENT, AUTO_INCREMENT=14;
--
-- AUTO_INCREMENT for table `class_period_categories`
--
ALTER TABLE `class_period_categories`
  MODIFY `id` int(10) UNSIGNED NOT NULL AUTO_INCREMENT, AUTO_INCREMENT=7;
--
-- AUTO_INCREMENT for table `class_section_period`
--
ALTER TABLE `class_section_period`
  MODIFY `id` int(10) UNSIGNED NOT NULL AUTO_INCREMENT, AUTO_INCREMENT=45;
--
-- AUTO_INCREMENT for table `class_subjects`
--
ALTER TABLE `class_subjects`
  MODIFY `id` int(10) UNSIGNED NOT NULL AUTO_INCREMENT, AUTO_INCREMENT=10;
--
-- AUTO_INCREMENT for table `class_subject_teachers`
--
ALTER TABLE `class_subject_teachers`
  MODIFY `id` int(10) UNSIGNED NOT NULL AUTO_INCREMENT, AUTO_INCREMENT=8;
--
-- AUTO_INCREMENT for table `class_subject_teacher_timetables`
--
ALTER TABLE `class_subject_teacher_timetables`
  MODIFY `id` int(10) UNSIGNED NOT NULL AUTO_INCREMENT;
--
-- AUTO_INCREMENT for table `class_timetables`
--
ALTER TABLE `class_timetables`
  MODIFY `id` int(10) UNSIGNED NOT NULL AUTO_INCREMENT, AUTO_INCREMENT=26;
--
-- AUTO_INCREMENT for table `contents`
--
ALTER TABLE `contents`
  MODIFY `id` int(10) UNSIGNED NOT NULL AUTO_INCREMENT, AUTO_INCREMENT=35;
--
-- AUTO_INCREMENT for table `cup_board_shelf`
--
ALTER TABLE `cup_board_shelf`
  MODIFY `id` int(10) UNSIGNED NOT NULL AUTO_INCREMENT;
--
-- AUTO_INCREMENT for table `employee_attachments`
--
ALTER TABLE `employee_attachments`
  MODIFY `id` int(10) UNSIGNED NOT NULL AUTO_INCREMENT, AUTO_INCREMENT=2;
--
-- AUTO_INCREMENT for table `employee_departments`
--
ALTER TABLE `employee_departments`
  MODIFY `id` int(10) UNSIGNED NOT NULL AUTO_INCREMENT, AUTO_INCREMENT=11;
--
-- AUTO_INCREMENT for table `employee_designations`
--
ALTER TABLE `employee_designations`
  MODIFY `id` int(10) UNSIGNED NOT NULL AUTO_INCREMENT, AUTO_INCREMENT=10;
--
-- AUTO_INCREMENT for table `employee_guardians`
--
ALTER TABLE `employee_guardians`
  MODIFY `id` int(10) UNSIGNED NOT NULL AUTO_INCREMENT;
--
-- AUTO_INCREMENT for table `employee_informations`
--
ALTER TABLE `employee_informations`
  MODIFY `id` int(10) UNSIGNED NOT NULL AUTO_INCREMENT, AUTO_INCREMENT=25;
--
-- AUTO_INCREMENT for table `employee_leave_entitlements`
--
ALTER TABLE `employee_leave_entitlements`
  MODIFY `id` int(10) UNSIGNED NOT NULL AUTO_INCREMENT;
--
-- AUTO_INCREMENT for table `employee_leave_structures`
--
ALTER TABLE `employee_leave_structures`
  MODIFY `id` int(10) UNSIGNED NOT NULL AUTO_INCREMENT, AUTO_INCREMENT=5;
--
-- AUTO_INCREMENT for table `employee_leave_structure_type`
--
ALTER TABLE `employee_leave_structure_type`
  MODIFY `id` int(10) UNSIGNED NOT NULL AUTO_INCREMENT, AUTO_INCREMENT=10;
--
-- AUTO_INCREMENT for table `employee_leave_types`
--
ALTER TABLE `employee_leave_types`
  MODIFY `id` int(10) UNSIGNED NOT NULL AUTO_INCREMENT, AUTO_INCREMENT=4;
--
-- AUTO_INCREMENT for table `fees`
--
ALTER TABLE `fees`
  MODIFY `id` int(10) UNSIGNED NOT NULL AUTO_INCREMENT, AUTO_INCREMENT=13;
--
-- AUTO_INCREMENT for table `fees_collection`
--
ALTER TABLE `fees_collection`
  MODIFY `id` int(10) UNSIGNED NOT NULL AUTO_INCREMENT;
--
-- AUTO_INCREMENT for table `fees_discount`
--
ALTER TABLE `fees_discount`
  MODIFY `id` int(10) UNSIGNED NOT NULL AUTO_INCREMENT, AUTO_INCREMENT=10;
--
-- AUTO_INCREMENT for table `fees_invoices`
--
ALTER TABLE `fees_invoices`
  MODIFY `id` int(10) UNSIGNED NOT NULL AUTO_INCREMENT, AUTO_INCREMENT=18;
--
-- AUTO_INCREMENT for table `fees_item`
--
ALTER TABLE `fees_item`
  MODIFY `id` int(10) UNSIGNED NOT NULL AUTO_INCREMENT, AUTO_INCREMENT=14;
--
-- AUTO_INCREMENT for table `fee_type`
--
ALTER TABLE `fee_type`
  MODIFY `id` int(10) UNSIGNED NOT NULL AUTO_INCREMENT, AUTO_INCREMENT=2;
--
-- AUTO_INCREMENT for table `institute_language`
--
ALTER TABLE `institute_language`
  MODIFY `id` int(10) UNSIGNED NOT NULL AUTO_INCREMENT;
--
-- AUTO_INCREMENT for table `invoice_payment`
--
ALTER TABLE `invoice_payment`
  MODIFY `id` int(10) UNSIGNED NOT NULL AUTO_INCREMENT, AUTO_INCREMENT=21;
--
-- AUTO_INCREMENT for table `issue_book`
--
ALTER TABLE `issue_book`
  MODIFY `id` int(10) UNSIGNED NOT NULL AUTO_INCREMENT;
--
-- AUTO_INCREMENT for table `jobs`
--
ALTER TABLE `jobs`
  MODIFY `id` bigint(20) UNSIGNED NOT NULL AUTO_INCREMENT, AUTO_INCREMENT=60;
--
-- AUTO_INCREMENT for table `language`
--
ALTER TABLE `language`
  MODIFY `id` int(10) UNSIGNED NOT NULL AUTO_INCREMENT, AUTO_INCREMENT=3;
--
-- AUTO_INCREMENT for table `migrations`
--
ALTER TABLE `migrations`
  MODIFY `id` int(10) UNSIGNED NOT NULL AUTO_INCREMENT, AUTO_INCREMENT=224;
--
-- AUTO_INCREMENT for table `notice`
--
ALTER TABLE `notice`
  MODIFY `id` int(10) UNSIGNED NOT NULL AUTO_INCREMENT, AUTO_INCREMENT=12;
--
-- AUTO_INCREMENT for table `payment_extra`
--
ALTER TABLE `payment_extra`
  MODIFY `id` int(10) UNSIGNED NOT NULL AUTO_INCREMENT, AUTO_INCREMENT=4;
--
-- AUTO_INCREMENT for table `payment_method`
--
ALTER TABLE `payment_method`
  MODIFY `id` int(10) UNSIGNED NOT NULL AUTO_INCREMENT, AUTO_INCREMENT=3;
--
-- AUTO_INCREMENT for table `permissions`
--
ALTER TABLE `permissions`
  MODIFY `id` int(10) UNSIGNED NOT NULL AUTO_INCREMENT, AUTO_INCREMENT=126;
--
-- AUTO_INCREMENT for table `roles`
--
ALTER TABLE `roles`
  MODIFY `id` int(10) UNSIGNED NOT NULL AUTO_INCREMENT, AUTO_INCREMENT=6;
--
-- AUTO_INCREMENT for table `room_category`
--
ALTER TABLE `room_category`
  MODIFY `id` int(10) UNSIGNED NOT NULL AUTO_INCREMENT;
--
-- AUTO_INCREMENT for table `room_master`
--
ALTER TABLE `room_master`
  MODIFY `id` int(10) UNSIGNED NOT NULL AUTO_INCREMENT;
--
-- AUTO_INCREMENT for table `schedule_log`
--
ALTER TABLE `schedule_log`
  MODIFY `id` int(10) UNSIGNED NOT NULL AUTO_INCREMENT;
--
-- AUTO_INCREMENT for table `section`
--
ALTER TABLE `section`
  MODIFY `id` int(10) UNSIGNED NOT NULL AUTO_INCREMENT, AUTO_INCREMENT=14;
--
-- AUTO_INCREMENT for table `setting_campus`
--
ALTER TABLE `setting_campus`
  MODIFY `id` int(10) UNSIGNED NOT NULL AUTO_INCREMENT, AUTO_INCREMENT=2;
--
-- AUTO_INCREMENT for table `setting_city`
--
ALTER TABLE `setting_city`
  MODIFY `id` int(10) UNSIGNED NOT NULL AUTO_INCREMENT, AUTO_INCREMENT=10;
--
-- AUTO_INCREMENT for table `setting_country`
--
ALTER TABLE `setting_country`
  MODIFY `id` int(10) UNSIGNED NOT NULL AUTO_INCREMENT, AUTO_INCREMENT=10;
--
-- AUTO_INCREMENT for table `setting_institute`
--
ALTER TABLE `setting_institute`
  MODIFY `id` int(10) UNSIGNED NOT NULL AUTO_INCREMENT, AUTO_INCREMENT=4;
--
-- AUTO_INCREMENT for table `setting_inst_prop`
--
ALTER TABLE `setting_inst_prop`
  MODIFY `id` int(10) UNSIGNED NOT NULL AUTO_INCREMENT, AUTO_INCREMENT=2;
--
-- AUTO_INCREMENT for table `setting_menus`
--
ALTER TABLE `setting_menus`
  MODIFY `id` int(10) UNSIGNED NOT NULL AUTO_INCREMENT, AUTO_INCREMENT=27;
--
-- AUTO_INCREMENT for table `setting_modules`
--
ALTER TABLE `setting_modules`
  MODIFY `id` int(10) UNSIGNED NOT NULL AUTO_INCREMENT, AUTO_INCREMENT=52;
--
-- AUTO_INCREMENT for table `setting_state`
--
ALTER TABLE `setting_state`
  MODIFY `id` int(10) UNSIGNED NOT NULL AUTO_INCREMENT, AUTO_INCREMENT=13;
--
-- AUTO_INCREMENT for table `sms_batch`
--
ALTER TABLE `sms_batch`
  MODIFY `id` int(10) UNSIGNED NOT NULL AUTO_INCREMENT, AUTO_INCREMENT=2;
--
-- AUTO_INCREMENT for table `sms_credit`
--
ALTER TABLE `sms_credit`
  MODIFY `id` int(10) UNSIGNED NOT NULL AUTO_INCREMENT;
--
-- AUTO_INCREMENT for table `sms_institution_getway`
--
ALTER TABLE `sms_institution_getway`
  MODIFY `id` int(10) UNSIGNED NOT NULL AUTO_INCREMENT, AUTO_INCREMENT=3;
--
-- AUTO_INCREMENT for table `sms_log`
--
ALTER TABLE `sms_log`
  MODIFY `id` int(10) UNSIGNED NOT NULL AUTO_INCREMENT, AUTO_INCREMENT=47;
--
-- AUTO_INCREMENT for table `sms_message`
--
ALTER TABLE `sms_message`
  MODIFY `id` int(10) UNSIGNED NOT NULL AUTO_INCREMENT, AUTO_INCREMENT=38;
--
-- AUTO_INCREMENT for table `sms_status`
--
ALTER TABLE `sms_status`
  MODIFY `id` int(10) UNSIGNED NOT NULL AUTO_INCREMENT;
--
-- AUTO_INCREMENT for table `sms_template`
--
ALTER TABLE `sms_template`
  MODIFY `id` int(10) UNSIGNED NOT NULL AUTO_INCREMENT, AUTO_INCREMENT=4;
--
-- AUTO_INCREMENT for table `student_attachments`
--
ALTER TABLE `student_attachments`
  MODIFY `id` int(10) UNSIGNED NOT NULL AUTO_INCREMENT, AUTO_INCREMENT=5;
--
-- AUTO_INCREMENT for table `student_enrollments`
--
ALTER TABLE `student_enrollments`
  MODIFY `id` int(10) UNSIGNED NOT NULL AUTO_INCREMENT, AUTO_INCREMENT=40;
--
-- AUTO_INCREMENT for table `student_enrollment_history`
--
ALTER TABLE `student_enrollment_history`
  MODIFY `id` int(10) UNSIGNED NOT NULL AUTO_INCREMENT, AUTO_INCREMENT=253;
--
-- AUTO_INCREMENT for table `student_grades`
--
ALTER TABLE `student_grades`
  MODIFY `id` int(10) UNSIGNED NOT NULL AUTO_INCREMENT, AUTO_INCREMENT=53;
--
-- AUTO_INCREMENT for table `student_guardians`
--
ALTER TABLE `student_guardians`
  MODIFY `id` int(10) UNSIGNED NOT NULL AUTO_INCREMENT, AUTO_INCREMENT=5;
--
-- AUTO_INCREMENT for table `student_informations`
--
ALTER TABLE `student_informations`
  MODIFY `id` int(10) UNSIGNED NOT NULL AUTO_INCREMENT, AUTO_INCREMENT=41;
--
-- AUTO_INCREMENT for table `student_marks`
--
ALTER TABLE `student_marks`
  MODIFY `id` int(10) UNSIGNED NOT NULL AUTO_INCREMENT, AUTO_INCREMENT=60;
--
-- AUTO_INCREMENT for table `student_parents`
--
ALTER TABLE `student_parents`
  MODIFY `id` int(10) UNSIGNED NOT NULL AUTO_INCREMENT, AUTO_INCREMENT=35;
--
-- AUTO_INCREMENT for table `subject`
--
ALTER TABLE `subject`
  MODIFY `id` int(10) UNSIGNED NOT NULL AUTO_INCREMENT, AUTO_INCREMENT=10;
--
-- AUTO_INCREMENT for table `users`
--
ALTER TABLE `users`
  MODIFY `id` int(10) UNSIGNED NOT NULL AUTO_INCREMENT, AUTO_INCREMENT=91;
--
-- Constraints for dumped tables
--

--
-- Constraints for table `academics_assessments`
--
ALTER TABLE `academics_assessments`
  ADD CONSTRAINT `academics_assessments_grade_id_foreign` FOREIGN KEY (`grade_id`) REFERENCES `academics_grades` (`id`) ON DELETE CASCADE,
  ADD CONSTRAINT `academics_assessments_grading_category_id_foreign` FOREIGN KEY (`grading_category_id`) REFERENCES `academics_grade_categories` (`id`) ON DELETE CASCADE;

--
-- Constraints for table `academics_grades`
--
ALTER TABLE `academics_grades`
  ADD CONSTRAINT `academics_grades_grade_scale_id_foreign` FOREIGN KEY (`grade_scale_id`) REFERENCES `academics_grade_scales` (`id`) ON DELETE CASCADE;

--
-- Constraints for table `academics_grade_details`
--
ALTER TABLE `academics_grade_details`
  ADD CONSTRAINT `academics_grade_details_grade_id_foreign` FOREIGN KEY (`grade_id`) REFERENCES `academics_grades` (`id`) ON DELETE CASCADE;

--
-- Constraints for table `academics_level`
--
ALTER TABLE `academics_level`
  ADD CONSTRAINT `academics_level_academics_year_id_foreign` FOREIGN KEY (`academics_year_id`) REFERENCES `academics_year` (`id`) ON DELETE CASCADE;

--
-- Constraints for table `academics_syllabus`
--
ALTER TABLE `academics_syllabus`
  ADD CONSTRAINT `academics_syllabus_academic_level_foreign` FOREIGN KEY (`academic_level`) REFERENCES `academics_level` (`id`) ON DELETE CASCADE,
  ADD CONSTRAINT `academics_syllabus_academic_year_foreign` FOREIGN KEY (`academic_year`) REFERENCES `academics_year` (`id`) ON DELETE CASCADE,
  ADD CONSTRAINT `academics_syllabus_batch_foreign` FOREIGN KEY (`batch`) REFERENCES `batch` (`id`) ON DELETE CASCADE,
  ADD CONSTRAINT `academics_syllabus_campus_id_foreign` FOREIGN KEY (`campus_id`) REFERENCES `setting_campus` (`id`) ON DELETE CASCADE,
  ADD CONSTRAINT `academics_syllabus_institute_id_foreign` FOREIGN KEY (`institute_id`) REFERENCES `setting_institute` (`id`) ON DELETE CASCADE,
  ADD CONSTRAINT `academics_syllabus_section_foreign` FOREIGN KEY (`section`) REFERENCES `section` (`id`) ON DELETE CASCADE;

--
-- Constraints for table `academics_year`
--
ALTER TABLE `academics_year`
  ADD CONSTRAINT `academics_year_campus_id_foreign` FOREIGN KEY (`campus_id`) REFERENCES `setting_campus` (`id`) ON DELETE CASCADE ON UPDATE CASCADE,
  ADD CONSTRAINT `academics_year_institute_id_foreign` FOREIGN KEY (`institute_id`) REFERENCES `setting_institute` (`id`) ON DELETE CASCADE ON UPDATE CASCADE;

--
-- Constraints for table `addresses`
--
ALTER TABLE `addresses`
  ADD CONSTRAINT `addresses_city_id_foreign` FOREIGN KEY (`city_id`) REFERENCES `setting_city` (`id`) ON DELETE CASCADE,
  ADD CONSTRAINT `addresses_country_id_foreign` FOREIGN KEY (`country_id`) REFERENCES `setting_country` (`id`) ON DELETE CASCADE,
  ADD CONSTRAINT `addresses_state_id_foreign` FOREIGN KEY (`state_id`) REFERENCES `setting_state` (`id`) ON DELETE CASCADE,
  ADD CONSTRAINT `addresses_user_id_foreign` FOREIGN KEY (`user_id`) REFERENCES `users` (`id`) ON DELETE CASCADE;

--
-- Constraints for table `applicant_address`
--
ALTER TABLE `applicant_address`
  ADD CONSTRAINT `applicant_address_applicant_id_foreign` FOREIGN KEY (`applicant_id`) REFERENCES `applicant_user` (`id`) ON DELETE CASCADE,
  ADD CONSTRAINT `applicant_address_city_id_foreign` FOREIGN KEY (`city_id`) REFERENCES `setting_city` (`id`) ON DELETE CASCADE,
  ADD CONSTRAINT `applicant_address_country_id_foreign` FOREIGN KEY (`country_id`) REFERENCES `setting_country` (`id`) ON DELETE CASCADE,
  ADD CONSTRAINT `applicant_address_state_id_foreign` FOREIGN KEY (`state_id`) REFERENCES `setting_state` (`id`) ON DELETE CASCADE;

--
-- Constraints for table `applicant_document`
--
ALTER TABLE `applicant_document`
  ADD CONSTRAINT `applicant_document_applicant_id_foreign` FOREIGN KEY (`applicant_id`) REFERENCES `applicant_user` (`id`) ON DELETE CASCADE;

--
-- Constraints for table `applicant_enrollment`
--
ALTER TABLE `applicant_enrollment`
  ADD CONSTRAINT `applicant_enrollment_academic_level_foreign` FOREIGN KEY (`academic_level`) REFERENCES `academics_level` (`id`) ON DELETE CASCADE,
  ADD CONSTRAINT `applicant_enrollment_academic_year_foreign` FOREIGN KEY (`academic_year`) REFERENCES `academics_year` (`id`) ON DELETE CASCADE,
  ADD CONSTRAINT `applicant_enrollment_applicant_id_foreign` FOREIGN KEY (`applicant_id`) REFERENCES `applicant_user` (`id`) ON DELETE CASCADE,
  ADD CONSTRAINT `applicant_enrollment_batch_foreign` FOREIGN KEY (`batch`) REFERENCES `batch` (`id`) ON DELETE CASCADE;

--
-- Constraints for table `applicant_exam_settings`
--
ALTER TABLE `applicant_exam_settings`
  ADD CONSTRAINT `applicant_fees_settings_academic_level_foreign` FOREIGN KEY (`academic_level`) REFERENCES `academics_level` (`id`) ON DELETE CASCADE,
  ADD CONSTRAINT `applicant_fees_settings_academic_year_foreign` FOREIGN KEY (`academic_year`) REFERENCES `academics_year` (`id`) ON DELETE CASCADE,
  ADD CONSTRAINT `applicant_fees_settings_batch_foreign` FOREIGN KEY (`batch`) REFERENCES `batch` (`id`) ON DELETE CASCADE,
  ADD CONSTRAINT `applicant_fees_settings_campus_id_foreign` FOREIGN KEY (`campus_id`) REFERENCES `setting_campus` (`id`) ON DELETE CASCADE,
  ADD CONSTRAINT `applicant_fees_settings_institute_id_foreign` FOREIGN KEY (`institute_id`) REFERENCES `setting_institute` (`id`) ON DELETE CASCADE,
  ADD CONSTRAINT `applicant_fees_settings_section_foreign` FOREIGN KEY (`section`) REFERENCES `section` (`id`) ON DELETE CASCADE;

--
-- Constraints for table `applicant_fees`
--
ALTER TABLE `applicant_fees`
  ADD CONSTRAINT `applicant_fees_applicant_id_foreign` FOREIGN KEY (`applicant_id`) REFERENCES `applicant_user` (`id`) ON DELETE CASCADE,
  ADD CONSTRAINT `applicant_fees_campus_id_foreign` FOREIGN KEY (`campus_id`) REFERENCES `setting_campus` (`id`) ON DELETE CASCADE,
  ADD CONSTRAINT `applicant_fees_institute_id_foreign` FOREIGN KEY (`institute_id`) REFERENCES `setting_institute` (`id`) ON DELETE CASCADE;

--
-- Constraints for table `applicant_grades`
--
ALTER TABLE `applicant_grades`
  ADD CONSTRAINT `applicant_grades_academic_level_foreign` FOREIGN KEY (`academic_level`) REFERENCES `academics_level` (`id`) ON DELETE CASCADE,
  ADD CONSTRAINT `applicant_grades_academic_year_foreign` FOREIGN KEY (`academic_year`) REFERENCES `academics_year` (`id`) ON DELETE CASCADE,
  ADD CONSTRAINT `applicant_grades_applicant_id_foreign` FOREIGN KEY (`applicant_id`) REFERENCES `applicant_user` (`id`) ON DELETE CASCADE,
  ADD CONSTRAINT `applicant_grades_batch_foreign` FOREIGN KEY (`batch`) REFERENCES `batch` (`id`) ON DELETE CASCADE,
  ADD CONSTRAINT `applicant_grades_campus_id_foreign` FOREIGN KEY (`campus_id`) REFERENCES `setting_campus` (`id`) ON DELETE CASCADE,
  ADD CONSTRAINT `applicant_grades_institute_id_foreign` FOREIGN KEY (`institute_id`) REFERENCES `setting_institute` (`id`) ON DELETE CASCADE;

--
-- Constraints for table `applicant_information`
--
ALTER TABLE `applicant_information`
  ADD CONSTRAINT `applicant_information_applicant_id_foreign` FOREIGN KEY (`applicant_id`) REFERENCES `applicant_user` (`id`) ON DELETE CASCADE;

--
-- Constraints for table `applicant_merit_batch`
--
ALTER TABLE `applicant_merit_batch`
  ADD CONSTRAINT `applicant_merit_batch_academic_batch_foreign` FOREIGN KEY (`batch`) REFERENCES `batch` (`id`) ON DELETE CASCADE,
  ADD CONSTRAINT `applicant_merit_batch_academic_level_foreign` FOREIGN KEY (`academic_level`) REFERENCES `academics_level` (`id`) ON DELETE CASCADE,
  ADD CONSTRAINT `applicant_merit_batch_academic_year_foreign` FOREIGN KEY (`academic_year`) REFERENCES `academics_year` (`id`) ON DELETE CASCADE,
  ADD CONSTRAINT `applicant_merit_batch_campus_id_foreign` FOREIGN KEY (`campus_id`) REFERENCES `setting_campus` (`id`) ON DELETE CASCADE,
  ADD CONSTRAINT `applicant_merit_batch_institute_id_foreign` FOREIGN KEY (`institute_id`) REFERENCES `setting_institute` (`id`) ON DELETE CASCADE;

--
-- Constraints for table `applicant_results`
--
ALTER TABLE `applicant_results`
  ADD CONSTRAINT `applicant_results_academic_level_foreign` FOREIGN KEY (`academic_level`) REFERENCES `academics_level` (`id`) ON DELETE CASCADE,
  ADD CONSTRAINT `applicant_results_academic_year_foreign` FOREIGN KEY (`academic_year`) REFERENCES `academics_year` (`id`) ON DELETE CASCADE,
  ADD CONSTRAINT `applicant_results_applicant_id_foreign` FOREIGN KEY (`applicant_id`) REFERENCES `applicant_user` (`id`) ON DELETE CASCADE,
  ADD CONSTRAINT `applicant_results_batch_foreign` FOREIGN KEY (`batch`) REFERENCES `batch` (`id`) ON DELETE CASCADE,
  ADD CONSTRAINT `applicant_results_campus_id_foreign` FOREIGN KEY (`campus_id`) REFERENCES `setting_campus` (`id`) ON DELETE CASCADE,
  ADD CONSTRAINT `applicant_results_institute_id_foreign` FOREIGN KEY (`institute_id`) REFERENCES `setting_institute` (`id`) ON DELETE CASCADE;

--
-- Constraints for table `applicant_user`
--
ALTER TABLE `applicant_user`
  ADD CONSTRAINT `applicant_user_campus_id_foreign` FOREIGN KEY (`campus_id`) REFERENCES `setting_campus` (`id`) ON DELETE CASCADE,
  ADD CONSTRAINT `applicant_user_institute_id_foreign` FOREIGN KEY (`institute_id`) REFERENCES `setting_institute` (`id`) ON DELETE CASCADE;

--
-- Constraints for table `batch`
--
ALTER TABLE `batch`
  ADD CONSTRAINT `batch_academics_level_id_foreign` FOREIGN KEY (`academics_level_id`) REFERENCES `academics_level` (`id`) ON DELETE CASCADE,
  ADD CONSTRAINT `batch_academics_year_id_foreign` FOREIGN KEY (`academics_year_id`) REFERENCES `academics_year` (`id`) ON DELETE CASCADE,
  ADD CONSTRAINT `batch_division_id_foreign` FOREIGN KEY (`division_id`) REFERENCES `academics_division` (`id`) ON DELETE CASCADE;

--
-- Constraints for table `class_section_period`
--
ALTER TABLE `class_section_period`
  ADD CONSTRAINT `class_section_period_academic_level_foreign` FOREIGN KEY (`academic_level`) REFERENCES `academics_level` (`id`) ON DELETE CASCADE,
  ADD CONSTRAINT `class_section_period_academic_year_foreign` FOREIGN KEY (`academic_year`) REFERENCES `academics_year` (`id`) ON DELETE CASCADE,
  ADD CONSTRAINT `class_section_period_batch_foreign` FOREIGN KEY (`batch`) REFERENCES `batch` (`id`) ON DELETE CASCADE,
  ADD CONSTRAINT `class_section_period_campus_id_foreign` FOREIGN KEY (`campus_id`) REFERENCES `setting_campus` (`id`) ON DELETE CASCADE,
  ADD CONSTRAINT `class_section_period_cs_period_category_foreign` FOREIGN KEY (`cs_period_category`) REFERENCES `class_period_categories` (`id`) ON DELETE CASCADE,
  ADD CONSTRAINT `class_section_period_institute_id_foreign` FOREIGN KEY (`institute_id`) REFERENCES `setting_institute` (`id`) ON DELETE CASCADE,
  ADD CONSTRAINT `class_section_period_section_foreign` FOREIGN KEY (`section`) REFERENCES `section` (`id`) ON DELETE CASCADE;

--
-- Constraints for table `class_subjects`
--
ALTER TABLE `class_subjects`
  ADD CONSTRAINT `class_subjects_class_id_foreign` FOREIGN KEY (`class_id`) REFERENCES `batch` (`id`) ON DELETE CASCADE,
  ADD CONSTRAINT `class_subjects_section_id_foreign` FOREIGN KEY (`section_id`) REFERENCES `section` (`id`) ON DELETE CASCADE,
  ADD CONSTRAINT `class_subjects_subject_id_foreign` FOREIGN KEY (`subject_id`) REFERENCES `subject` (`id`) ON DELETE CASCADE;

--
-- Constraints for table `class_subject_teachers`
--
ALTER TABLE `class_subject_teachers`
  ADD CONSTRAINT `class_subject_teachers_class_subject_id_foreign` FOREIGN KEY (`class_subject_id`) REFERENCES `class_subjects` (`id`) ON DELETE CASCADE,
  ADD CONSTRAINT `class_subject_teachers_employee_id_foreign` FOREIGN KEY (`employee_id`) REFERENCES `employee_informations` (`id`) ON DELETE CASCADE;

--
-- Constraints for table `employee_attachments`
--
ALTER TABLE `employee_attachments`
  ADD CONSTRAINT `employee_attachments_doc_id_foreign` FOREIGN KEY (`doc_id`) REFERENCES `contents` (`id`) ON DELETE CASCADE,
  ADD CONSTRAINT `employee_attachments_emp_id_foreign` FOREIGN KEY (`emp_id`) REFERENCES `employee_informations` (`id`) ON DELETE CASCADE;

--
-- Constraints for table `employee_guardians`
--
ALTER TABLE `employee_guardians`
  ADD CONSTRAINT `employee_guardians_emp_id_foreign` FOREIGN KEY (`emp_id`) REFERENCES `employee_informations` (`id`) ON DELETE CASCADE;

--
-- Constraints for table `employee_informations`
--
ALTER TABLE `employee_informations`
  ADD CONSTRAINT `employee_informations_department_foreign` FOREIGN KEY (`department`) REFERENCES `employee_departments` (`id`) ON DELETE CASCADE,
  ADD CONSTRAINT `employee_informations_designation_foreign` FOREIGN KEY (`designation`) REFERENCES `employee_designations` (`id`) ON DELETE CASCADE,
  ADD CONSTRAINT `employee_informations_user_id_foreign` FOREIGN KEY (`user_id`) REFERENCES `users` (`id`) ON DELETE CASCADE;

--
-- Constraints for table `permission_role`
--
ALTER TABLE `permission_role`
  ADD CONSTRAINT `permission_role_permission_id_foreign` FOREIGN KEY (`permission_id`) REFERENCES `permissions` (`id`) ON DELETE CASCADE ON UPDATE CASCADE,
  ADD CONSTRAINT `permission_role_role_id_foreign` FOREIGN KEY (`role_id`) REFERENCES `roles` (`id`) ON DELETE CASCADE ON UPDATE CASCADE;

--
-- Constraints for table `role_user`
--
ALTER TABLE `role_user`
  ADD CONSTRAINT `role_user_role_id_foreign` FOREIGN KEY (`role_id`) REFERENCES `roles` (`id`) ON DELETE CASCADE ON UPDATE CASCADE,
  ADD CONSTRAINT `role_user_user_id_foreign` FOREIGN KEY (`user_id`) REFERENCES `users` (`id`) ON DELETE CASCADE ON UPDATE CASCADE;

--
-- Constraints for table `room_master`
--
ALTER TABLE `room_master`
  ADD CONSTRAINT `room_master_category_id_foreign` FOREIGN KEY (`category_id`) REFERENCES `room_category` (`id`) ON DELETE CASCADE;

--
-- Constraints for table `section`
--
ALTER TABLE `section`
  ADD CONSTRAINT `section_academics_year_id_foreign` FOREIGN KEY (`academics_year_id`) REFERENCES `academics_year` (`id`) ON DELETE CASCADE,
  ADD CONSTRAINT `section_batch_id_foreign` FOREIGN KEY (`batch_id`) REFERENCES `batch` (`id`) ON DELETE CASCADE;

--
-- Constraints for table `setting_campus`
--
ALTER TABLE `setting_campus`
  ADD CONSTRAINT `setting_campus_address_id_foreign` FOREIGN KEY (`address_id`) REFERENCES `addresses` (`id`) ON DELETE CASCADE,
  ADD CONSTRAINT `setting_campus_institute_id_foreign` FOREIGN KEY (`institute_id`) REFERENCES `setting_institute` (`id`) ON DELETE CASCADE;

--
-- Constraints for table `setting_city`
--
ALTER TABLE `setting_city`
  ADD CONSTRAINT `setting_city_country_id_foreign` FOREIGN KEY (`country_id`) REFERENCES `setting_country` (`id`) ON DELETE CASCADE,
  ADD CONSTRAINT `setting_city_state_id_foreign` FOREIGN KEY (`state_id`) REFERENCES `setting_state` (`id`) ON DELETE CASCADE;

--
-- Constraints for table `setting_institute_modules`
--
ALTER TABLE `setting_institute_modules`
  ADD CONSTRAINT `setting_institute_modules_institute_id_foreign` FOREIGN KEY (`institute_id`) REFERENCES `setting_institute` (`id`) ON DELETE CASCADE ON UPDATE CASCADE,
  ADD CONSTRAINT `setting_institute_modules_module_id_foreign` FOREIGN KEY (`module_id`) REFERENCES `setting_modules` (`id`) ON DELETE CASCADE ON UPDATE CASCADE;

--
-- Constraints for table `setting_menu_permission`
--
ALTER TABLE `setting_menu_permission`
  ADD CONSTRAINT `setting_menu_permission_menu_id_foreign` FOREIGN KEY (`menu_id`) REFERENCES `setting_menus` (`id`) ON DELETE CASCADE ON UPDATE CASCADE,
  ADD CONSTRAINT `setting_menu_permission_permission_id_foreign` FOREIGN KEY (`permission_id`) REFERENCES `permissions` (`id`) ON DELETE CASCADE ON UPDATE CASCADE;

--
-- Constraints for table `setting_state`
--
ALTER TABLE `setting_state`
  ADD CONSTRAINT `setting_state_country_id_foreign` FOREIGN KEY (`country_id`) REFERENCES `setting_country` (`id`) ON DELETE CASCADE;

--
-- Constraints for table `student_attachments`
--
ALTER TABLE `student_attachments`
  ADD CONSTRAINT `student_attachments_doc_id_foreign` FOREIGN KEY (`doc_id`) REFERENCES `contents` (`id`) ON DELETE CASCADE,
  ADD CONSTRAINT `student_attachments_std_id_foreign` FOREIGN KEY (`std_id`) REFERENCES `student_informations` (`id`) ON DELETE CASCADE;

--
-- Constraints for table `student_enrollments`
--
ALTER TABLE `student_enrollments`
  ADD CONSTRAINT `student_enrollments_academic_level_foreign` FOREIGN KEY (`academic_level`) REFERENCES `academics_level` (`id`),
  ADD CONSTRAINT `student_enrollments_academic_year_foreign` FOREIGN KEY (`academic_year`) REFERENCES `academics_year` (`id`),
  ADD CONSTRAINT `student_enrollments_admission_year_foreign` FOREIGN KEY (`admission_year`) REFERENCES `academics_admissionyear` (`id`),
  ADD CONSTRAINT `student_enrollments_batch_foreign` FOREIGN KEY (`batch`) REFERENCES `batch` (`id`),
  ADD CONSTRAINT `student_enrollments_section_foreign` FOREIGN KEY (`section`) REFERENCES `section` (`id`),
  ADD CONSTRAINT `student_enrollments_std_id_foreign` FOREIGN KEY (`std_id`) REFERENCES `student_informations` (`id`);

--
-- Constraints for table `student_enrollment_history`
--
ALTER TABLE `student_enrollment_history`
  ADD CONSTRAINT `student_enrollment_history_academic_level_foreign` FOREIGN KEY (`academic_level`) REFERENCES `academics_level` (`id`) ON DELETE CASCADE,
  ADD CONSTRAINT `student_enrollment_history_academic_year_foreign` FOREIGN KEY (`academic_year`) REFERENCES `academics_year` (`id`) ON DELETE CASCADE,
  ADD CONSTRAINT `student_enrollment_history_batch_foreign` FOREIGN KEY (`batch`) REFERENCES `batch` (`id`) ON DELETE CASCADE,
  ADD CONSTRAINT `student_enrollment_history_enroll_id_foreign` FOREIGN KEY (`enroll_id`) REFERENCES `student_enrollments` (`id`) ON DELETE CASCADE,
  ADD CONSTRAINT `student_enrollment_history_section_foreign` FOREIGN KEY (`section`) REFERENCES `section` (`id`) ON DELETE CASCADE;

--
-- Constraints for table `student_guardians`
--
ALTER TABLE `student_guardians`
  ADD CONSTRAINT `student_guardians_std_id_foreign` FOREIGN KEY (`std_id`) REFERENCES `student_informations` (`id`) ON DELETE CASCADE;

--
-- Constraints for table `student_informations`
--
ALTER TABLE `student_informations`
  ADD CONSTRAINT `student_informations_user_id_foreign` FOREIGN KEY (`user_id`) REFERENCES `users` (`id`) ON DELETE CASCADE;

--
-- Constraints for table `student_parents`
--
ALTER TABLE `student_parents`
  ADD CONSTRAINT `student_parents_gud_id_foreign` FOREIGN KEY (`gud_id`) REFERENCES `student_guardians` (`id`) ON DELETE CASCADE,
  ADD CONSTRAINT `student_parents_std_id_foreign` FOREIGN KEY (`std_id`) REFERENCES `student_informations` (`id`) ON DELETE CASCADE,
  ADD CONSTRAINT `student_parents_user_id_foreign` FOREIGN KEY (`user_id`) REFERENCES `users` (`id`) ON DELETE CASCADE;

--
-- Constraints for table `user_institution_campus`
--
ALTER TABLE `user_institution_campus`
  ADD CONSTRAINT `user_institution_campus_campus_id_foreign` FOREIGN KEY (`campus_id`) REFERENCES `setting_campus` (`id`) ON DELETE CASCADE ON UPDATE CASCADE,
  ADD CONSTRAINT `user_institution_campus_institute_id_foreign` FOREIGN KEY (`institute_id`) REFERENCES `setting_institute` (`id`) ON DELETE CASCADE ON UPDATE CASCADE,
  ADD CONSTRAINT `user_institution_campus_user_id_foreign` FOREIGN KEY (`user_id`) REFERENCES `users` (`id`) ON DELETE CASCADE ON UPDATE CASCADE;

/*!40101 SET CHARACTER_SET_CLIENT=@OLD_CHARACTER_SET_CLIENT */;
/*!40101 SET CHARACTER_SET_RESULTS=@OLD_CHARACTER_SET_RESULTS */;
/*!40101 SET COLLATION_CONNECTION=@OLD_COLLATION_CONNECTION */;
